sale_id,sale_date,customer_name,customer_segment,model,city,color,fuel_type,transmission,sales_channel,quantity,unit_price,discount_percent,revenue,discount_amount,net_sales
1,2023-12-01,Joyce Mullins,Luxury,BMW 5 Series,Chennai,White,Diesel,Automatic,Corporate,2,8055144.0,2.0,16110288.0,322205.76,15788082.24
2,2024-10-23,Christie Lara,Individual,BMW i5,Bangalore,Black,Petrol,Automatic,Corporate,2,10238352.0,0.0,20476704.0,0.0,20476704.0
3,2023-09-17,Laura Tucker,Corporate,BMW i7,Chennai,Silver,Hybrid,Automatic,Corporate,1,16354032.0,12.0,16354032.0,1962483.84,14391548.16
4,2024-10-31,Bruce Lopez,Individual,BMW X3,Chennai,Blue,Electric,Automatic,Online,3,6834829.0,7.0,20504487.0,1435314.09,19069172.91
5,2026-01-06,Kim Johnson,Luxury,BMW 5 Series,Bangalore,Blue,Electric,Automatic,Online,1,7296765.0,5.0,7296765.0,364838.25,6931926.75
6,2025-11-05,Tracy Leon,Luxury,BMW i5,Bangalore,Red,Electric,Manual,Dealer,2,10934193.0,0.0,21868386.0,0.0,21868386.0
7,2024-09-14,Emily Thompson,Corporate,BMW 5 Series,Chennai,Black,Diesel,Automatic,Online,1,7886769.0,5.0,7886769.0,394338.45,7492430.55
8,2024-07-23,Ms. Melanie Jimenez,Luxury,BMW i4,Pune,White,Electric,Automatic,Corporate,2,7341110.0,5.0,14682220.0,734111.0,13948109.0
9,2023-11-08,Steven Myers DDS,Luxury,BMW 7 Series,Jaipur,Grey,Electric,Automatic,Online,1,16053622.0,7.0,16053622.0,1123753.54,14929868.46
10,2024-09-09,George Rogers,Individual,BMW 3 Series,Mumbai,Grey,Electric,Automatic,Corporate,1,6223444.0,5.0,6223444.0,311172.2,5912271.8
11,2026-06-03,Benjamin Ruiz,Individual,BMW X5,Mumbai,Grey,Diesel,Manual,Dealer,2,11593927.0,12.0,23187854.0,2782542.48,20405311.52
12,2025-07-01,Andrea Bush,Individual,BMW i5,Jaipur,Grey,Hybrid,Manual,Dealer,3,9551009.0,10.0,28653027.0,2865302.7,25787724.3
13,2024-02-28,Jackson Wilcox,Luxury,BMW i5,Ahmedabad,White,Diesel,Manual,Dealer,1,9190650.0,0.0,9190650.0,0.0,9190650.0
14,2024-10-26,Clifford Gonzalez,Luxury,BMW X7,Kolkata,Blue,Petrol,Automatic,Corporate,2,14499337.0,10.0,28998674.0,2899867.4,26098806.6
15,2026-06-19,Samuel Norris,Luxury,BMW X3,Pune,White,Hybrid,Automatic,Corporate,2,6733941.0,7.0,13467882.0,942751.74,12525130.26
16,2026-03-31,Julie Clark,Individual,BMW X3,Jaipur,Silver,Electric,Automatic,Online,3,6874660.0,0.0,20623980.0,0.0,20623980.0
17,2024-06-03,Daniel Martin,Individual,BMW 7 Series,Jaipur,Blue,Hybrid,Automatic,Online,1,18448929.0,10.0,18448929.0,1844892.9,16604036.1
18,2026-05-13,Kevin Sampson,Individual,BMW X3,Mumbai,Black,Petrol,Manual,Corporate,1,6621477.0,10.0,6621477.0,662147.7,5959329.3
19,2025-11-01,Justin Martin,Luxury,BMW 7 Series,Hyderabad,Blue,Hybrid,Automatic,Corporate,3,17986957.0,2.0,53960871.0,1079217.42,52881653.58
20,2025-09-22,Edward Mills,Individual,BMW X1,Delhi,Blue,Hybrid,Manual,Dealer,3,5836747.0,12.0,17510241.0,2101228.92,15409012.08
21,2026-07-13,Joshua Owens MD,Individual,BMW X1,Bangalore,Red,Diesel,Automatic,Dealer,1,5709016.0,10.0,5709016.0,570901.6,5138114.4
22,2024-01-03,David Steele,Luxury,BMW 3 Series,Mumbai,Black,Diesel,Manual,Online,1,4641348.0,5.0,4641348.0,232067.4,4409280.6
23,2024-12-15,Mark Brown,Corporate,BMW X1,Jaipur,Red,Hybrid,Automatic,Online,3,5277478.0,10.0,15832434.0,1583243.4,14249190.6
24,2025-05-08,Lori Leblanc,Corporate,BMW X1,Bangalore,Blue,Hybrid,Manual,Corporate,3,5203278.0,7.0,15609834.0,1092688.38,14517145.62
25,2026-05-13,Corey Arnold,Individual,BMW 3 Series,Bangalore,Blue,Petrol,Automatic,Dealer,2,4627113.0,12.0,9254226.0,1110507.12,8143718.88
26,2024-05-16,Nancy Kim DDS,Individual,BMW i5,Ahmedabad,Blue,Hybrid,Automatic,Online,2,9293983.0,2.0,18587966.0,371759.32,18216206.68
27,2024-07-13,Robert Stone,Individual,BMW i5,Bangalore,Black,Petrol,Automatic,Online,3,9106091.0,10.0,27318273.0,2731827.3,24586445.7
28,2024-05-28,Jamie Price,Corporate,BMW i4,Ahmedabad,White,Hybrid,Automatic,Online,2,7448260.0,0.0,14896520.0,0.0,14896520.0
29,2026-03-01,William Nelson,Individual,BMW i4,Delhi,Red,Hybrid,Automatic,Online,3,7887110.0,12.0,23661330.0,2839359.6,20821970.4
30,2023-09-14,Adam Erickson,Individual,BMW X1,Chennai,Black,Electric,Automatic,Corporate,3,6214629.0,10.0,18643887.0,1864388.7,16779498.3
31,2024-04-14,Jesse Fletcher,Individual,BMW i4,Jaipur,Red,Petrol,Automatic,Corporate,1,8113852.0,0.0,8113852.0,0.0,8113852.0
32,2026-03-02,Susan Garcia,Corporate,BMW 5 Series,Mumbai,White,Petrol,Automatic,Corporate,1,7346778.0,10.0,7346778.0,734677.8,6612100.2
33,2026-02-25,Robert Mccarty,Corporate,BMW i7,Kochi,White,Electric,Automatic,Online,2,16192709.0,5.0,32385418.0,1619270.9,30766147.1
34,2024-04-30,Taylor Bishop,Individual,BMW 7 Series,Delhi,Black,Hybrid,Automatic,Corporate,2,17835477.0,0.0,35670954.0,0.0,35670954.0
35,2024-04-26,Timothy Montgomery,Corporate,BMW X1,Jaipur,Black,Diesel,Manual,Dealer,1,5556165.0,5.0,5556165.0,277808.25,5278356.75
36,2024-09-09,Catherine Hopkins,Luxury,BMW i4,Jaipur,Silver,Petrol,Manual,Dealer,2,8475430.0,10.0,16950860.0,1695086.0,15255774.0
37,2024-01-07,Maria Watson,Corporate,BMW 7 Series,Delhi,Red,Diesel,Manual,Corporate,1,14968285.0,12.0,14968285.0,1796194.2,13172090.8
38,2025-03-31,Robert Howard,Individual,BMW X1,Pune,Blue,Hybrid,Manual,Dealer,3,5426974.0,12.0,16280922.0,1953710.64,14327211.36
39,2025-07-27,Julie Kelly,Luxury,BMW X7,Delhi,White,Electric,Automatic,Online,1,12184913.0,5.0,12184913.0,609245.65,11575667.35
40,2025-08-09,Kathy Johnson,Corporate,BMW i5,Kolkata,Black,Diesel,Automatic,Corporate,1,10176306.0,0.0,10176306.0,0.0,10176306.0
41,2023-11-05,Miranda Olson,Corporate,BMW i5,Hyderabad,Blue,Electric,Automatic,Dealer,1,9901328.0,0.0,9901328.0,0.0,9901328.0
42,2024-01-29,Kristin Goodman,Individual,BMW X1,Bangalore,Red,Diesel,Automatic,Dealer,3,5741717.0,7.0,17225151.0,1205760.57,16019390.43
43,2026-06-29,Arthur Monroe,Individual,BMW X7,Chennai,Grey,Diesel,Manual,Corporate,3,12752293.0,5.0,38256879.0,1912843.95,36344035.05
44,2023-08-15,Tyler Powers,Corporate,BMW 5 Series,Kolkata,White,Diesel,Manual,Online,1,8329066.0,7.0,8329066.0,583034.62,7746031.38
45,2025-10-25,Gary Cantu,Individual,BMW X1,Mumbai,Grey,Electric,Manual,Online,3,5049627.0,2.0,15148881.0,302977.62,14845903.38
46,2024-11-16,Tom Lopez,Corporate,BMW X5,Jaipur,Blue,Petrol,Automatic,Dealer,3,11176372.0,10.0,33529116.0,3352911.6,30176204.4
47,2025-09-03,Audrey Huber,Corporate,BMW i7,Delhi,Grey,Electric,Manual,Corporate,1,14160462.0,10.0,14160462.0,1416046.2,12744415.8
48,2023-11-23,Brenda Schmidt,Individual,BMW i5,Bangalore,Blue,Petrol,Manual,Corporate,3,9807813.0,2.0,29423439.0,588468.78,28834970.22
49,2026-02-01,Paul Cook,Luxury,BMW i5,Mumbai,Silver,Electric,Manual,Dealer,2,9763827.0,0.0,19527654.0,0.0,19527654.0
50,2025-08-23,Amanda Scott,Luxury,BMW X3,Jaipur,Blue,Hybrid,Manual,Dealer,3,7148616.0,7.0,21445848.0,1501209.36,19944638.64
51,2024-07-22,Kathleen Thomas,Corporate,BMW X1,Kolkata,Silver,Diesel,Manual,Corporate,2,6394458.0,12.0,12788916.0,1534669.92,11254246.08
52,2024-08-27,James Thomas,Corporate,BMW 3 Series,Delhi,Red,Electric,Manual,Online,1,5101701.0,7.0,5101701.0,357119.07,4744581.93
53,2026-07-07,Aaron Campbell,Luxury,BMW X1,Jaipur,Silver,Petrol,Manual,Corporate,3,5992343.0,2.0,17977029.0,359540.58,17617488.42
54,2023-10-11,Jamie Howard,Individual,BMW i7,Pune,Blue,Diesel,Automatic,Dealer,1,14391694.0,12.0,14391694.0,1727003.28,12664690.72
55,2025-04-02,Arthur Griffin,Luxury,BMW 3 Series,Mumbai,Grey,Hybrid,Automatic,Corporate,3,5496433.0,0.0,16489299.0,0.0,16489299.0
56,2025-10-01,Denise Meyer,Corporate,BMW X7,Ahmedabad,Silver,Petrol,Automatic,Dealer,1,13676265.0,2.0,13676265.0,273525.3,13402739.7
57,2023-08-26,Levi Maldonado,Individual,BMW 7 Series,Jaipur,White,Petrol,Manual,Online,1,17896926.0,10.0,17896926.0,1789692.6,16107233.4
58,2025-03-01,Johnny Bailey,Individual,BMW i5,Jaipur,Red,Hybrid,Manual,Corporate,2,10248754.0,7.0,20497508.0,1434825.56,19062682.44
59,2024-03-23,David Johnson,Corporate,BMW i4,Ahmedabad,Blue,Hybrid,Automatic,Online,1,7543564.0,12.0,7543564.0,905227.68,6638336.32
60,2023-10-19,Jessica Thompson,Individual,BMW 5 Series,Delhi,Blue,Petrol,Automatic,Dealer,2,6991768.0,5.0,13983536.0,699176.8,13284359.2
61,2023-10-03,Katrina Chavez,Luxury,BMW X7,Hyderabad,Grey,Hybrid,Manual,Online,1,14962936.0,0.0,14962936.0,0.0,14962936.0
62,2023-12-31,Greg Jacobs,Corporate,BMW X7,Chennai,Red,Petrol,Manual,Dealer,2,12867526.0,7.0,25735052.0,1801453.64,23933598.36
63,2023-09-06,Sarah Cole,Individual,BMW X5,Delhi,Silver,Diesel,Manual,Online,2,11135722.0,10.0,22271444.0,2227144.4,20044299.6
64,2026-03-25,Michael Johnson,Corporate,BMW X7,Ahmedabad,Silver,Hybrid,Automatic,Dealer,2,12121738.0,5.0,24243476.0,1212173.8,23031302.2
65,2025-05-01,Linda Rodriguez,Luxury,BMW i7,Jaipur,Red,Petrol,Automatic,Online,2,14113105.0,10.0,28226210.0,2822621.0,25403589.0
66,2026-05-13,Maria Lewis,Corporate,BMW 7 Series,Ahmedabad,Grey,Electric,Automatic,Online,1,15524453.0,5.0,15524453.0,776222.65,14748230.35
67,2025-01-20,Nathan Morris,Luxury,BMW X5,Kolkata,Black,Hybrid,Automatic,Corporate,2,10667092.0,5.0,21334184.0,1066709.2,20267474.8
68,2024-02-12,Mark Medina,Individual,BMW 3 Series,Pune,Silver,Petrol,Automatic,Dealer,3,4970227.0,0.0,14910681.0,0.0,14910681.0
69,2026-05-28,Madison Thomas,Corporate,BMW 3 Series,Kochi,Grey,Petrol,Automatic,Corporate,1,4819568.0,2.0,4819568.0,96391.36,4723176.64
70,2025-10-26,Pamela Hunt,Corporate,BMW X3,Pune,Silver,Petrol,Automatic,Dealer,3,6851879.0,10.0,20555637.0,2055563.7,18500073.3
71,2025-01-11,Brandi Nunez,Luxury,BMW i7,Chennai,Silver,Hybrid,Manual,Dealer,2,17896035.0,10.0,35792070.0,3579207.0,32212863.0
72,2023-09-30,James Stewart,Luxury,BMW 5 Series,Kochi,Black,Electric,Automatic,Dealer,3,7948323.0,2.0,23844969.0,476899.38,23368069.62
73,2024-08-07,George Hensley,Corporate,BMW X5,Jaipur,Black,Electric,Automatic,Online,3,11296747.0,5.0,33890241.0,1694512.05,32195728.95
74,2024-10-31,Scott Stone,Individual,BMW 5 Series,Kolkata,Silver,Diesel,Manual,Corporate,3,7259563.0,7.0,21778689.0,1524508.23,20254180.77
75,2025-12-09,Joshua Valentine,Corporate,BMW i5,Delhi,Grey,Hybrid,Manual,Dealer,3,10291661.0,7.0,30874983.0,2161248.81,28713734.19
76,2025-11-14,Christy Gutierrez,Individual,BMW 5 Series,Delhi,Grey,Hybrid,Manual,Online,2,8348914.0,2.0,16697828.0,333956.56,16363871.44
77,2025-12-04,Melissa Lewis,Luxury,BMW X5,Hyderabad,Blue,Electric,Manual,Corporate,1,11544932.0,5.0,11544932.0,577246.6,10967685.4
78,2026-07-15,Michele Salinas,Corporate,BMW X3,Jaipur,Black,Diesel,Manual,Corporate,3,6521288.0,2.0,19563864.0,391277.28,19172586.72
79,2024-05-20,Michele Brown,Corporate,BMW X1,Ahmedabad,Grey,Petrol,Automatic,Dealer,3,6354556.0,7.0,19063668.0,1334456.76,17729211.24
80,2025-11-02,Michael Smith,Corporate,BMW X7,Mumbai,Blue,Hybrid,Manual,Corporate,3,13284321.0,10.0,39852963.0,3985296.3,35867666.7
81,2023-09-21,Mr. Caleb Martin,Individual,BMW i5,Pune,Blue,Electric,Manual,Dealer,3,9737800.0,7.0,29213400.0,2044938.0,27168462.0
82,2026-01-30,Gregory Graham,Individual,BMW X1,Pune,Silver,Diesel,Automatic,Corporate,3,5250724.0,10.0,15752172.0,1575217.2,14176954.8
83,2023-09-28,Nathaniel Jones,Corporate,BMW i4,Delhi,Blue,Petrol,Automatic,Dealer,3,8236453.0,10.0,24709359.0,2470935.9,22238423.1
84,2024-05-23,Kristina Richmond,Individual,BMW X5,Hyderabad,Red,Diesel,Manual,Dealer,1,10767802.0,12.0,10767802.0,1292136.24,9475665.76
85,2023-11-11,Jennifer Griffith,Luxury,BMW i5,Delhi,Grey,Petrol,Automatic,Online,1,10462590.0,12.0,10462590.0,1255510.8,9207079.2
86,2024-08-31,Megan Cunningham,Individual,BMW i4,Ahmedabad,Black,Electric,Manual,Dealer,2,7923730.0,2.0,15847460.0,316949.2,15530510.8
87,2024-02-10,Stacy Williams,Individual,BMW X7,Ahmedabad,Silver,Petrol,Automatic,Corporate,3,12310723.0,12.0,36932169.0,4431860.28,32500308.72
88,2024-11-18,Michelle Robbins,Corporate,BMW X3,Bangalore,Grey,Diesel,Manual,Online,1,7020494.0,10.0,7020494.0,702049.4,6318444.6
89,2024-09-07,Jonathan Flores,Individual,BMW X3,Kochi,Red,Petrol,Automatic,Corporate,2,7399321.0,10.0,14798642.0,1479864.2,13318777.8
90,2024-05-29,Doris Freeman,Individual,BMW X1,Delhi,White,Diesel,Automatic,Dealer,1,6385018.0,2.0,6385018.0,127700.36,6257317.64
91,2024-02-17,Mike Adams,Corporate,BMW X7,Ahmedabad,Blue,Petrol,Automatic,Corporate,3,14891432.0,7.0,44674296.0,3127200.72,41547095.28
92,2025-10-16,Erica Combs,Individual,BMW X3,Ahmedabad,Blue,Diesel,Manual,Corporate,3,6649274.0,2.0,19947822.0,398956.44,19548865.56
93,2026-03-29,Sarah Bullock,Luxury,BMW X1,Hyderabad,Black,Diesel,Manual,Corporate,1,5557071.0,0.0,5557071.0,0.0,5557071.0
94,2024-08-07,Kimberly Grant,Corporate,BMW i7,Delhi,Silver,Electric,Manual,Corporate,1,15841943.0,7.0,15841943.0,1108936.01,14733006.99
95,2024-02-16,Joanna Mason,Luxury,BMW i5,Ahmedabad,Black,Hybrid,Manual,Online,1,9918046.0,10.0,9918046.0,991804.6,8926241.4
96,2024-04-23,Vanessa Diaz,Luxury,BMW 3 Series,Bangalore,Red,Petrol,Manual,Dealer,3,4980089.0,10.0,14940267.0,1494026.7,13446240.3
97,2024-12-29,Sheila Perez,Luxury,BMW 7 Series,Ahmedabad,Blue,Diesel,Manual,Online,3,18353384.0,7.0,55060152.0,3854210.64,51205941.36
98,2025-04-17,Jennifer Lopez,Corporate,BMW 5 Series,Ahmedabad,Blue,Petrol,Automatic,Online,2,7229727.0,5.0,14459454.0,722972.7,13736481.3
99,2024-01-24,Joshua Frank,Corporate,BMW i4,Delhi,Black,Hybrid,Automatic,Online,2,8389538.0,10.0,16779076.0,1677907.6,15101168.4
100,2024-09-09,Earl Beltran,Individual,BMW X5,Bangalore,Silver,Hybrid,Manual,Dealer,3,11195233.0,0.0,33585699.0,0.0,33585699.0
101,2023-10-03,Rachel Gonzalez,Corporate,BMW i5,Pune,Grey,Petrol,Automatic,Corporate,2,10305757.0,12.0,20611514.0,2473381.68,18138132.32
102,2024-05-23,Marissa Reyes,Luxury,BMW 7 Series,Delhi,Black,Petrol,Automatic,Dealer,3,17675184.0,7.0,53025552.0,3711788.64,49313763.36
103,2023-11-24,Peter Harris,Corporate,BMW X3,Jaipur,Black,Diesel,Automatic,Dealer,3,6528677.0,7.0,19586031.0,1371022.17,18215008.83
104,2024-06-22,Jonathan Ryan,Corporate,BMW 7 Series,Ahmedabad,Blue,Hybrid,Manual,Dealer,3,16448312.0,12.0,49344936.0,5921392.32,43423543.68
105,2023-09-13,Larry Bailey,Corporate,BMW i4,Jaipur,Red,Diesel,Automatic,Online,2,7303336.0,2.0,14606672.0,292133.44,14314538.56
106,2023-11-12,Glenn Petersen,Individual,BMW X5,Jaipur,Silver,Electric,Manual,Online,1,10620603.0,5.0,10620603.0,531030.15,10089572.85
107,2025-07-18,Nicholas Guerrero,Corporate,BMW i5,Ahmedabad,Red,Hybrid,Manual,Dealer,2,9723777.0,10.0,19447554.0,1944755.4,17502798.6
108,2025-08-21,David Morales,Luxury,BMW X1,Kochi,Black,Electric,Manual,Online,1,5803148.0,7.0,5803148.0,406220.36,5396927.64
109,2024-03-30,Rhonda Young,Corporate,BMW X7,Hyderabad,Red,Electric,Automatic,Dealer,1,14077558.0,2.0,14077558.0,281551.16,13796006.84
110,2023-12-23,Tina Ford,Corporate,BMW i5,Ahmedabad,Grey,Diesel,Automatic,Online,3,9032186.0,2.0,27096558.0,541931.16,26554626.84
111,2025-02-01,Andrea Crawford,Luxury,BMW X5,Kochi,Blue,Hybrid,Manual,Corporate,3,11167165.0,0.0,33501495.0,0.0,33501495.0
112,2026-01-05,Paul Lawson,Luxury,BMW i4,Jaipur,White,Electric,Automatic,Dealer,3,7075285.0,0.0,21225855.0,0.0,21225855.0
113,2026-04-12,Amy Stone,Luxury,BMW X7,Bangalore,Black,Hybrid,Automatic,Online,3,15189221.0,12.0,45567663.0,5468119.56,40099543.44
114,2026-07-01,Perry Cisneros,Individual,BMW 3 Series,Chennai,Blue,Electric,Manual,Dealer,1,5180262.0,5.0,5180262.0,259013.1,4921248.9
115,2023-10-21,Julia Frank,Luxury,BMW i5,Kolkata,White,Diesel,Automatic,Online,3,10186837.0,2.0,30560511.0,611210.22,29949300.78
116,2023-09-15,Paula Atkins,Corporate,BMW i7,Mumbai,White,Hybrid,Manual,Online,3,16087367.0,2.0,48262101.0,965242.02,47296858.98
117,2026-07-21,Zachary Morgan,Corporate,BMW 3 Series,Ahmedabad,Red,Diesel,Automatic,Online,2,6389973.0,12.0,12779946.0,1533593.52,11246352.48
118,2026-04-09,Ronald Smith,Individual,BMW i7,Delhi,Blue,Hybrid,Manual,Online,2,16679903.0,12.0,33359806.0,4003176.72,29356629.28
119,2024-08-01,Gregory Johnson,Individual,BMW i4,Bangalore,Blue,Electric,Manual,Corporate,2,7497456.0,10.0,14994912.0,1499491.2,13495420.8
120,2024-10-29,Elizabeth Grant,Corporate,BMW X7,Delhi,Silver,Petrol,Manual,Dealer,3,12033965.0,12.0,36101895.0,4332227.4,31769667.6
121,2026-01-01,Joseph Cardenas,Luxury,BMW i7,Pune,Red,Electric,Automatic,Dealer,3,14918571.0,2.0,44755713.0,895114.26,43860598.74
122,2024-05-02,Willie Spencer,Individual,BMW 3 Series,Delhi,Red,Electric,Automatic,Online,2,6153836.0,0.0,12307672.0,0.0,12307672.0
123,2024-03-10,Bryan White,Individual,BMW X5,Kolkata,Red,Electric,Manual,Online,1,10236687.0,2.0,10236687.0,204733.74,10031953.26
124,2023-11-16,Olivia Austin,Luxury,BMW i4,Delhi,Black,Diesel,Automatic,Corporate,1,7710337.0,7.0,7710337.0,539723.59,7170613.41
125,2025-08-16,Sandra Mitchell,Corporate,BMW X7,Jaipur,Black,Electric,Automatic,Online,1,13534171.0,7.0,13534171.0,947391.97,12586779.03
126,2024-12-19,Ricky Oliver,Individual,BMW X3,Kochi,Black,Diesel,Manual,Corporate,3,7299068.0,5.0,21897204.0,1094860.2,20802343.8
127,2024-01-02,Michelle Navarro,Luxury,BMW i5,Pune,Silver,Petrol,Manual,Online,3,10919430.0,2.0,32758290.0,655165.8,32103124.2
128,2026-06-30,Mark Smith,Individual,BMW X7,Bangalore,Blue,Hybrid,Automatic,Dealer,1,12586267.0,0.0,12586267.0,0.0,12586267.0
129,2023-12-21,Lori Foster,Corporate,BMW i5,Hyderabad,Silver,Hybrid,Automatic,Corporate,2,9815049.0,5.0,19630098.0,981504.9,18648593.1
130,2024-11-12,Bruce Horton,Corporate,BMW 5 Series,Ahmedabad,Black,Electric,Automatic,Online,2,7791116.0,5.0,15582232.0,779111.6,14803120.4
131,2025-11-20,Donna Morgan,Corporate,BMW X1,Pune,Red,Electric,Automatic,Online,3,5208361.0,5.0,15625083.0,781254.15,14843828.85
132,2024-06-13,Stephen Jennings,Corporate,BMW X1,Bangalore,White,Petrol,Automatic,Dealer,1,5953611.0,12.0,5953611.0,714433.32,5239177.68
133,2026-04-20,Donald Hill,Corporate,BMW 7 Series,Kochi,White,Diesel,Automatic,Dealer,1,15721389.0,10.0,15721389.0,1572138.9,14149250.1
134,2024-10-28,Michael Kelly,Individual,BMW i7,Chennai,Red,Electric,Automatic,Corporate,1,15162974.0,2.0,15162974.0,303259.48,14859714.52
135,2023-11-10,Karen Moore,Individual,BMW 3 Series,Hyderabad,Red,Electric,Automatic,Online,2,4531164.0,2.0,9062328.0,181246.56,8881081.44
136,2023-10-21,Scott Davis,Corporate,BMW 3 Series,Hyderabad,Black,Petrol,Manual,Online,2,6055495.0,10.0,12110990.0,1211099.0,10899891.0
137,2024-01-04,Brian Daniels,Corporate,BMW i5,Kochi,White,Petrol,Manual,Corporate,2,9228702.0,10.0,18457404.0,1845740.4,16611663.6
138,2025-03-01,Michael Stephenson,Luxury,BMW 3 Series,Chennai,Silver,Petrol,Manual,Online,2,5504497.0,7.0,11008994.0,770629.58,10238364.42
139,2025-11-04,David Berry,Luxury,BMW 5 Series,Bangalore,Black,Diesel,Manual,Corporate,3,7175517.0,2.0,21526551.0,430531.02,21096019.98
140,2024-01-18,Charles Patton,Luxury,BMW i7,Jaipur,Red,Electric,Manual,Corporate,2,16986985.0,7.0,33973970.0,2378177.9,31595792.1
141,2026-07-04,Monica Patrick,Corporate,BMW X7,Bangalore,Silver,Diesel,Manual,Dealer,3,15326486.0,0.0,45979458.0,0.0,45979458.0
142,2025-01-26,Deborah Velez,Corporate,BMW X7,Pune,Grey,Petrol,Manual,Online,2,15470447.0,7.0,30940894.0,2165862.58,28775031.42
143,2026-07-14,Derek Estrada,Individual,BMW X3,Pune,Black,Petrol,Automatic,Online,3,6820107.0,7.0,20460321.0,1432222.47,19028098.53
144,2026-05-21,Elizabeth Roman,Corporate,BMW 5 Series,Pune,Black,Electric,Automatic,Online,1,8202403.0,10.0,8202403.0,820240.3,7382162.7
145,2024-04-28,Briana Burns,Individual,BMW X7,Chennai,Blue,Petrol,Automatic,Corporate,3,13206405.0,5.0,39619215.0,1980960.75,37638254.25
146,2023-12-01,Troy Black,Luxury,BMW i4,Mumbai,Blue,Petrol,Manual,Dealer,2,7226950.0,10.0,14453900.0,1445390.0,13008510.0
147,2025-11-21,Lori Pena,Individual,BMW X7,Jaipur,Silver,Petrol,Manual,Dealer,3,15218845.0,10.0,45656535.0,4565653.5,41090881.5
148,2025-07-15,Natasha Fernandez,Individual,BMW X3,Delhi,White,Diesel,Manual,Dealer,2,7212663.0,0.0,14425326.0,0.0,14425326.0
149,2026-05-04,Nicholas Roth,Corporate,BMW 3 Series,Bangalore,Grey,Hybrid,Manual,Dealer,3,6064709.0,2.0,18194127.0,363882.54,17830244.46
150,2024-11-06,Jerry Smith,Individual,BMW X5,Delhi,Black,Petrol,Automatic,Corporate,3,10860560.0,10.0,32581680.0,3258168.0,29323512.0
151,2026-05-27,Amber Wall,Corporate,BMW 3 Series,Bangalore,Grey,Hybrid,Manual,Online,2,5070641.0,12.0,10141282.0,1216953.84,8924328.16
152,2024-12-08,Tricia Miller,Luxury,BMW X1,Jaipur,Black,Electric,Manual,Corporate,2,5238692.0,7.0,10477384.0,733416.88,9743967.12
153,2024-12-11,Carl Hernandez,Corporate,BMW X3,Chennai,Black,Petrol,Automatic,Dealer,2,6962460.0,10.0,13924920.0,1392492.0,12532428.0
154,2024-10-18,Andrew Griffin,Individual,BMW 7 Series,Delhi,Black,Hybrid,Manual,Dealer,2,16428058.0,0.0,32856116.0,0.0,32856116.0
155,2026-03-17,Maria Arnold,Corporate,BMW X7,Jaipur,Red,Electric,Automatic,Corporate,1,14951411.0,10.0,14951411.0,1495141.1,13456269.9
156,2026-01-19,Nicholas Martinez,Luxury,BMW 3 Series,Kolkata,Blue,Hybrid,Manual,Corporate,2,4539303.0,0.0,9078606.0,0.0,9078606.0
157,2025-12-06,Christopher Gregory,Luxury,BMW X7,Delhi,Blue,Diesel,Manual,Online,2,12483072.0,0.0,24966144.0,0.0,24966144.0
158,2024-08-06,Christina Mcfarland,Corporate,BMW 5 Series,Kolkata,Grey,Hybrid,Automatic,Online,1,8271012.0,2.0,8271012.0,165420.24,8105591.76
159,2024-05-31,Jacob Alexander,Corporate,BMW X5,Mumbai,Red,Petrol,Automatic,Online,1,10896991.0,0.0,10896991.0,0.0,10896991.0
160,2026-04-02,Chris Washington,Luxury,BMW 7 Series,Mumbai,White,Diesel,Automatic,Dealer,1,14862386.0,5.0,14862386.0,743119.3,14119266.7
161,2024-06-15,Patrick Wilson,Individual,BMW 7 Series,Ahmedabad,Grey,Electric,Manual,Online,3,17891920.0,10.0,53675760.0,5367576.0,48308184.0
162,2025-09-04,Wendy Patrick,Luxury,BMW 5 Series,Ahmedabad,Blue,Petrol,Manual,Dealer,3,7427377.0,5.0,22282131.0,1114106.55,21168024.45
163,2026-02-28,David Nichols Jr.,Luxury,BMW X3,Ahmedabad,Blue,Electric,Automatic,Dealer,1,7447732.0,0.0,7447732.0,0.0,7447732.0
164,2025-06-29,Toni Holland,Luxury,BMW i7,Kochi,Red,Petrol,Manual,Corporate,2,16126796.0,7.0,32253592.0,2257751.44,29995840.56
165,2024-12-21,Matthew King,Individual,BMW X1,Pune,White,Petrol,Manual,Online,2,6268789.0,10.0,12537578.0,1253757.8,11283820.2
166,2024-11-26,Daniel Norman,Luxury,BMW 5 Series,Jaipur,White,Hybrid,Manual,Corporate,1,7855026.0,0.0,7855026.0,0.0,7855026.0
167,2025-04-10,Danielle Oconnell,Luxury,BMW i7,Hyderabad,Grey,Hybrid,Manual,Corporate,2,15526298.0,5.0,31052596.0,1552629.8,29499966.2
168,2024-08-02,Michael Morris,Corporate,BMW 3 Series,Pune,Red,Hybrid,Manual,Corporate,2,4638227.0,0.0,9276454.0,0.0,9276454.0
169,2026-07-30,Laura Carroll,Corporate,BMW i7,Hyderabad,Silver,Diesel,Manual,Corporate,1,15398221.0,10.0,15398221.0,1539822.1,13858398.9
170,2023-08-17,Gary Ramirez,Individual,BMW X7,Hyderabad,Blue,Hybrid,Manual,Corporate,3,14495783.0,0.0,43487349.0,0.0,43487349.0
171,2024-10-25,Erica Dalton,Corporate,BMW i5,Bangalore,Red,Electric,Automatic,Online,3,10354812.0,7.0,31064436.0,2174510.52,28889925.48
172,2026-04-26,Sarah Mata,Individual,BMW 7 Series,Mumbai,White,Diesel,Automatic,Online,2,16866658.0,2.0,33733316.0,674666.32,33058649.68
173,2025-04-20,Andrew Copeland,Luxury,BMW 5 Series,Jaipur,Red,Petrol,Manual,Dealer,3,8116641.0,12.0,24349923.0,2921990.76,21427932.24
174,2024-09-23,Jessica Nguyen,Individual,BMW i7,Kolkata,Silver,Diesel,Manual,Online,1,14646982.0,2.0,14646982.0,292939.64,14354042.36
175,2024-07-06,Mark Wilson,Luxury,BMW X5,Mumbai,Silver,Hybrid,Automatic,Dealer,3,11363104.0,5.0,34089312.0,1704465.6,32384846.4
176,2025-06-10,Carol Hart,Corporate,BMW X3,Ahmedabad,Red,Hybrid,Manual,Online,2,6906881.0,12.0,13813762.0,1657651.44,12156110.56
177,2023-11-18,Jeremiah White,Individual,BMW i5,Jaipur,Red,Diesel,Manual,Corporate,1,9877995.0,2.0,9877995.0,197559.9,9680435.1
178,2025-01-19,Mr. Tracy Mueller DDS,Individual,BMW i4,Pune,Red,Petrol,Manual,Dealer,1,8162956.0,12.0,8162956.0,979554.72,7183401.28
179,2024-02-10,Lori Owens,Corporate,BMW X3,Ahmedabad,Black,Diesel,Manual,Dealer,1,7576578.0,7.0,7576578.0,530360.46,7046217.54
180,2023-11-06,Andrew Palmer,Corporate,BMW X7,Chennai,White,Hybrid,Automatic,Dealer,3,13662848.0,5.0,40988544.0,2049427.2,38939116.8
181,2024-02-02,Christie Perez,Individual,BMW 3 Series,Pune,Silver,Electric,Automatic,Dealer,1,6452083.0,12.0,6452083.0,774249.96,5677833.04
182,2024-07-13,Ricky Ball,Individual,BMW X3,Ahmedabad,Grey,Hybrid,Automatic,Dealer,1,7959768.0,12.0,7959768.0,955172.16,7004595.84
183,2023-11-02,George Rice,Corporate,BMW X3,Mumbai,Red,Hybrid,Automatic,Dealer,3,6813565.0,12.0,20440695.0,2452883.4,17987811.6
184,2024-01-15,Elizabeth Foster,Individual,BMW X3,Bangalore,Silver,Hybrid,Automatic,Online,1,6600137.0,7.0,6600137.0,462009.59,6138127.41
185,2024-03-08,Nicole Wilson,Corporate,BMW i7,Jaipur,Red,Diesel,Automatic,Online,3,14068934.0,10.0,42206802.0,4220680.2,37986121.8
186,2026-04-24,Thomas Crawford,Luxury,BMW 3 Series,Kochi,Grey,Diesel,Automatic,Online,1,5239908.0,10.0,5239908.0,523990.8,4715917.2
187,2025-07-01,Patricia Reese,Corporate,BMW 5 Series,Jaipur,Red,Petrol,Manual,Dealer,3,7641022.0,10.0,22923066.0,2292306.6,20630759.4
188,2025-09-27,Tommy King,Individual,BMW X7,Pune,Blue,Petrol,Manual,Corporate,3,13063886.0,0.0,39191658.0,0.0,39191658.0
189,2026-08-08,Tyler Anderson,Luxury,BMW 5 Series,Kochi,Black,Electric,Manual,Dealer,2,8041798.0,2.0,16083596.0,321671.92,15761924.08
190,2025-04-07,Keith Cook,Corporate,BMW i4,Ahmedabad,Black,Hybrid,Automatic,Dealer,1,8324846.0,2.0,8324846.0,166496.92,8158349.08
191,2026-02-25,Keith Price,Corporate,BMW 3 Series,Mumbai,Blue,Hybrid,Manual,Dealer,1,6357637.0,5.0,6357637.0,317881.85,6039755.15
192,2024-12-12,Margaret Jackson,Corporate,BMW X1,Delhi,Blue,Electric,Automatic,Online,1,5748629.0,12.0,5748629.0,689835.48,5058793.52
193,2023-11-11,Brandy Stokes,Corporate,BMW X7,Ahmedabad,White,Hybrid,Manual,Corporate,2,15752381.0,5.0,31504762.0,1575238.1,29929523.9
194,2024-10-03,James Smith,Corporate,BMW X3,Bangalore,Red,Diesel,Manual,Dealer,1,7390240.0,7.0,7390240.0,517316.8,6872923.2
195,2024-08-19,Nathan King,Luxury,BMW 5 Series,Pune,Grey,Hybrid,Automatic,Online,2,7886048.0,5.0,15772096.0,788604.8,14983491.2
196,2025-06-23,George Scott,Luxury,BMW X5,Ahmedabad,Red,Hybrid,Manual,Dealer,3,9677650.0,5.0,29032950.0,1451647.5,27581302.5
197,2026-04-06,William White,Individual,BMW 5 Series,Kolkata,Silver,Diesel,Automatic,Corporate,3,7261918.0,12.0,21785754.0,2614290.48,19171463.52
198,2024-01-12,Alexis Daniels,Corporate,BMW i4,Chennai,Silver,Electric,Manual,Corporate,1,7264723.0,2.0,7264723.0,145294.46,7119428.54
199,2024-07-25,Stephen Perry,Individual,BMW 3 Series,Kochi,Blue,Electric,Manual,Corporate,3,4821783.0,7.0,14465349.0,1012574.43,13452774.57
200,2025-08-02,Erin Sweeney DVM,Individual,BMW 7 Series,Jaipur,Silver,Electric,Automatic,Dealer,2,17078199.0,5.0,34156398.0,1707819.9,32448578.1
201,2025-01-12,Jeff Hebert,Luxury,BMW 7 Series,Ahmedabad,Black,Electric,Manual,Online,2,18343162.0,10.0,36686324.0,3668632.4,33017691.6
202,2024-10-05,Maria Robinson,Individual,BMW X1,Kochi,White,Petrol,Automatic,Online,3,5598898.0,7.0,16796694.0,1175768.58,15620925.42
203,2025-06-21,Christopher Cardenas,Luxury,BMW 7 Series,Ahmedabad,Silver,Electric,Automatic,Corporate,3,14736442.0,5.0,44209326.0,2210466.3,41998859.7
204,2026-07-10,Stephen Lopez,Luxury,BMW X3,Delhi,Silver,Diesel,Manual,Dealer,3,6830312.0,12.0,20490936.0,2458912.32,18032023.68
205,2024-12-11,Blake Drake,Luxury,BMW 5 Series,Mumbai,Grey,Petrol,Manual,Corporate,1,8161082.0,2.0,8161082.0,163221.64,7997860.36
206,2024-05-17,Alexander Everett,Corporate,BMW X5,Ahmedabad,Black,Petrol,Manual,Corporate,1,11813774.0,10.0,11813774.0,1181377.4,10632396.6
207,2026-08-05,William Moore,Luxury,BMW i4,Jaipur,Black,Diesel,Manual,Dealer,2,7861499.0,10.0,15722998.0,1572299.8,14150698.2
208,2026-05-18,Christine Vaughan,Corporate,BMW i4,Ahmedabad,White,Diesel,Automatic,Corporate,3,8426291.0,5.0,25278873.0,1263943.65,24014929.35
209,2025-02-26,Willie Hall,Luxury,BMW 3 Series,Bangalore,White,Diesel,Manual,Dealer,1,5586538.0,5.0,5586538.0,279326.9,5307211.1
210,2023-08-28,Jamie Greene,Luxury,BMW X5,Jaipur,White,Electric,Automatic,Online,1,10691384.0,5.0,10691384.0,534569.2,10156814.8
211,2024-09-24,Jessica Cooper,Luxury,BMW i7,Jaipur,White,Diesel,Automatic,Corporate,3,14391867.0,12.0,43175601.0,5181072.12,37994528.88
212,2026-05-12,Steven Jimenez,Luxury,BMW i7,Pune,Black,Petrol,Automatic,Corporate,3,17533826.0,0.0,52601478.0,0.0,52601478.0
213,2026-06-06,Lacey Green,Luxury,BMW X3,Mumbai,Silver,Petrol,Manual,Corporate,2,7699858.0,10.0,15399716.0,1539971.6,13859744.4
214,2026-08-03,James Kennedy,Individual,BMW X3,Delhi,Grey,Electric,Manual,Corporate,1,7512808.0,12.0,7512808.0,901536.96,6611271.04
215,2024-01-04,Jennifer Jones,Luxury,BMW 3 Series,Hyderabad,Grey,Diesel,Manual,Dealer,2,5421919.0,7.0,10843838.0,759068.66,10084769.34
216,2025-04-04,Brian Peterson,Individual,BMW X5,Pune,Blue,Petrol,Manual,Online,2,10948589.0,2.0,21897178.0,437943.56,21459234.44
217,2024-08-16,Robert Sanders,Corporate,BMW 5 Series,Delhi,Black,Petrol,Manual,Corporate,1,7442871.0,2.0,7442871.0,148857.42,7294013.58
218,2026-02-26,Edward Bass,Individual,BMW X7,Mumbai,Red,Electric,Automatic,Online,1,15629362.0,5.0,15629362.0,781468.1,14847893.9
219,2026-04-26,Anthony Webb,Luxury,BMW i5,Ahmedabad,Black,Petrol,Manual,Online,2,10045974.0,7.0,20091948.0,1406436.36,18685511.64
220,2024-09-04,Megan Knight,Luxury,BMW X1,Mumbai,Black,Electric,Manual,Corporate,2,6223361.0,0.0,12446722.0,0.0,12446722.0
221,2024-07-29,Elizabeth Williams,Luxury,BMW i4,Delhi,Grey,Diesel,Manual,Online,1,8125522.0,0.0,8125522.0,0.0,8125522.0
222,2025-04-19,Terri Dodson,Luxury,BMW X7,Pune,Red,Diesel,Manual,Online,2,12189760.0,0.0,24379520.0,0.0,24379520.0
223,2025-11-04,Amanda Gonzales,Individual,BMW 5 Series,Kolkata,Blue,Petrol,Automatic,Online,2,7557500.0,10.0,15115000.0,1511500.0,13603500.0
224,2025-09-01,David Ruiz,Individual,BMW X5,Pune,White,Hybrid,Automatic,Dealer,2,11839716.0,2.0,23679432.0,473588.64,23205843.36
225,2025-09-19,Jeremy Durham,Luxury,BMW 7 Series,Pune,White,Diesel,Manual,Online,3,17974053.0,7.0,53922159.0,3774551.13,50147607.87
226,2025-01-24,Ronald Griffin,Corporate,BMW 7 Series,Kolkata,Red,Hybrid,Manual,Dealer,3,16510159.0,5.0,49530477.0,2476523.85,47053953.15
227,2024-03-11,Cody Espinoza,Corporate,BMW X5,Pune,Blue,Petrol,Manual,Corporate,2,9959714.0,10.0,19919428.0,1991942.8,17927485.2
228,2024-06-22,Mrs. Nicole Evans,Luxury,BMW i7,Kochi,Red,Hybrid,Automatic,Corporate,3,14954385.0,0.0,44863155.0,0.0,44863155.0
229,2026-02-03,Jeremy Gomez,Individual,BMW i7,Kolkata,Black,Petrol,Automatic,Online,3,14619816.0,2.0,43859448.0,877188.96,42982259.04
230,2025-12-25,Stuart Mccullough,Luxury,BMW X5,Kolkata,White,Hybrid,Manual,Corporate,2,10135148.0,12.0,20270296.0,2432435.52,17837860.48
231,2023-10-16,Stephen Rodgers,Corporate,BMW 3 Series,Hyderabad,Blue,Hybrid,Manual,Dealer,1,5587757.0,10.0,5587757.0,558775.7,5028981.3
232,2026-04-30,Peter Burns,Individual,BMW i4,Jaipur,Silver,Electric,Manual,Dealer,3,7717911.0,5.0,23153733.0,1157686.65,21996046.35
233,2024-07-11,Regina Patterson,Corporate,BMW X3,Jaipur,Blue,Diesel,Manual,Online,1,7125998.0,5.0,7125998.0,356299.9,6769698.1
234,2025-08-12,Erica Allen,Corporate,BMW X5,Jaipur,Red,Hybrid,Manual,Dealer,2,10646964.0,0.0,21293928.0,0.0,21293928.0
235,2025-06-01,Jo Walls,Luxury,BMW X3,Chennai,Blue,Hybrid,Manual,Online,3,7103204.0,0.0,21309612.0,0.0,21309612.0
236,2024-08-19,Ebony Brown,Individual,BMW X1,Mumbai,Silver,Electric,Automatic,Corporate,2,6129479.0,10.0,12258958.0,1225895.8,11033062.2
237,2025-08-14,Cameron Kelley,Individual,BMW i7,Mumbai,Red,Diesel,Automatic,Dealer,1,15016942.0,12.0,15016942.0,1802033.04,13214908.96
238,2024-04-18,Elizabeth Macdonald,Luxury,BMW X7,Pune,Silver,Diesel,Automatic,Dealer,2,15008817.0,0.0,30017634.0,0.0,30017634.0
239,2026-02-23,Kevin Phillips,Luxury,BMW X7,Ahmedabad,Blue,Electric,Manual,Dealer,3,14002564.0,2.0,42007692.0,840153.84,41167538.16
240,2024-07-29,Anthony Nelson,Corporate,BMW 5 Series,Kochi,Silver,Petrol,Automatic,Dealer,3,6987001.0,12.0,20961003.0,2515320.36,18445682.64
241,2026-03-09,David Cook,Individual,BMW 3 Series,Kolkata,Silver,Electric,Automatic,Online,2,6152473.0,2.0,12304946.0,246098.92,12058847.08
242,2024-04-22,Charles Johnson,Luxury,BMW i7,Kochi,Grey,Hybrid,Automatic,Online,2,14450051.0,5.0,28900102.0,1445005.1,27455096.9
243,2025-06-19,Gregory Ortiz,Luxury,BMW X3,Mumbai,Silver,Hybrid,Manual,Dealer,2,6736237.0,2.0,13472474.0,269449.48,13203024.52
244,2024-04-24,Carlos Wilson,Luxury,BMW 3 Series,Pune,Silver,Diesel,Automatic,Corporate,2,6158359.0,10.0,12316718.0,1231671.8,11085046.2
245,2024-08-03,Jennifer Huang,Individual,BMW X7,Kolkata,Grey,Petrol,Automatic,Online,2,14161243.0,0.0,28322486.0,0.0,28322486.0
246,2023-11-15,Patricia Lynch,Corporate,BMW X5,Mumbai,White,Hybrid,Manual,Online,2,9528647.0,7.0,19057294.0,1334010.58,17723283.42
247,2024-06-23,Brian Lee,Luxury,BMW i7,Kochi,Blue,Diesel,Automatic,Dealer,2,14047964.0,12.0,28095928.0,3371511.36,24724416.64
248,2025-08-03,Jacob Stewart,Luxury,BMW i4,Delhi,Red,Electric,Automatic,Online,2,7334950.0,12.0,14669900.0,1760388.0,12909512.0
249,2026-07-02,Christine Ramirez,Luxury,BMW X5,Kochi,Grey,Diesel,Manual,Corporate,1,10426308.0,2.0,10426308.0,208526.16,10217781.84
250,2025-04-26,Angelica Day,Luxury,BMW X5,Kolkata,Silver,Diesel,Automatic,Corporate,2,11803656.0,10.0,23607312.0,2360731.2,21246580.8
251,2025-09-26,Tammy Allen,Individual,BMW 5 Series,Jaipur,Blue,Petrol,Automatic,Corporate,3,7436898.0,12.0,22310694.0,2677283.28,19633410.72
252,2025-08-17,Daniel Smith,Individual,BMW i5,Mumbai,White,Electric,Manual,Corporate,3,10201042.0,2.0,30603126.0,612062.52,29991063.48
253,2024-12-19,Logan Tate,Individual,BMW X1,Kochi,Grey,Petrol,Manual,Corporate,1,6025146.0,10.0,6025146.0,602514.6,5422631.4
254,2025-09-01,Alicia Cannon,Corporate,BMW X7,Ahmedabad,Grey,Electric,Automatic,Online,1,14365214.0,10.0,14365214.0,1436521.4,12928692.6
255,2024-09-05,Scott Butler,Luxury,BMW 3 Series,Mumbai,Grey,Electric,Automatic,Dealer,1,5712806.0,0.0,5712806.0,0.0,5712806.0
256,2026-06-24,Lonnie Edwards,Corporate,BMW 5 Series,Ahmedabad,White,Diesel,Manual,Online,2,6566552.0,7.0,13133104.0,919317.28,12213786.72
257,2024-11-07,Dawn Mckinney,Individual,BMW i4,Kolkata,Silver,Diesel,Manual,Dealer,1,7787785.0,12.0,7787785.0,934534.2,6853250.8
258,2023-10-04,Raymond Cruz,Corporate,BMW i5,Kolkata,White,Petrol,Automatic,Online,1,10109063.0,12.0,10109063.0,1213087.56,8895975.44
259,2025-04-11,Bridget Taylor,Individual,BMW i5,Kolkata,White,Hybrid,Manual,Online,2,10115545.0,2.0,20231090.0,404621.8,19826468.2
260,2025-11-03,Jo Allen,Individual,BMW X1,Bangalore,Red,Petrol,Automatic,Dealer,3,5067564.0,7.0,15202692.0,1064188.44,14138503.56
261,2026-02-19,Teresa Long,Luxury,BMW 5 Series,Kochi,Silver,Petrol,Automatic,Dealer,2,6570414.0,10.0,13140828.0,1314082.8,11826745.2
262,2024-05-16,Paula Padilla,Individual,BMW X7,Ahmedabad,Black,Diesel,Manual,Corporate,3,12982890.0,2.0,38948670.0,778973.4,38169696.6
263,2024-02-27,David Hobbs,Individual,BMW i7,Pune,Blue,Diesel,Manual,Corporate,3,16422104.0,12.0,49266312.0,5911957.44,43354354.56
264,2024-09-30,Ann Baldwin,Luxury,BMW i5,Mumbai,Black,Diesel,Manual,Online,2,9867298.0,5.0,19734596.0,986729.8,18747866.2
265,2025-07-04,Catherine Hayes,Corporate,BMW 3 Series,Pune,Grey,Electric,Manual,Dealer,3,6474649.0,12.0,19423947.0,2330873.64,17093073.36
266,2024-11-14,Mr. Gerald Ruiz,Luxury,BMW X3,Kolkata,White,Diesel,Manual,Dealer,3,6885622.0,7.0,20656866.0,1445980.62,19210885.38
267,2026-04-13,David Pace,Individual,BMW i4,Chennai,Red,Diesel,Manual,Online,2,8179408.0,7.0,16358816.0,1145117.12,15213698.88
268,2025-04-04,Kimberly Austin,Individual,BMW X1,Pune,Blue,Petrol,Automatic,Online,1,6356240.0,7.0,6356240.0,444936.8,5911303.2
269,2026-06-16,Marisa Rodriguez,Individual,BMW X7,Kochi,White,Diesel,Manual,Online,1,14528838.0,0.0,14528838.0,0.0,14528838.0
270,2025-09-23,Molly Roberts,Luxury,BMW X3,Chennai,Black,Hybrid,Automatic,Corporate,1,6944193.0,12.0,6944193.0,833303.16,6110889.84
271,2025-08-27,Mr. Casey Hoffman,Luxury,BMW X1,Kolkata,Blue,Hybrid,Manual,Corporate,3,5501913.0,5.0,16505739.0,825286.95,15680452.05
272,2026-03-15,Joe Charles,Luxury,BMW X5,Delhi,Grey,Hybrid,Automatic,Online,2,10597068.0,10.0,21194136.0,2119413.6,19074722.4
273,2024-08-10,Crystal Salazar,Individual,BMW X5,Mumbai,Black,Diesel,Automatic,Online,2,11054849.0,7.0,22109698.0,1547678.86,20562019.14
274,2025-04-19,Tonya Williams,Corporate,BMW i5,Kochi,Blue,Diesel,Automatic,Dealer,3,10214550.0,7.0,30643650.0,2145055.5,28498594.5
275,2026-07-22,Tabitha Parker,Corporate,BMW X7,Kochi,Red,Electric,Manual,Corporate,1,15495376.0,7.0,15495376.0,1084676.32,14410699.68
276,2026-02-08,Katherine Williams,Individual,BMW i4,Ahmedabad,White,Diesel,Manual,Corporate,3,7352811.0,5.0,22058433.0,1102921.65,20955511.35
277,2023-11-30,Zachary Warren,Individual,BMW 3 Series,Jaipur,Black,Petrol,Manual,Corporate,1,4570933.0,12.0,4570933.0,548511.96,4022421.04
278,2025-06-25,Travis Hernandez,Individual,BMW X1,Bangalore,White,Hybrid,Manual,Corporate,1,6483042.0,0.0,6483042.0,0.0,6483042.0
279,2026-05-11,Allison Stewart,Individual,BMW i7,Ahmedabad,Black,Hybrid,Automatic,Corporate,2,16765238.0,0.0,33530476.0,0.0,33530476.0
280,2026-03-23,Jesus Ferrell,Individual,BMW X3,Jaipur,Silver,Hybrid,Automatic,Dealer,1,7101229.0,10.0,7101229.0,710122.9,6391106.1
281,2024-07-07,David Welch,Corporate,BMW i5,Hyderabad,Red,Electric,Manual,Online,1,9505348.0,10.0,9505348.0,950534.8,8554813.2
282,2026-04-27,Wendy Pope,Luxury,BMW 5 Series,Pune,White,Diesel,Manual,Dealer,2,7351501.0,10.0,14703002.0,1470300.2,13232701.8
283,2024-08-17,Brian Sherman,Luxury,BMW 3 Series,Bangalore,Red,Hybrid,Automatic,Dealer,2,5349930.0,7.0,10699860.0,748990.2,9950869.8
284,2023-10-18,Jacob Smith,Individual,BMW 7 Series,Bangalore,Blue,Petrol,Automatic,Dealer,2,18193116.0,12.0,36386232.0,4366347.84,32019884.16
285,2026-04-28,Olivia Ramirez,Individual,BMW i7,Ahmedabad,Silver,Electric,Automatic,Online,1,15137055.0,0.0,15137055.0,0.0,15137055.0
286,2026-02-06,Michael Newman,Individual,BMW 3 Series,Mumbai,Grey,Petrol,Manual,Corporate,1,5731103.0,12.0,5731103.0,687732.36,5043370.64
287,2023-11-22,John Strickland,Luxury,BMW X1,Kochi,Blue,Hybrid,Automatic,Corporate,3,5816120.0,10.0,17448360.0,1744836.0,15703524.0
288,2026-01-25,Brooke Johnson,Individual,BMW 5 Series,Jaipur,Black,Hybrid,Automatic,Online,2,8063335.0,0.0,16126670.0,0.0,16126670.0
289,2024-02-08,Michael Ramos,Corporate,BMW i7,Kochi,Black,Electric,Manual,Dealer,2,16498163.0,5.0,32996326.0,1649816.3,31346509.7
290,2023-11-15,Jennifer Arias,Luxury,BMW X5,Jaipur,Silver,Hybrid,Automatic,Online,2,11074654.0,2.0,22149308.0,442986.16,21706321.84
291,2025-11-19,Anthony Morrow,Corporate,BMW X1,Bangalore,Grey,Diesel,Manual,Online,2,5172046.0,2.0,10344092.0,206881.84,10137210.16
292,2025-07-13,Natalie Hall,Individual,BMW 5 Series,Bangalore,Blue,Electric,Automatic,Dealer,2,6510895.0,7.0,13021790.0,911525.3,12110264.7
293,2025-10-17,Amy Thomas,Individual,BMW 7 Series,Kolkata,Red,Hybrid,Automatic,Dealer,3,17765173.0,10.0,53295519.0,5329551.9,47965967.1
294,2025-11-30,Robert Simmons,Corporate,BMW X5,Jaipur,Blue,Hybrid,Automatic,Online,3,9890339.0,10.0,29671017.0,2967101.7,26703915.3
295,2024-04-23,Sonya Ryan,Individual,BMW X7,Bangalore,Red,Diesel,Manual,Dealer,3,15040215.0,2.0,45120645.0,902412.9,44218232.1
296,2024-02-22,Jeffery Simpson,Corporate,BMW X3,Delhi,Black,Diesel,Manual,Online,2,7062889.0,2.0,14125778.0,282515.56,13843262.44
297,2025-05-21,Kim Castro,Corporate,BMW X3,Ahmedabad,White,Hybrid,Automatic,Dealer,2,6661315.0,5.0,13322630.0,666131.5,12656498.5
298,2024-07-28,Dr. Cameron Lara,Corporate,BMW 7 Series,Delhi,Red,Hybrid,Manual,Online,2,14056768.0,5.0,28113536.0,1405676.8,26707859.2
299,2025-08-02,Shelby Dominguez,Corporate,BMW X7,Kochi,Red,Diesel,Manual,Dealer,2,12570947.0,5.0,25141894.0,1257094.7,23884799.3
300,2024-01-29,Jacqueline Merritt,Corporate,BMW X7,Pune,Silver,Hybrid,Automatic,Online,3,13222422.0,12.0,39667266.0,4760071.92,34907194.08
301,2024-08-17,Amber Anderson,Luxury,BMW X3,Kolkata,White,Diesel,Automatic,Online,1,7265493.0,10.0,7265493.0,726549.3,6538943.7
302,2025-09-05,Michael Perez,Luxury,BMW X1,Ahmedabad,Grey,Hybrid,Automatic,Online,3,5610965.0,0.0,16832895.0,0.0,16832895.0
303,2023-10-12,Bethany Marsh,Corporate,BMW X1,Delhi,Grey,Hybrid,Automatic,Corporate,1,6381316.0,12.0,6381316.0,765757.92,5615558.08
304,2024-09-05,Patrick Cox,Corporate,BMW i4,Kochi,Silver,Hybrid,Automatic,Corporate,3,7840549.0,10.0,23521647.0,2352164.7,21169482.3
305,2025-05-04,Philip Carlson,Luxury,BMW i5,Kochi,White,Electric,Automatic,Corporate,1,10338361.0,0.0,10338361.0,0.0,10338361.0
306,2026-06-20,Reginald Smith,Individual,BMW 3 Series,Kochi,Grey,Electric,Manual,Dealer,3,5852728.0,12.0,17558184.0,2106982.08,15451201.92
307,2026-08-04,Mr. Brian Murphy,Corporate,BMW 5 Series,Delhi,Red,Diesel,Manual,Online,3,6965570.0,12.0,20896710.0,2507605.2,18389104.8
308,2026-07-15,Jason Valencia,Individual,BMW i4,Kochi,Blue,Petrol,Manual,Online,3,8447951.0,2.0,25343853.0,506877.06,24836975.94
309,2026-01-07,Carrie Best,Corporate,BMW X7,Bangalore,Blue,Electric,Manual,Dealer,3,12486830.0,2.0,37460490.0,749209.8,36711280.2
310,2024-11-04,Amy Lee,Individual,BMW i5,Ahmedabad,Grey,Hybrid,Manual,Online,2,9730438.0,0.0,19460876.0,0.0,19460876.0
311,2024-02-08,Jason Kennedy,Luxury,BMW 3 Series,Bangalore,Black,Diesel,Automatic,Dealer,2,4547364.0,12.0,9094728.0,1091367.36,8003360.64
312,2024-08-09,Angel Hale,Luxury,BMW i5,Hyderabad,Grey,Diesel,Manual,Dealer,3,9694135.0,7.0,29082405.0,2035768.35,27046636.65
313,2025-02-07,Joel Leach,Luxury,BMW 7 Series,Kolkata,Red,Diesel,Manual,Online,1,17318385.0,12.0,17318385.0,2078206.2,15240178.8
314,2025-06-13,Jorge Valencia,Luxury,BMW X7,Chennai,Blue,Petrol,Automatic,Dealer,1,14955875.0,2.0,14955875.0,299117.5,14656757.5
315,2024-07-30,Russell Woods,Luxury,BMW X5,Pune,Blue,Hybrid,Manual,Online,2,10326589.0,0.0,20653178.0,0.0,20653178.0
316,2023-12-29,Mark Stewart,Luxury,BMW i7,Kolkata,Blue,Hybrid,Automatic,Corporate,1,16462076.0,5.0,16462076.0,823103.8,15638972.2
317,2024-06-05,Anna Garcia,Individual,BMW X3,Kochi,White,Electric,Automatic,Online,1,7737672.0,12.0,7737672.0,928520.64,6809151.36
318,2026-04-18,Sabrina Stewart,Luxury,BMW 5 Series,Hyderabad,Red,Hybrid,Manual,Dealer,3,7282879.0,2.0,21848637.0,436972.74,21411664.26
319,2025-05-06,Heather Lyons,Corporate,BMW i7,Kolkata,Silver,Diesel,Automatic,Online,1,15774353.0,7.0,15774353.0,1104204.71,14670148.29
320,2024-10-07,Philip Mack,Corporate,BMW 7 Series,Hyderabad,Black,Electric,Automatic,Dealer,2,16638888.0,10.0,33277776.0,3327777.6,29949998.4
321,2025-10-12,Whitney Allen,Corporate,BMW X1,Kolkata,Grey,Hybrid,Manual,Corporate,3,6177722.0,12.0,18533166.0,2223979.92,16309186.08
322,2024-05-08,Penny Torres,Individual,BMW i4,Ahmedabad,Black,Diesel,Manual,Online,1,7350755.0,10.0,7350755.0,735075.5,6615679.5
323,2024-06-28,Monique Edwards,Luxury,BMW X1,Jaipur,Red,Hybrid,Automatic,Dealer,1,5605385.0,7.0,5605385.0,392376.95,5213008.05
324,2025-02-03,Christopher Mitchell,Corporate,BMW X3,Jaipur,Silver,Hybrid,Automatic,Dealer,3,7269364.0,0.0,21808092.0,0.0,21808092.0
325,2025-03-30,Gregory Young,Individual,BMW X1,Delhi,Blue,Petrol,Manual,Dealer,2,5067592.0,5.0,10135184.0,506759.2,9628424.8
326,2024-12-21,Rhonda Taylor,Luxury,BMW X1,Kochi,Red,Hybrid,Automatic,Dealer,2,6445217.0,12.0,12890434.0,1546852.08,11343581.92
327,2025-07-09,Doris Ramirez,Corporate,BMW X1,Mumbai,Red,Electric,Automatic,Corporate,3,5124482.0,5.0,15373446.0,768672.3,14604773.7
328,2025-11-07,Michael Johnson,Corporate,BMW X3,Delhi,Silver,Petrol,Automatic,Dealer,2,7701113.0,10.0,15402226.0,1540222.6,13862003.4
329,2025-06-25,Jeremy Ward,Luxury,BMW X3,Hyderabad,White,Electric,Automatic,Online,1,7970998.0,2.0,7970998.0,159419.96,7811578.04
330,2026-03-24,Jeremy Thompson,Corporate,BMW i4,Hyderabad,Silver,Hybrid,Manual,Dealer,3,8210949.0,5.0,24632847.0,1231642.35,23401204.65
331,2023-10-11,Melanie Brown,Corporate,BMW 5 Series,Kolkata,Silver,Electric,Manual,Online,3,7581319.0,5.0,22743957.0,1137197.85,21606759.15
332,2024-02-04,Carla Smith,Individual,BMW i7,Chennai,Silver,Hybrid,Manual,Corporate,3,17644463.0,0.0,52933389.0,0.0,52933389.0
333,2024-01-12,Brad Padilla,Corporate,BMW X7,Mumbai,Blue,Electric,Manual,Corporate,1,13802053.0,7.0,13802053.0,966143.71,12835909.29
334,2025-05-25,Shannon Anderson,Individual,BMW i7,Hyderabad,Silver,Petrol,Automatic,Corporate,2,16374572.0,5.0,32749144.0,1637457.2,31111686.8
335,2023-09-22,Jennifer Wood,Individual,BMW i4,Chennai,Grey,Petrol,Manual,Corporate,1,7260544.0,7.0,7260544.0,508238.08,6752305.92
336,2024-01-05,Bruce Fernandez,Individual,BMW 7 Series,Delhi,Silver,Electric,Manual,Online,2,15333599.0,0.0,30667198.0,0.0,30667198.0
337,2024-05-03,Debra Evans,Luxury,BMW 7 Series,Chennai,Silver,Diesel,Manual,Dealer,3,17324754.0,5.0,51974262.0,2598713.1,49375548.9
338,2023-12-13,Rachel Ruiz,Individual,BMW 5 Series,Chennai,White,Diesel,Manual,Dealer,2,6947576.0,0.0,13895152.0,0.0,13895152.0
339,2025-07-11,John Adams,Corporate,BMW X5,Bangalore,Grey,Petrol,Automatic,Dealer,3,11271313.0,2.0,33813939.0,676278.78,33137660.22
340,2026-01-09,Joshua Williams,Luxury,BMW 5 Series,Bangalore,White,Hybrid,Automatic,Corporate,2,7157145.0,5.0,14314290.0,715714.5,13598575.5
341,2024-12-17,Erik King,Corporate,BMW 7 Series,Bangalore,Red,Diesel,Manual,Corporate,3,18450225.0,0.0,55350675.0,0.0,55350675.0
342,2025-11-08,Noah Jensen,Individual,BMW X1,Hyderabad,Grey,Diesel,Automatic,Dealer,3,5863418.0,12.0,17590254.0,2110830.48,15479423.52
343,2025-08-15,Holly Gonzales,Individual,BMW 5 Series,Kochi,Grey,Electric,Automatic,Online,2,8030940.0,5.0,16061880.0,803094.0,15258786.0
344,2024-10-02,Douglas Ramirez,Luxury,BMW 5 Series,Mumbai,Silver,Electric,Automatic,Online,3,7660556.0,10.0,22981668.0,2298166.8,20683501.2
345,2025-10-02,Kathy Tapia,Luxury,BMW X1,Jaipur,Silver,Hybrid,Manual,Dealer,3,6272817.0,2.0,18818451.0,376369.02,18442081.98
346,2023-09-27,Holly Mendez,Corporate,BMW X1,Ahmedabad,Grey,Petrol,Automatic,Online,1,5809260.0,2.0,5809260.0,116185.2,5693074.8
347,2026-02-24,Shane Williams,Individual,BMW 7 Series,Kolkata,Red,Diesel,Manual,Dealer,2,18767920.0,5.0,37535840.0,1876792.0,35659048.0
348,2025-08-15,Andre Pierce DDS,Luxury,BMW i7,Bangalore,Black,Petrol,Manual,Online,2,14057853.0,2.0,28115706.0,562314.12,27553391.88
349,2025-11-22,Thomas Garcia,Individual,BMW i5,Kolkata,Black,Diesel,Manual,Online,3,9888301.0,7.0,29664903.0,2076543.21,27588359.79
350,2024-04-27,Travis Bautista,Luxury,BMW 5 Series,Jaipur,Red,Electric,Manual,Corporate,1,8431319.0,2.0,8431319.0,168626.38,8262692.62
351,2025-12-29,Dustin Beasley,Individual,BMW 5 Series,Delhi,White,Petrol,Automatic,Online,2,7965229.0,12.0,15930458.0,1911654.96,14018803.04
352,2025-05-03,Michael Burns,Individual,BMW 5 Series,Ahmedabad,Blue,Diesel,Automatic,Corporate,3,7784079.0,0.0,23352237.0,0.0,23352237.0
353,2024-01-06,Kimberly Knight,Corporate,BMW 7 Series,Chennai,Red,Electric,Automatic,Dealer,2,15374327.0,5.0,30748654.0,1537432.7,29211221.3
354,2026-05-04,Craig Price,Luxury,BMW X3,Bangalore,Blue,Petrol,Manual,Corporate,2,6561564.0,7.0,13123128.0,918618.96,12204509.04
355,2025-03-01,Andrew Murphy,Corporate,BMW 5 Series,Ahmedabad,Black,Hybrid,Automatic,Dealer,3,7454618.0,5.0,22363854.0,1118192.7,21245661.3
356,2023-11-17,Michele Smith,Individual,BMW X3,Bangalore,Black,Diesel,Automatic,Dealer,3,7703581.0,12.0,23110743.0,2773289.16,20337453.84
357,2023-10-17,Michelle Miller,Luxury,BMW X1,Chennai,White,Diesel,Automatic,Corporate,2,5989362.0,7.0,11978724.0,838510.68,11140213.32
358,2023-11-11,Christine Walker,Individual,BMW X7,Mumbai,Silver,Electric,Manual,Corporate,1,13349735.0,7.0,13349735.0,934481.45,12415253.55
359,2025-12-06,Felicia Martinez,Corporate,BMW X5,Bangalore,White,Diesel,Automatic,Dealer,3,11605712.0,0.0,34817136.0,0.0,34817136.0
360,2024-02-09,Diana Hickman,Corporate,BMW i4,Delhi,Red,Hybrid,Automatic,Dealer,2,7651580.0,0.0,15303160.0,0.0,15303160.0
361,2026-06-07,Angela Webb,Luxury,BMW X3,Kochi,White,Hybrid,Manual,Online,3,7137344.0,10.0,21412032.0,2141203.2,19270828.8
362,2023-12-12,Amber Foley,Luxury,BMW X1,Jaipur,Grey,Petrol,Automatic,Online,1,5514068.0,0.0,5514068.0,0.0,5514068.0
363,2026-01-17,David Torres MD,Individual,BMW 3 Series,Pune,Silver,Electric,Automatic,Corporate,3,4503066.0,7.0,13509198.0,945643.86,12563554.14
364,2024-06-28,Curtis Moreno,Individual,BMW X1,Kolkata,Silver,Electric,Automatic,Dealer,1,6031859.0,2.0,6031859.0,120637.18,5911221.82
365,2024-01-14,Valerie Hinton,Luxury,BMW i5,Kolkata,Silver,Petrol,Automatic,Dealer,2,10469782.0,7.0,20939564.0,1465769.48,19473794.52
366,2023-10-27,Matthew Smith,Corporate,BMW X7,Bangalore,Grey,Diesel,Automatic,Online,3,14482590.0,0.0,43447770.0,0.0,43447770.0
367,2024-06-21,William Ray,Individual,BMW X5,Kolkata,Blue,Diesel,Automatic,Dealer,2,10868398.0,7.0,21736796.0,1521575.72,20215220.28
368,2026-04-11,Robert Gilbert,Corporate,BMW i7,Bangalore,Grey,Hybrid,Manual,Dealer,1,14651839.0,2.0,14651839.0,293036.78,14358802.22
369,2024-02-17,Kathryn Berry,Individual,BMW i5,Pune,Blue,Hybrid,Manual,Dealer,1,10615513.0,7.0,10615513.0,743085.91,9872427.09
370,2026-06-12,Joseph Holloway,Corporate,BMW 7 Series,Delhi,White,Petrol,Automatic,Online,1,14338310.0,5.0,14338310.0,716915.5,13621394.5
371,2025-08-12,Maria Lopez,Corporate,BMW i5,Chennai,White,Petrol,Manual,Corporate,2,10420156.0,5.0,20840312.0,1042015.6,19798296.4
372,2025-03-12,Jonathan Welch,Individual,BMW i5,Mumbai,White,Petrol,Automatic,Dealer,2,9198653.0,0.0,18397306.0,0.0,18397306.0
373,2025-03-17,Sharon Reynolds,Individual,BMW 7 Series,Mumbai,Silver,Petrol,Manual,Dealer,2,17360323.0,12.0,34720646.0,4166477.52,30554168.48
374,2024-07-12,Austin Alvarez,Individual,BMW 5 Series,Mumbai,White,Petrol,Manual,Dealer,3,8392671.0,7.0,25178013.0,1762460.91,23415552.09
375,2024-10-30,Matthew Wood,Individual,BMW i4,Chennai,Silver,Hybrid,Manual,Online,3,7352298.0,7.0,22056894.0,1543982.58,20512911.42
376,2025-05-07,Sharon Hines,Individual,BMW X7,Hyderabad,Blue,Electric,Manual,Dealer,1,13484545.0,2.0,13484545.0,269690.9,13214854.1
377,2024-10-27,Rhonda Everett,Luxury,BMW i7,Kochi,Blue,Hybrid,Manual,Online,1,16587789.0,12.0,16587789.0,1990534.68,14597254.32
378,2026-03-21,Jonathan Jones,Luxury,BMW 3 Series,Bangalore,Grey,Diesel,Automatic,Corporate,2,5086732.0,2.0,10173464.0,203469.28,9969994.72
379,2024-07-01,Carlos Lambert,Luxury,BMW 3 Series,Kolkata,Grey,Hybrid,Manual,Corporate,3,6139796.0,5.0,18419388.0,920969.4,17498418.6
380,2024-01-25,Ryan Medina,Corporate,BMW X5,Kolkata,Blue,Diesel,Automatic,Dealer,1,10634289.0,0.0,10634289.0,0.0,10634289.0
381,2026-06-20,Alejandro Myers,Luxury,BMW i4,Jaipur,White,Petrol,Automatic,Dealer,3,7749591.0,2.0,23248773.0,464975.46,22783797.54
382,2025-07-10,Sheila Mcclure,Individual,BMW X3,Jaipur,Grey,Electric,Automatic,Dealer,1,6617248.0,10.0,6617248.0,661724.8,5955523.2
383,2023-11-30,Abigail Kramer,Luxury,BMW i7,Pune,Blue,Petrol,Manual,Corporate,3,17381490.0,12.0,52144470.0,6257336.4,45887133.6
384,2024-06-27,Christina Crane,Individual,BMW 7 Series,Kochi,Blue,Diesel,Manual,Dealer,2,15579018.0,10.0,31158036.0,3115803.6,28042232.4
385,2024-05-15,Eric Norton,Corporate,BMW 3 Series,Mumbai,Red,Hybrid,Automatic,Corporate,1,5761778.0,0.0,5761778.0,0.0,5761778.0
386,2026-04-10,Mary Gomez,Individual,BMW X1,Hyderabad,Blue,Petrol,Automatic,Corporate,3,5714623.0,2.0,17143869.0,342877.38,16800991.62
387,2024-03-07,Charles Martin,Corporate,BMW 7 Series,Bangalore,Blue,Hybrid,Automatic,Online,2,18414881.0,0.0,36829762.0,0.0,36829762.0
388,2024-07-01,Barbara Thompson,Individual,BMW X5,Hyderabad,Silver,Hybrid,Manual,Corporate,3,10160619.0,7.0,30481857.0,2133729.99,28348127.01
389,2024-12-24,Justin Pena,Corporate,BMW i5,Kochi,Silver,Diesel,Manual,Corporate,2,10650441.0,2.0,21300882.0,426017.64,20874864.36
390,2024-12-21,Karen Vega,Individual,BMW X3,Hyderabad,Silver,Hybrid,Automatic,Corporate,3,6872681.0,0.0,20618043.0,0.0,20618043.0
391,2026-03-16,Elizabeth Barrett,Corporate,BMW X5,Kochi,Black,Hybrid,Automatic,Corporate,3,10426501.0,10.0,31279503.0,3127950.3,28151552.7
392,2025-10-13,Brian Jensen,Corporate,BMW 5 Series,Mumbai,Silver,Petrol,Manual,Dealer,2,7227313.0,2.0,14454626.0,289092.52,14165533.48
393,2023-09-06,Robert Townsend,Luxury,BMW X3,Mumbai,Blue,Electric,Automatic,Dealer,3,7023325.0,0.0,21069975.0,0.0,21069975.0
394,2024-10-21,Rita Scott,Corporate,BMW 3 Series,Kolkata,White,Hybrid,Manual,Online,3,5419014.0,7.0,16257042.0,1137992.94,15119049.06
395,2024-07-07,Miss Lacey Williams,Corporate,BMW i5,Kolkata,Silver,Diesel,Automatic,Dealer,2,9212711.0,10.0,18425422.0,1842542.2,16582879.8
396,2024-07-05,Jessica Thomas,Individual,BMW 3 Series,Delhi,Black,Petrol,Manual,Online,2,4542106.0,5.0,9084212.0,454210.6,8630001.4
397,2024-06-19,Natalie Mata,Corporate,BMW 7 Series,Bangalore,Red,Hybrid,Automatic,Corporate,1,18588956.0,5.0,18588956.0,929447.8,17659508.2
398,2024-06-21,Sherry Hernandez,Individual,BMW 7 Series,Kochi,Black,Electric,Automatic,Online,1,17642336.0,0.0,17642336.0,0.0,17642336.0
399,2024-12-26,William Rodriguez,Individual,BMW i5,Jaipur,Blue,Diesel,Automatic,Online,3,9556300.0,5.0,28668900.0,1433445.0,27235455.0
400,2024-01-17,Jordan Todd,Corporate,BMW i7,Jaipur,Black,Electric,Automatic,Dealer,2,17522605.0,2.0,35045210.0,700904.2,34344305.8
401,2024-09-04,Diana Morse,Luxury,BMW X3,Kochi,Black,Diesel,Automatic,Online,1,7507321.0,0.0,7507321.0,0.0,7507321.0
402,2025-10-24,Robert Martin,Luxury,BMW 5 Series,Ahmedabad,Grey,Hybrid,Manual,Online,1,8269512.0,5.0,8269512.0,413475.6,7856036.4
403,2023-10-06,Julie Moreno,Corporate,BMW 5 Series,Jaipur,Grey,Electric,Automatic,Dealer,1,7312703.0,5.0,7312703.0,365635.15,6947067.85
404,2024-01-07,Amanda Cruz,Luxury,BMW X3,Ahmedabad,Blue,Petrol,Automatic,Corporate,2,7475297.0,2.0,14950594.0,299011.88,14651582.12
405,2026-05-03,Paul Ramsey,Corporate,BMW 5 Series,Bangalore,Grey,Diesel,Automatic,Corporate,2,7901193.0,10.0,15802386.0,1580238.6,14222147.4
406,2025-06-04,Anna Matthews,Individual,BMW X7,Jaipur,White,Hybrid,Manual,Online,2,14881771.0,10.0,29763542.0,2976354.2,26787187.8
407,2024-09-23,Jake Wallace,Corporate,BMW 3 Series,Jaipur,Silver,Diesel,Automatic,Dealer,3,5697935.0,10.0,17093805.0,1709380.5,15384424.5
408,2026-05-16,Richard Branch,Individual,BMW 7 Series,Mumbai,Grey,Petrol,Manual,Corporate,1,15616703.0,0.0,15616703.0,0.0,15616703.0
409,2025-02-09,Ronald Miller,Luxury,BMW 7 Series,Kochi,Black,Petrol,Manual,Online,2,16163307.0,12.0,32326614.0,3879193.68,28447420.32
410,2025-02-21,Michelle Robinson,Individual,BMW i5,Pune,Grey,Petrol,Manual,Online,2,10796471.0,10.0,21592942.0,2159294.2,19433647.8
411,2024-11-04,Sarah Matthews,Corporate,BMW 7 Series,Hyderabad,Black,Petrol,Automatic,Corporate,3,18752934.0,10.0,56258802.0,5625880.2,50632921.8
412,2025-08-23,James Clark,Individual,BMW X5,Kolkata,Grey,Hybrid,Automatic,Online,2,10607869.0,12.0,21215738.0,2545888.56,18669849.44
413,2025-08-12,Nathan Cole,Corporate,BMW X7,Hyderabad,Silver,Hybrid,Automatic,Online,3,14593105.0,12.0,43779315.0,5253517.8,38525797.2
414,2024-02-04,Ashley Bridges,Corporate,BMW X1,Chennai,Black,Electric,Manual,Online,2,5996604.0,5.0,11993208.0,599660.4,11393547.6
415,2026-05-28,Jared Davis,Corporate,BMW i4,Bangalore,Silver,Hybrid,Manual,Corporate,1,7478061.0,5.0,7478061.0,373903.05,7104157.95
416,2023-11-12,James Abbott,Luxury,BMW X7,Kochi,Grey,Diesel,Manual,Online,1,14707653.0,2.0,14707653.0,294153.06,14413499.94
417,2025-03-16,Kevin Hughes,Luxury,BMW i5,Pune,White,Petrol,Manual,Corporate,1,10721798.0,10.0,10721798.0,1072179.8,9649618.2
418,2025-11-30,Timothy Graves,Individual,BMW X7,Hyderabad,Black,Diesel,Automatic,Dealer,3,15273723.0,10.0,45821169.0,4582116.9,41239052.1
419,2025-12-17,John Harvey,Corporate,BMW X1,Chennai,Silver,Diesel,Manual,Online,1,5957242.0,5.0,5957242.0,297862.1,5659379.9
420,2023-11-26,Julie Hayes,Corporate,BMW i5,Kolkata,Black,Diesel,Manual,Corporate,1,10332550.0,12.0,10332550.0,1239906.0,9092644.0
421,2024-03-03,Robert Brown,Corporate,BMW i4,Hyderabad,Blue,Electric,Automatic,Corporate,3,7995271.0,10.0,23985813.0,2398581.3,21587231.7
422,2026-07-13,Christopher Jordan,Luxury,BMW 5 Series,Delhi,White,Diesel,Automatic,Dealer,2,6557567.0,0.0,13115134.0,0.0,13115134.0
423,2024-05-09,Lacey Hall,Individual,BMW X1,Delhi,Black,Petrol,Manual,Corporate,2,6366477.0,10.0,12732954.0,1273295.4,11459658.6
424,2026-03-07,Kathleen Taylor,Corporate,BMW 7 Series,Kochi,Red,Electric,Manual,Online,1,14070998.0,5.0,14070998.0,703549.9,13367448.1
425,2026-02-20,Tasha Hendricks,Individual,BMW X5,Ahmedabad,Blue,Hybrid,Automatic,Corporate,1,10556959.0,7.0,10556959.0,738987.13,9817971.87
426,2023-09-06,Breanna Rodgers,Individual,BMW X5,Jaipur,Blue,Petrol,Manual,Online,3,11990462.0,5.0,35971386.0,1798569.3,34172816.7
427,2025-04-24,Jason Valenzuela,Individual,BMW X3,Pune,Silver,Electric,Automatic,Corporate,2,7080669.0,12.0,14161338.0,1699360.56,12461977.44
428,2026-05-17,Sonia Lawson,Luxury,BMW X1,Chennai,Blue,Diesel,Automatic,Online,2,6258361.0,12.0,12516722.0,1502006.64,11014715.36
429,2024-02-26,Danny Summers,Corporate,BMW X3,Delhi,Silver,Petrol,Automatic,Corporate,2,7377795.0,7.0,14755590.0,1032891.3,13722698.7
430,2025-03-15,Dr. Mark Thompson,Luxury,BMW X1,Jaipur,Blue,Electric,Automatic,Corporate,2,6338640.0,12.0,12677280.0,1521273.6,11156006.4
431,2025-05-01,Christopher Clark MD,Luxury,BMW 7 Series,Delhi,Silver,Electric,Automatic,Online,2,14818753.0,2.0,29637506.0,592750.12,29044755.88
432,2024-08-07,James Barnes,Corporate,BMW 5 Series,Mumbai,Blue,Hybrid,Manual,Online,1,7245083.0,12.0,7245083.0,869409.96,6375673.04
433,2023-11-27,Sarah Schwartz,Individual,BMW i7,Delhi,Black,Petrol,Manual,Corporate,1,15945153.0,7.0,15945153.0,1116160.71,14828992.29
434,2024-01-20,Samantha Mann,Individual,BMW 5 Series,Kolkata,Black,Diesel,Automatic,Online,2,7611151.0,7.0,15222302.0,1065561.14,14156740.86
435,2025-03-09,Tracy Moreno,Corporate,BMW X7,Kochi,Blue,Diesel,Automatic,Online,2,15744863.0,2.0,31489726.0,629794.52,30859931.48
436,2023-11-01,Stephanie Wilson,Luxury,BMW 7 Series,Pune,Blue,Diesel,Automatic,Dealer,1,14486653.0,7.0,14486653.0,1014065.71,13472587.29
437,2024-08-22,Teresa Berry,Corporate,BMW i4,Bangalore,Silver,Hybrid,Manual,Online,3,7271383.0,7.0,21814149.0,1526990.43,20287158.57
438,2026-03-05,Peter Raymond,Corporate,BMW X7,Chennai,Silver,Electric,Automatic,Corporate,3,12158231.0,2.0,36474693.0,729493.86,35745199.14
439,2025-02-01,Christopher Foster,Luxury,BMW X1,Chennai,Silver,Diesel,Automatic,Online,1,6419243.0,12.0,6419243.0,770309.16,5648933.84
440,2026-03-06,Tyler Nguyen,Individual,BMW X3,Hyderabad,Red,Electric,Automatic,Dealer,2,6715394.0,10.0,13430788.0,1343078.8,12087709.2
441,2024-10-13,Teresa Raymond,Luxury,BMW X3,Delhi,Red,Electric,Manual,Dealer,3,7456146.0,10.0,22368438.0,2236843.8,20131594.2
442,2024-06-10,Carl Smith,Individual,BMW X5,Ahmedabad,Grey,Petrol,Automatic,Corporate,1,11006807.0,2.0,11006807.0,220136.14,10786670.86
443,2024-12-14,Ariel Barber,Luxury,BMW 7 Series,Mumbai,White,Petrol,Manual,Corporate,3,14183821.0,10.0,42551463.0,4255146.3,38296316.7
444,2025-08-08,Melissa Roberts,Luxury,BMW 3 Series,Kolkata,Red,Petrol,Automatic,Dealer,3,6338246.0,5.0,19014738.0,950736.9,18064001.1
445,2024-11-14,Jennifer Jenkins,Luxury,BMW 3 Series,Chennai,Grey,Hybrid,Automatic,Online,1,5946510.0,7.0,5946510.0,416255.7,5530254.3
446,2023-10-27,Daniel Reese,Corporate,BMW i4,Hyderabad,Silver,Petrol,Manual,Corporate,3,7430954.0,12.0,22292862.0,2675143.44,19617718.56
447,2025-08-31,Rachel Mccormick,Individual,BMW 5 Series,Jaipur,Silver,Diesel,Manual,Corporate,3,7066183.0,10.0,21198549.0,2119854.9,19078694.1
448,2025-06-16,Nathan Bradshaw,Corporate,BMW i7,Bangalore,Grey,Diesel,Automatic,Corporate,1,15185758.0,0.0,15185758.0,0.0,15185758.0
449,2026-04-20,Sarah Cooley,Individual,BMW X1,Pune,White,Petrol,Manual,Corporate,2,6475213.0,5.0,12950426.0,647521.3,12302904.7
450,2025-08-14,James Nelson,Luxury,BMW i4,Pune,Silver,Petrol,Automatic,Corporate,1,7491793.0,0.0,7491793.0,0.0,7491793.0
451,2023-10-18,Gina Gonzalez,Luxury,BMW i4,Hyderabad,Silver,Petrol,Manual,Dealer,3,7188917.0,0.0,21566751.0,0.0,21566751.0
452,2023-12-15,Katie Turner,Corporate,BMW i4,Delhi,Black,Diesel,Automatic,Online,2,7553910.0,0.0,15107820.0,0.0,15107820.0
453,2024-01-11,Jonathon Mooney,Corporate,BMW X5,Kolkata,Black,Diesel,Automatic,Online,1,9986124.0,0.0,9986124.0,0.0,9986124.0
454,2026-05-27,Omar Jones,Individual,BMW i4,Kochi,Blue,Electric,Automatic,Online,3,7562685.0,0.0,22688055.0,0.0,22688055.0
455,2025-03-16,Jay Roberts,Individual,BMW X7,Ahmedabad,Grey,Hybrid,Automatic,Dealer,2,13140150.0,12.0,26280300.0,3153636.0,23126664.0
456,2024-05-24,Ashley Martin,Luxury,BMW 3 Series,Hyderabad,Grey,Hybrid,Automatic,Online,2,4717502.0,10.0,9435004.0,943500.4,8491503.6
457,2025-08-12,Brandon Wright,Individual,BMW X5,Kochi,White,Hybrid,Manual,Online,3,9620864.0,12.0,28862592.0,3463511.04,25399080.96
458,2023-10-14,George Gonzalez,Luxury,BMW i4,Chennai,Blue,Petrol,Automatic,Online,2,7132825.0,12.0,14265650.0,1711878.0,12553772.0
459,2024-05-30,Lisa Hatfield,Corporate,BMW i5,Jaipur,Black,Hybrid,Automatic,Online,3,10443347.0,10.0,31330041.0,3133004.1,28197036.9
460,2025-03-12,Paul Cox,Luxury,BMW X7,Hyderabad,Black,Petrol,Automatic,Online,3,15519159.0,10.0,46557477.0,4655747.7,41901729.3
461,2025-03-07,Charles Johnson,Individual,BMW i4,Hyderabad,White,Electric,Manual,Corporate,2,7157003.0,5.0,14314006.0,715700.3,13598305.7
462,2025-04-17,Barbara Hood,Corporate,BMW X1,Jaipur,White,Petrol,Manual,Corporate,2,6349134.0,7.0,12698268.0,888878.76,11809389.24
463,2025-08-09,Amy Newton,Individual,BMW i4,Bangalore,Black,Hybrid,Automatic,Online,2,8045338.0,5.0,16090676.0,804533.8,15286142.2
464,2025-04-05,Kathryn Norman,Luxury,BMW X7,Chennai,Black,Electric,Automatic,Corporate,3,14336776.0,0.0,43010328.0,0.0,43010328.0
465,2025-06-02,Jorge Bryant,Luxury,BMW i4,Pune,Grey,Electric,Manual,Corporate,1,7761984.0,2.0,7761984.0,155239.68,7606744.32
466,2024-08-12,Steven Freeman,Corporate,BMW X5,Ahmedabad,White,Petrol,Manual,Corporate,1,9978248.0,12.0,9978248.0,1197389.76,8780858.24
467,2024-11-16,Gabrielle Everett,Corporate,BMW X3,Jaipur,Black,Petrol,Automatic,Dealer,2,7594682.0,12.0,15189364.0,1822723.68,13366640.32
468,2024-07-04,Deborah Watson,Individual,BMW X7,Bangalore,White,Petrol,Manual,Online,3,13066566.0,2.0,39199698.0,783993.96,38415704.04
469,2026-07-02,Evelyn Lam,Corporate,BMW X1,Pune,Silver,Petrol,Manual,Corporate,2,5226001.0,0.0,10452002.0,0.0,10452002.0
470,2023-11-28,Cheryl Nelson,Luxury,BMW i7,Jaipur,Red,Petrol,Manual,Online,2,14564704.0,0.0,29129408.0,0.0,29129408.0
471,2024-12-15,Vickie Carr DVM,Corporate,BMW i5,Hyderabad,Silver,Diesel,Automatic,Corporate,3,10450846.0,2.0,31352538.0,627050.76,30725487.24
472,2025-03-19,Dr. Joyce Norton,Corporate,BMW i7,Kochi,Grey,Hybrid,Automatic,Online,2,17702294.0,10.0,35404588.0,3540458.8,31864129.2
473,2024-12-28,Jessica Schaefer,Luxury,BMW X5,Delhi,Grey,Electric,Manual,Corporate,1,11399372.0,2.0,11399372.0,227987.44,11171384.56
474,2023-09-14,Paul Miller,Luxury,BMW i5,Mumbai,Silver,Electric,Manual,Dealer,1,9421294.0,10.0,9421294.0,942129.4,8479164.6
475,2025-05-09,Patrick Hensley,Luxury,BMW 7 Series,Jaipur,Blue,Petrol,Manual,Online,3,18550748.0,12.0,55652244.0,6678269.28,48973974.72
476,2026-03-16,Jacob Walker,Individual,BMW i7,Kochi,Grey,Electric,Manual,Corporate,3,17953859.0,12.0,53861577.0,6463389.24,47398187.76
477,2024-07-12,Belinda Mccarty,Corporate,BMW 5 Series,Chennai,Silver,Petrol,Automatic,Dealer,1,7298742.0,0.0,7298742.0,0.0,7298742.0
478,2024-06-01,Anthony Mason,Corporate,BMW X3,Delhi,Blue,Diesel,Automatic,Online,1,6807082.0,12.0,6807082.0,816849.84,5990232.16
479,2024-04-26,Deborah Harmon,Individual,BMW 5 Series,Kochi,Red,Diesel,Manual,Corporate,3,8320402.0,12.0,24961206.0,2995344.72,21965861.28
480,2024-08-27,Lauren Davis,Individual,BMW X3,Chennai,Silver,Electric,Automatic,Corporate,2,7300236.0,7.0,14600472.0,1022033.04,13578438.96
481,2026-03-16,Mary Mason,Luxury,BMW X3,Mumbai,Silver,Electric,Automatic,Dealer,2,7801412.0,2.0,15602824.0,312056.48,15290767.52
482,2023-08-30,Lisa Romero,Corporate,BMW X3,Ahmedabad,White,Diesel,Automatic,Dealer,3,6872089.0,0.0,20616267.0,0.0,20616267.0
483,2024-02-02,Lauren Carr,Corporate,BMW X7,Delhi,White,Electric,Automatic,Online,2,14334543.0,2.0,28669086.0,573381.72,28095704.28
484,2024-03-25,Kenneth Terrell,Luxury,BMW 7 Series,Chennai,Black,Electric,Manual,Corporate,2,15289357.0,10.0,30578714.0,3057871.4,27520842.6
485,2026-04-26,Jacob Watson,Corporate,BMW X5,Bangalore,White,Petrol,Automatic,Corporate,3,10833197.0,2.0,32499591.0,649991.82,31849599.18
486,2025-06-08,Jessica Payne,Corporate,BMW i5,Kolkata,White,Electric,Manual,Online,2,9192823.0,2.0,18385646.0,367712.92,18017933.08
487,2023-09-12,Christopher Werner,Luxury,BMW X1,Kochi,Silver,Petrol,Automatic,Online,2,6112536.0,10.0,12225072.0,1222507.2,11002564.8
488,2025-07-06,Tony Rodriguez,Corporate,BMW i4,Mumbai,White,Petrol,Manual,Dealer,3,8346925.0,10.0,25040775.0,2504077.5,22536697.5
489,2024-01-02,Dominic Watson,Corporate,BMW X7,Delhi,Black,Electric,Manual,Dealer,3,14265919.0,5.0,42797757.0,2139887.85,40657869.15
490,2025-11-14,Scott Brown,Luxury,BMW X3,Mumbai,Black,Diesel,Automatic,Dealer,3,7171744.0,0.0,21515232.0,0.0,21515232.0
491,2026-01-27,Justin Hale,Luxury,BMW X1,Mumbai,White,Hybrid,Automatic,Corporate,2,6437398.0,0.0,12874796.0,0.0,12874796.0
492,2024-04-07,Juan Norton,Individual,BMW 7 Series,Chennai,Black,Petrol,Automatic,Dealer,3,17852260.0,5.0,53556780.0,2677839.0,50878941.0
493,2024-05-27,Megan Scott,Corporate,BMW X3,Jaipur,Blue,Hybrid,Manual,Corporate,3,6647727.0,2.0,19943181.0,398863.62,19544317.38
494,2025-08-29,April Hines,Luxury,BMW X7,Kolkata,Silver,Petrol,Automatic,Corporate,1,13327095.0,7.0,13327095.0,932896.65,12394198.35
495,2025-05-08,Morgan Wong,Luxury,BMW i7,Bangalore,Black,Petrol,Manual,Dealer,3,17170728.0,10.0,51512184.0,5151218.4,46360965.6
496,2026-04-10,Jeremy Ramirez,Luxury,BMW X3,Delhi,Grey,Hybrid,Manual,Dealer,1,7772060.0,5.0,7772060.0,388603.0,7383457.0
497,2026-04-25,James Strickland,Luxury,BMW i4,Hyderabad,Silver,Hybrid,Manual,Dealer,1,8118762.0,2.0,8118762.0,162375.24,7956386.76
498,2024-07-19,Randall Haynes,Individual,BMW X3,Pune,White,Petrol,Automatic,Corporate,3,6523383.0,10.0,19570149.0,1957014.9,17613134.1
499,2026-05-29,Jennifer Odonnell,Individual,BMW i7,Kolkata,Blue,Diesel,Manual,Online,3,16252978.0,0.0,48758934.0,0.0,48758934.0
500,2024-12-20,Steven Henry,Individual,BMW i5,Hyderabad,Red,Electric,Automatic,Dealer,1,9337545.0,2.0,9337545.0,186750.9,9150794.1
501,2024-02-12,Lucas Hopkins,Luxury,BMW i7,Chennai,Silver,Petrol,Manual,Dealer,3,17570978.0,7.0,52712934.0,3689905.38,49023028.62
502,2024-05-09,Leslie Page,Individual,BMW X3,Bangalore,Grey,Electric,Manual,Corporate,3,6914014.0,10.0,20742042.0,2074204.2,18667837.8
503,2024-05-14,Diana Duncan,Corporate,BMW X1,Bangalore,White,Electric,Manual,Online,3,5597975.0,0.0,16793925.0,0.0,16793925.0
504,2024-11-10,Shannon Ramirez,Corporate,BMW i7,Delhi,Red,Electric,Manual,Dealer,3,16908574.0,2.0,50725722.0,1014514.44,49711207.56
505,2025-04-15,Nicholas Bell,Corporate,BMW 3 Series,Pune,Silver,Hybrid,Manual,Dealer,1,5016266.0,12.0,5016266.0,601951.92,4414314.08
506,2024-05-30,Rachel Payne,Individual,BMW X5,Ahmedabad,Blue,Hybrid,Automatic,Corporate,2,11441326.0,5.0,22882652.0,1144132.6,21738519.4
507,2024-12-26,Dale Jackson,Luxury,BMW i7,Bangalore,Red,Diesel,Manual,Corporate,2,17530735.0,2.0,35061470.0,701229.4,34360240.6
508,2024-11-17,Jeffrey Jackson,Luxury,BMW 5 Series,Bangalore,Silver,Petrol,Manual,Dealer,1,8370880.0,10.0,8370880.0,837088.0,7533792.0
509,2025-02-02,Holly Martin,Corporate,BMW 3 Series,Jaipur,Grey,Diesel,Manual,Dealer,3,5046552.0,10.0,15139656.0,1513965.6,13625690.4
510,2026-01-22,Frederick Arnold MD,Corporate,BMW i7,Delhi,Red,Petrol,Manual,Corporate,2,14561538.0,10.0,29123076.0,2912307.6,26210768.4
511,2026-06-05,Michael Avila,Individual,BMW 3 Series,Mumbai,White,Diesel,Manual,Dealer,3,6278346.0,12.0,18835038.0,2260204.56,16574833.44
512,2026-02-08,Amy Ramsey,Individual,BMW i7,Kochi,Silver,Hybrid,Manual,Dealer,1,16765779.0,12.0,16765779.0,2011893.48,14753885.52
513,2024-12-15,Chelsea Lamb,Luxury,BMW i4,Mumbai,White,Petrol,Automatic,Online,2,7131829.0,5.0,14263658.0,713182.9,13550475.1
514,2025-09-07,Billy Mckenzie,Luxury,BMW X7,Ahmedabad,Black,Electric,Automatic,Corporate,2,15849959.0,0.0,31699918.0,0.0,31699918.0
515,2023-08-15,Ashley Cruz,Corporate,BMW X3,Delhi,White,Hybrid,Manual,Corporate,3,7713478.0,10.0,23140434.0,2314043.4,20826390.6
516,2024-05-09,Sharon Brown,Corporate,BMW 5 Series,Jaipur,Red,Hybrid,Manual,Online,2,7027614.0,2.0,14055228.0,281104.56,13774123.44
517,2026-01-06,Teresa Brown,Individual,BMW i4,Kochi,Grey,Diesel,Automatic,Corporate,3,7013836.0,2.0,21041508.0,420830.16,20620677.84
518,2024-06-17,Kari Quinn,Corporate,BMW X3,Mumbai,Blue,Petrol,Automatic,Online,1,6815076.0,2.0,6815076.0,136301.52,6678774.48
519,2025-06-07,Stephanie Skinner,Individual,BMW 5 Series,Ahmedabad,White,Diesel,Manual,Dealer,2,7916058.0,7.0,15832116.0,1108248.12,14723867.88
520,2025-02-11,Adam Thomas,Individual,BMW 3 Series,Hyderabad,White,Petrol,Automatic,Dealer,3,5702688.0,2.0,17108064.0,342161.28,16765902.72
521,2024-10-07,Cynthia Moore,Individual,BMW X3,Hyderabad,Red,Petrol,Manual,Dealer,2,7583474.0,10.0,15166948.0,1516694.8,13650253.2
522,2025-02-13,Timothy Solis,Luxury,BMW i4,Kochi,White,Hybrid,Automatic,Dealer,2,7988625.0,2.0,15977250.0,319545.0,15657705.0
523,2024-07-03,Raymond Bailey,Luxury,BMW i7,Jaipur,Silver,Electric,Manual,Corporate,1,15109480.0,12.0,15109480.0,1813137.6,13296342.4
524,2024-12-15,Timothy Allen,Luxury,BMW 5 Series,Mumbai,Black,Petrol,Automatic,Corporate,2,7293166.0,2.0,14586332.0,291726.64,14294605.36
525,2023-09-27,Rebekah Gonzalez,Individual,BMW X7,Hyderabad,Grey,Petrol,Automatic,Online,1,14539697.0,2.0,14539697.0,290793.94,14248903.06
526,2024-10-18,Nicole Hill,Corporate,BMW 7 Series,Kochi,Silver,Hybrid,Manual,Dealer,1,18523858.0,12.0,18523858.0,2222862.96,16300995.04
527,2026-07-03,Matthew Arellano,Individual,BMW i5,Kolkata,Blue,Petrol,Manual,Online,2,9481267.0,7.0,18962534.0,1327377.38,17635156.62
528,2026-01-10,Erika Anderson,Individual,BMW i4,Mumbai,Red,Hybrid,Manual,Dealer,2,7175778.0,10.0,14351556.0,1435155.6,12916400.4
529,2024-04-15,Rachel Wilson,Luxury,BMW 3 Series,Kochi,Black,Hybrid,Automatic,Online,1,5595847.0,10.0,5595847.0,559584.7,5036262.3
530,2025-02-04,Bruce Waters,Luxury,BMW X7,Pune,Silver,Electric,Manual,Online,1,12447042.0,7.0,12447042.0,871292.94,11575749.06
531,2026-01-21,Brian Parker,Luxury,BMW i7,Pune,Grey,Diesel,Manual,Corporate,2,16566413.0,12.0,33132826.0,3975939.12,29156886.88
532,2024-01-18,Bobby Hill,Luxury,BMW i4,Hyderabad,Grey,Electric,Manual,Online,3,7776392.0,10.0,23329176.0,2332917.6,20996258.4
533,2025-09-21,Christina Thomas,Luxury,BMW X7,Hyderabad,Silver,Diesel,Manual,Dealer,3,15586125.0,0.0,46758375.0,0.0,46758375.0
534,2024-03-18,Regina Moore,Corporate,BMW 5 Series,Mumbai,Red,Petrol,Automatic,Corporate,2,7566073.0,5.0,15132146.0,756607.3,14375538.7
535,2025-09-07,Nicole Bradley,Individual,BMW 3 Series,Bangalore,Red,Hybrid,Automatic,Online,1,6226491.0,7.0,6226491.0,435854.37,5790636.63
536,2024-10-09,Christine King,Luxury,BMW X1,Pune,Silver,Hybrid,Manual,Corporate,3,5167855.0,0.0,15503565.0,0.0,15503565.0
537,2024-12-25,Courtney Kennedy,Individual,BMW i5,Delhi,White,Hybrid,Manual,Dealer,3,10492345.0,0.0,31477035.0,0.0,31477035.0
538,2024-09-14,Sean Gates,Luxury,BMW i5,Delhi,Red,Diesel,Automatic,Dealer,1,9408413.0,10.0,9408413.0,940841.3,8467571.7
539,2025-08-10,Tyler Chang,Luxury,BMW X5,Mumbai,Blue,Hybrid,Manual,Online,1,9501204.0,0.0,9501204.0,0.0,9501204.0
540,2026-07-09,Daniel Hansen,Luxury,BMW X7,Kochi,Silver,Petrol,Automatic,Online,3,12840162.0,0.0,38520486.0,0.0,38520486.0
541,2025-12-21,John Castaneda,Corporate,BMW i5,Kochi,White,Diesel,Manual,Corporate,2,9730008.0,5.0,19460016.0,973000.8,18487015.2
542,2024-01-30,Amy Cisneros,Corporate,BMW 3 Series,Delhi,Black,Petrol,Manual,Dealer,2,4867074.0,10.0,9734148.0,973414.8,8760733.2
543,2025-09-11,Nicholas Lam,Luxury,BMW i5,Delhi,Blue,Hybrid,Manual,Online,3,10837342.0,10.0,32512026.0,3251202.6,29260823.4
544,2025-05-09,Nicholas Wade,Individual,BMW X1,Pune,Red,Petrol,Manual,Online,3,5962274.0,7.0,17886822.0,1252077.54,16634744.46
545,2024-08-03,Alexa Wagner,Corporate,BMW 5 Series,Kolkata,Silver,Diesel,Manual,Online,1,7828885.0,12.0,7828885.0,939466.2,6889418.8
546,2025-04-06,Tabitha Rodriguez,Corporate,BMW i5,Jaipur,White,Electric,Automatic,Corporate,3,9020391.0,5.0,27061173.0,1353058.65,25708114.35
547,2023-09-17,Sarah Nguyen,Luxury,BMW X5,Bangalore,Blue,Electric,Automatic,Online,1,11825957.0,7.0,11825957.0,827816.99,10998140.01
548,2024-06-27,Amanda Blackwell,Individual,BMW 7 Series,Mumbai,White,Diesel,Manual,Dealer,3,18185909.0,2.0,54557727.0,1091154.54,53466572.46
549,2024-06-26,Linda Scott,Luxury,BMW X1,Mumbai,Black,Petrol,Automatic,Corporate,2,6297291.0,2.0,12594582.0,251891.64,12342690.36
550,2024-06-07,Glenda Rodriguez,Corporate,BMW i4,Kochi,Grey,Electric,Manual,Corporate,3,7013890.0,0.0,21041670.0,0.0,21041670.0
551,2024-04-06,Mrs. Ariana Williams,Individual,BMW X3,Ahmedabad,Grey,Diesel,Automatic,Corporate,3,6883510.0,5.0,20650530.0,1032526.5,19618003.5
552,2025-09-05,Jesus Kelly,Luxury,BMW X7,Ahmedabad,Red,Electric,Manual,Dealer,3,15941196.0,0.0,47823588.0,0.0,47823588.0
553,2024-12-05,Michael Cox,Luxury,BMW i4,Bangalore,Blue,Petrol,Automatic,Dealer,3,8464324.0,7.0,25392972.0,1777508.04,23615463.96
554,2025-03-23,Jimmy Rivera MD,Luxury,BMW X7,Kochi,Red,Electric,Automatic,Online,2,12422567.0,5.0,24845134.0,1242256.7,23602877.3
555,2025-04-16,Kimberly Huffman,Corporate,BMW X1,Delhi,Blue,Diesel,Manual,Dealer,3,5988482.0,5.0,17965446.0,898272.3,17067173.7
556,2023-08-11,Kirsten Long,Luxury,BMW X7,Pune,Grey,Diesel,Automatic,Corporate,2,13531248.0,5.0,27062496.0,1353124.8,25709371.2
557,2025-11-26,Claudia Castillo,Individual,BMW X1,Bangalore,Grey,Hybrid,Automatic,Corporate,1,5566124.0,10.0,5566124.0,556612.4,5009511.6
558,2023-09-09,Nichole Woods,Corporate,BMW 7 Series,Ahmedabad,Grey,Diesel,Manual,Online,1,14081724.0,7.0,14081724.0,985720.68,13096003.32
559,2025-04-21,Thomas Hill,Individual,BMW X3,Jaipur,Black,Diesel,Automatic,Online,1,7690835.0,7.0,7690835.0,538358.45,7152476.55
560,2023-10-04,Melinda Gibson,Luxury,BMW i4,Bangalore,Blue,Electric,Manual,Corporate,3,7943413.0,5.0,23830239.0,1191511.95,22638727.05
561,2025-10-04,Kelly Kelly,Corporate,BMW X3,Pune,Blue,Diesel,Automatic,Online,2,6541597.0,0.0,13083194.0,0.0,13083194.0
562,2025-09-13,Adam Barton,Corporate,BMW X5,Jaipur,Black,Hybrid,Manual,Corporate,3,11544696.0,7.0,34634088.0,2424386.16,32209701.84
563,2025-06-09,Jonathan Baker,Individual,BMW 7 Series,Hyderabad,Red,Hybrid,Automatic,Dealer,2,16830218.0,12.0,33660436.0,4039252.32,29621183.68
564,2025-04-02,Tammy Brown,Corporate,BMW X5,Mumbai,Blue,Electric,Manual,Online,2,10814839.0,12.0,21629678.0,2595561.36,19034116.64
565,2024-10-01,Seth Glover,Individual,BMW X5,Kochi,White,Diesel,Automatic,Corporate,2,11684962.0,7.0,23369924.0,1635894.68,21734029.32
566,2024-12-22,Tammy Bryant,Individual,BMW X1,Delhi,White,Diesel,Manual,Dealer,3,6469467.0,0.0,19408401.0,0.0,19408401.0
567,2025-06-17,Amanda Taylor,Corporate,BMW 5 Series,Ahmedabad,Grey,Petrol,Automatic,Corporate,1,7650148.0,0.0,7650148.0,0.0,7650148.0
568,2024-05-20,Kyle Kennedy,Luxury,BMW 7 Series,Bangalore,White,Electric,Manual,Dealer,2,17270267.0,2.0,34540534.0,690810.68,33849723.32
569,2025-09-11,Samantha Byrd,Corporate,BMW 7 Series,Jaipur,Silver,Electric,Manual,Online,1,15431163.0,0.0,15431163.0,0.0,15431163.0
570,2024-02-04,Geoffrey Lopez,Luxury,BMW i5,Delhi,Silver,Diesel,Manual,Corporate,2,10150382.0,2.0,20300764.0,406015.28,19894748.72
571,2024-01-16,Sarah Kelly,Corporate,BMW i7,Kolkata,Red,Electric,Manual,Corporate,3,16195549.0,12.0,48586647.0,5830397.64,42756249.36
572,2023-10-28,Joseph Lee,Corporate,BMW X1,Bangalore,Grey,Electric,Automatic,Dealer,2,5926648.0,5.0,11853296.0,592664.8,11260631.2
573,2025-02-21,Elizabeth Smith,Luxury,BMW 3 Series,Jaipur,Blue,Hybrid,Automatic,Online,1,6209975.0,5.0,6209975.0,310498.75,5899476.25
574,2024-06-04,Robin Berry MD,Luxury,BMW i4,Delhi,Red,Diesel,Automatic,Online,2,7019152.0,5.0,14038304.0,701915.2,13336388.8
575,2025-02-22,Brian Turner,Corporate,BMW X1,Kolkata,White,Diesel,Manual,Dealer,2,6175567.0,7.0,12351134.0,864579.38,11486554.62
576,2025-01-11,Darin Russo,Luxury,BMW X3,Bangalore,Red,Electric,Manual,Corporate,3,7385500.0,2.0,22156500.0,443130.0,21713370.0
577,2024-11-27,Brian Mclean,Individual,BMW i5,Delhi,White,Diesel,Manual,Corporate,1,9865922.0,0.0,9865922.0,0.0,9865922.0
578,2026-01-09,Gabrielle Chen,Corporate,BMW i4,Kochi,Red,Hybrid,Automatic,Dealer,2,7949521.0,12.0,15899042.0,1907885.04,13991156.96
579,2026-02-27,Deborah Fisher,Individual,BMW 7 Series,Chennai,Black,Electric,Manual,Corporate,1,18487659.0,2.0,18487659.0,369753.18,18117905.82
580,2023-09-21,Robert Wilson,Corporate,BMW i4,Chennai,Black,Hybrid,Automatic,Online,1,7488239.0,2.0,7488239.0,149764.78,7338474.22
581,2024-05-04,Heidi Grant,Individual,BMW X3,Ahmedabad,Black,Electric,Automatic,Dealer,2,7278876.0,12.0,14557752.0,1746930.24,12810821.76
582,2024-06-09,Terry Zuniga,Corporate,BMW X3,Kolkata,White,Diesel,Manual,Dealer,3,6649704.0,7.0,19949112.0,1396437.84,18552674.16
583,2024-05-28,Ashley Torres,Corporate,BMW 5 Series,Mumbai,Silver,Petrol,Automatic,Corporate,2,7306979.0,2.0,14613958.0,292279.16,14321678.84
584,2024-02-15,Taylor Armstrong,Individual,BMW 5 Series,Jaipur,Grey,Electric,Manual,Corporate,1,7896719.0,7.0,7896719.0,552770.33,7343948.67
585,2024-11-25,Christopher Mitchell,Corporate,BMW 3 Series,Jaipur,Grey,Electric,Automatic,Dealer,1,5592461.0,5.0,5592461.0,279623.05,5312837.95
586,2024-12-13,Charles Knight,Corporate,BMW X1,Bangalore,Blue,Petrol,Automatic,Corporate,3,5494856.0,7.0,16484568.0,1153919.76,15330648.24
587,2025-01-19,Jeffrey Crane,Corporate,BMW 5 Series,Kolkata,Black,Hybrid,Automatic,Dealer,1,8154954.0,0.0,8154954.0,0.0,8154954.0
588,2025-06-17,Christian Keller,Individual,BMW X1,Hyderabad,Red,Electric,Automatic,Online,1,6048406.0,12.0,6048406.0,725808.72,5322597.28
589,2024-03-28,Gabriela Simpson,Corporate,BMW 7 Series,Jaipur,White,Electric,Manual,Corporate,1,14900866.0,7.0,14900866.0,1043060.62,13857805.38
590,2025-06-02,Paul Burns,Individual,BMW X1,Chennai,Silver,Diesel,Manual,Online,2,6445461.0,5.0,12890922.0,644546.1,12246375.9
591,2024-04-24,Christine Beck,Luxury,BMW i4,Jaipur,Grey,Diesel,Automatic,Online,3,7618061.0,12.0,22854183.0,2742501.96,20111681.04
592,2026-01-02,Angelica Scott,Corporate,BMW X5,Ahmedabad,White,Petrol,Automatic,Online,3,10654794.0,10.0,31964382.0,3196438.2,28767943.8
593,2026-03-31,Brandy Murillo,Individual,BMW X3,Jaipur,Silver,Hybrid,Automatic,Corporate,2,7269891.0,0.0,14539782.0,0.0,14539782.0
594,2025-12-17,Anthony Lowe,Luxury,BMW X5,Kochi,Black,Hybrid,Automatic,Corporate,2,10501543.0,12.0,21003086.0,2520370.32,18482715.68
595,2025-12-15,Chad Spencer,Individual,BMW i4,Jaipur,Blue,Hybrid,Manual,Dealer,3,7323237.0,5.0,21969711.0,1098485.55,20871225.45
596,2024-01-01,Sherri Harris,Corporate,BMW i5,Bangalore,Black,Diesel,Automatic,Dealer,1,9091807.0,2.0,9091807.0,181836.14,8909970.86
597,2025-02-04,Joseph Burnett,Individual,BMW 5 Series,Chennai,Silver,Hybrid,Manual,Online,3,7697499.0,7.0,23092497.0,1616474.79,21476022.21
598,2025-04-09,Kathy Duncan,Corporate,BMW X1,Kochi,Silver,Hybrid,Automatic,Corporate,1,5148633.0,2.0,5148633.0,102972.66,5045660.34
599,2025-12-23,Zachary Moore,Luxury,BMW 3 Series,Pune,Blue,Petrol,Manual,Dealer,3,5670252.0,7.0,17010756.0,1190752.92,15820003.08
600,2025-01-17,Stephanie Hawkins,Luxury,BMW 5 Series,Delhi,Black,Petrol,Automatic,Online,1,6663442.0,10.0,6663442.0,666344.2,5997097.8
601,2023-08-23,Melinda Richards,Luxury,BMW X1,Mumbai,Red,Diesel,Manual,Dealer,3,6103504.0,2.0,18310512.0,366210.24,17944301.76
602,2025-06-20,Joy Harris,Individual,BMW i7,Pune,Silver,Hybrid,Automatic,Dealer,2,16829026.0,12.0,33658052.0,4038966.24,29619085.76
603,2024-08-06,Sarah Hansen,Corporate,BMW i5,Kolkata,White,Hybrid,Manual,Corporate,2,10058417.0,12.0,20116834.0,2414020.08,17702813.92
604,2024-01-21,Susan Nielsen,Luxury,BMW X5,Pune,Silver,Electric,Automatic,Corporate,3,11229493.0,7.0,33688479.0,2358193.53,31330285.47
605,2025-12-31,Mario Davis,Corporate,BMW X1,Kolkata,Blue,Hybrid,Manual,Dealer,3,6153934.0,5.0,18461802.0,923090.1,17538711.9
606,2025-06-06,Timothy Oneal,Corporate,BMW 3 Series,Delhi,White,Electric,Automatic,Dealer,1,5749405.0,10.0,5749405.0,574940.5,5174464.5
607,2023-10-13,Charles Vazquez,Individual,BMW X1,Pune,Red,Diesel,Automatic,Online,3,5045511.0,5.0,15136533.0,756826.65,14379706.35
608,2023-08-20,Omar Henry,Corporate,BMW X5,Hyderabad,Red,Diesel,Automatic,Online,2,10080526.0,5.0,20161052.0,1008052.6,19152999.4
609,2024-11-22,John Leach,Corporate,BMW 5 Series,Kochi,Silver,Petrol,Manual,Dealer,3,7338437.0,2.0,22015311.0,440306.22,21575004.78
610,2024-01-27,Sarah Martin,Individual,BMW i4,Kochi,Blue,Petrol,Manual,Dealer,3,7199992.0,12.0,21599976.0,2591997.12,19007978.88
611,2026-04-25,Oscar Smith,Individual,BMW X5,Pune,White,Petrol,Manual,Online,2,11321604.0,0.0,22643208.0,0.0,22643208.0
612,2026-02-17,Jonathan Mclaughlin,Individual,BMW i5,Chennai,White,Electric,Automatic,Dealer,3,9669655.0,10.0,29008965.0,2900896.5,26108068.5
613,2025-06-02,Jacob Hoffman,Corporate,BMW X7,Ahmedabad,Red,Petrol,Automatic,Online,3,15157640.0,10.0,45472920.0,4547292.0,40925628.0
614,2024-10-31,Ricardo Medina,Corporate,BMW X7,Hyderabad,Grey,Petrol,Manual,Dealer,2,12554441.0,0.0,25108882.0,0.0,25108882.0
615,2024-12-28,Shirley Jones,Corporate,BMW X7,Jaipur,White,Hybrid,Automatic,Online,3,13822387.0,2.0,41467161.0,829343.22,40637817.78
616,2024-11-15,Heidi Goodwin,Individual,BMW i7,Mumbai,Red,Diesel,Automatic,Online,3,16353707.0,12.0,49061121.0,5887334.52,43173786.48
617,2025-10-16,Amber Francis,Corporate,BMW X7,Pune,Black,Hybrid,Manual,Online,3,14871999.0,0.0,44615997.0,0.0,44615997.0
618,2024-12-15,Joel Cole,Corporate,BMW X1,Pune,Black,Electric,Automatic,Corporate,3,5722521.0,12.0,17167563.0,2060107.56,15107455.44
619,2025-03-13,Jeff Beasley,Individual,BMW i4,Kochi,White,Diesel,Manual,Corporate,2,7305803.0,0.0,14611606.0,0.0,14611606.0
620,2023-08-22,Amanda Warren,Individual,BMW 5 Series,Bangalore,Red,Diesel,Manual,Online,1,8051015.0,2.0,8051015.0,161020.3,7889994.7
621,2024-06-26,Teresa Leblanc,Individual,BMW 5 Series,Delhi,Blue,Diesel,Automatic,Corporate,2,7443847.0,0.0,14887694.0,0.0,14887694.0
622,2024-12-08,Joseph Wong,Corporate,BMW i5,Delhi,Silver,Diesel,Automatic,Corporate,2,10150917.0,10.0,20301834.0,2030183.4,18271650.6
623,2026-02-25,Matthew Vazquez,Individual,BMW i5,Chennai,Blue,Diesel,Manual,Online,1,9535730.0,0.0,9535730.0,0.0,9535730.0
624,2025-05-31,Justin Bell,Individual,BMW 3 Series,Bangalore,Silver,Electric,Automatic,Online,3,5315047.0,5.0,15945141.0,797257.05,15147883.95
625,2023-10-03,Charlotte Mcdonald,Luxury,BMW X7,Mumbai,Black,Electric,Manual,Corporate,3,13596776.0,12.0,40790328.0,4894839.36,35895488.64
626,2026-02-13,Johnny Gregory,Individual,BMW 5 Series,Hyderabad,Red,Petrol,Automatic,Corporate,3,6917071.0,7.0,20751213.0,1452584.91,19298628.09
627,2024-05-27,Bob Lee,Luxury,BMW X3,Pune,White,Petrol,Manual,Online,2,7527463.0,12.0,15054926.0,1806591.12,13248334.88
628,2024-10-17,Katie Park,Individual,BMW X5,Delhi,Black,Electric,Manual,Corporate,3,10490714.0,5.0,31472142.0,1573607.1,29898534.9
629,2026-04-12,Jennifer Hamilton,Luxury,BMW X3,Mumbai,Silver,Diesel,Automatic,Online,2,6818155.0,7.0,13636310.0,954541.7,12681768.3
630,2024-11-07,Amanda Stone,Luxury,BMW i5,Kochi,White,Hybrid,Automatic,Dealer,3,10830187.0,12.0,32490561.0,3898867.32,28591693.68
631,2024-07-12,Amanda Hughes,Luxury,BMW X7,Delhi,Grey,Diesel,Automatic,Dealer,3,15815706.0,5.0,47447118.0,2372355.9,45074762.1
632,2025-01-13,Anna Fischer,Individual,BMW i7,Jaipur,Blue,Diesel,Manual,Corporate,1,16869107.0,2.0,16869107.0,337382.14,16531724.86
633,2025-04-15,Rick Wood,Corporate,BMW i7,Hyderabad,Red,Petrol,Automatic,Dealer,1,15331675.0,10.0,15331675.0,1533167.5,13798507.5
634,2025-10-24,Adam Ross,Individual,BMW 3 Series,Pune,Blue,Hybrid,Manual,Dealer,2,6345770.0,7.0,12691540.0,888407.8,11803132.2
635,2024-12-05,Mary Martinez,Luxury,BMW 5 Series,Hyderabad,Red,Electric,Automatic,Dealer,1,6887441.0,10.0,6887441.0,688744.1,6198696.9
636,2024-05-16,Kristin Thomas,Luxury,BMW X1,Chennai,Grey,Diesel,Manual,Corporate,1,5753425.0,12.0,5753425.0,690411.0,5063014.0
637,2026-05-05,Kathryn Stephenson,Individual,BMW X5,Hyderabad,White,Diesel,Automatic,Dealer,2,11125126.0,7.0,22250252.0,1557517.64,20692734.36
638,2025-06-13,James Hansen,Individual,BMW X7,Chennai,White,Diesel,Automatic,Dealer,2,15881556.0,7.0,31763112.0,2223417.84,29539694.16
639,2024-03-20,Jerry Johnson,Corporate,BMW i4,Kochi,Grey,Diesel,Manual,Dealer,3,8027484.0,5.0,24082452.0,1204122.6,22878329.4
640,2024-03-31,Jonathan Carr,Corporate,BMW i7,Kolkata,Red,Petrol,Automatic,Online,2,17020741.0,7.0,34041482.0,2382903.74,31658578.26
641,2023-11-07,Jeremy Cox,Luxury,BMW 3 Series,Mumbai,Silver,Petrol,Manual,Corporate,3,5587798.0,7.0,16763394.0,1173437.58,15589956.42
642,2024-08-29,Michael Hernandez,Individual,BMW 3 Series,Mumbai,Blue,Electric,Manual,Online,2,5110647.0,7.0,10221294.0,715490.58,9505803.42
643,2025-09-03,Samantha Castro,Individual,BMW X3,Kochi,White,Hybrid,Manual,Corporate,3,6614392.0,10.0,19843176.0,1984317.6,17858858.4
644,2026-03-01,Kristen Clay,Corporate,BMW i5,Bangalore,Red,Diesel,Manual,Online,3,9377007.0,12.0,28131021.0,3375722.52,24755298.48
645,2025-03-22,Nicholas Buck,Individual,BMW i4,Chennai,Silver,Diesel,Manual,Online,2,7375135.0,10.0,14750270.0,1475027.0,13275243.0
646,2023-12-01,Cynthia Armstrong,Individual,BMW X5,Hyderabad,Silver,Hybrid,Manual,Corporate,1,10018182.0,0.0,10018182.0,0.0,10018182.0
647,2024-04-19,Paige Mcclain,Individual,BMW X7,Jaipur,Red,Hybrid,Automatic,Online,1,14567218.0,7.0,14567218.0,1019705.26,13547512.74
648,2025-10-06,Anthony Perez,Corporate,BMW i7,Hyderabad,Silver,Petrol,Manual,Online,1,14679997.0,2.0,14679997.0,293599.94,14386397.06
649,2023-09-18,Michael Fuller,Luxury,BMW i4,Delhi,White,Diesel,Automatic,Online,1,8313766.0,0.0,8313766.0,0.0,8313766.0
650,2024-01-07,Jamie Henry,Individual,BMW 3 Series,Ahmedabad,Black,Hybrid,Automatic,Corporate,2,5543600.0,10.0,11087200.0,1108720.0,9978480.0
651,2026-04-19,Sabrina Kim,Luxury,BMW i4,Ahmedabad,Red,Petrol,Automatic,Online,2,7860149.0,0.0,15720298.0,0.0,15720298.0
652,2026-01-08,Michael Nelson,Luxury,BMW i7,Jaipur,White,Diesel,Automatic,Online,1,17439838.0,0.0,17439838.0,0.0,17439838.0
653,2025-11-02,Sergio Turner,Individual,BMW 3 Series,Hyderabad,Red,Electric,Manual,Dealer,1,6290609.0,12.0,6290609.0,754873.08,5535735.92
654,2026-04-22,Rachel Coleman,Luxury,BMW 5 Series,Kolkata,Blue,Diesel,Manual,Corporate,1,6873813.0,12.0,6873813.0,824857.56,6048955.44
655,2026-06-14,Sherry Kerr,Corporate,BMW X5,Chennai,Blue,Hybrid,Automatic,Corporate,2,9890599.0,5.0,19781198.0,989059.9,18792138.1
656,2023-11-25,Joanna Miller,Luxury,BMW 5 Series,Delhi,Silver,Electric,Manual,Online,1,7487374.0,0.0,7487374.0,0.0,7487374.0
657,2026-08-06,Jasmine Golden,Corporate,BMW i5,Mumbai,Black,Petrol,Automatic,Corporate,1,10459260.0,10.0,10459260.0,1045926.0,9413334.0
658,2024-10-25,Christopher Reilly,Luxury,BMW i7,Delhi,Blue,Electric,Automatic,Corporate,3,15791192.0,5.0,47373576.0,2368678.8,45004897.2
659,2023-10-07,Joyce Schneider,Individual,BMW i4,Jaipur,White,Diesel,Manual,Dealer,2,8325101.0,7.0,16650202.0,1165514.14,15484687.86
660,2025-11-22,David Dawson,Corporate,BMW 5 Series,Chennai,Silver,Diesel,Manual,Dealer,3,7474935.0,0.0,22424805.0,0.0,22424805.0
661,2025-07-04,William Clayton,Corporate,BMW X5,Pune,Black,Diesel,Manual,Dealer,3,11850552.0,2.0,35551656.0,711033.12,34840622.88
662,2023-10-29,Daniel Cunningham,Corporate,BMW X3,Delhi,Black,Petrol,Manual,Online,3,7562605.0,5.0,22687815.0,1134390.75,21553424.25
663,2024-10-06,John Buchanan,Corporate,BMW i7,Kochi,Blue,Electric,Manual,Dealer,1,14122127.0,2.0,14122127.0,282442.54,13839684.46
664,2024-04-07,Briana King,Corporate,BMW 7 Series,Ahmedabad,Red,Electric,Manual,Corporate,3,15303474.0,7.0,45910422.0,3213729.54,42696692.46
665,2024-11-08,Jeffrey Vance,Individual,BMW 3 Series,Jaipur,Silver,Electric,Automatic,Corporate,3,5127769.0,12.0,15383307.0,1845996.84,13537310.16
666,2023-12-18,John Goodwin,Luxury,BMW X5,Pune,Black,Electric,Manual,Corporate,1,9777717.0,5.0,9777717.0,488885.85,9288831.15
667,2025-01-24,Alex Garcia,Luxury,BMW 7 Series,Kochi,Black,Electric,Manual,Dealer,1,17267918.0,10.0,17267918.0,1726791.8,15541126.2
668,2024-02-25,Cameron Turner,Individual,BMW X3,Kolkata,Blue,Hybrid,Manual,Corporate,2,6682028.0,2.0,13364056.0,267281.12,13096774.88
669,2025-05-01,Jasmine Pope,Luxury,BMW X3,Hyderabad,White,Petrol,Manual,Dealer,2,6735366.0,0.0,13470732.0,0.0,13470732.0
670,2025-04-30,John Delacruz,Individual,BMW i4,Jaipur,Grey,Electric,Manual,Dealer,1,7323124.0,5.0,7323124.0,366156.2,6956967.8
671,2025-06-29,Colleen Lane,Individual,BMW i5,Hyderabad,Grey,Hybrid,Automatic,Online,3,9430308.0,0.0,28290924.0,0.0,28290924.0
672,2023-08-13,Douglas Schmitt,Luxury,BMW 3 Series,Kochi,Grey,Petrol,Automatic,Corporate,1,6328454.0,5.0,6328454.0,316422.7,6012031.3
673,2024-05-14,Logan Figueroa,Individual,BMW X3,Chennai,White,Electric,Automatic,Online,2,7711230.0,12.0,15422460.0,1850695.2,13571764.8
674,2025-01-11,Michael Douglas,Individual,BMW X3,Jaipur,Black,Electric,Automatic,Online,2,7169305.0,12.0,14338610.0,1720633.2,12617976.8
675,2025-12-18,Theresa Washington,Luxury,BMW 5 Series,Chennai,Black,Diesel,Manual,Online,3,7806410.0,10.0,23419230.0,2341923.0,21077307.0
676,2023-11-13,Maria Reed,Corporate,BMW X3,Hyderabad,White,Diesel,Automatic,Corporate,2,7977136.0,10.0,15954272.0,1595427.2,14358844.8
677,2026-08-06,David Schmidt,Individual,BMW X5,Jaipur,Black,Hybrid,Automatic,Online,1,11360793.0,2.0,11360793.0,227215.86,11133577.14
678,2024-08-13,Leonard Peterson,Corporate,BMW 3 Series,Bangalore,Silver,Hybrid,Manual,Online,2,5394363.0,2.0,10788726.0,215774.52,10572951.48
679,2023-09-09,Mark Hines,Individual,BMW X1,Jaipur,White,Petrol,Manual,Online,2,5164722.0,10.0,10329444.0,1032944.4,9296499.6
680,2025-11-14,Charles Morgan,Corporate,BMW X3,Ahmedabad,White,Electric,Manual,Dealer,1,7486806.0,2.0,7486806.0,149736.12,7337069.88
681,2025-07-24,Kenneth Harrington,Corporate,BMW X5,Pune,Black,Hybrid,Automatic,Online,2,11401206.0,0.0,22802412.0,0.0,22802412.0
682,2024-05-02,Renee Larson,Corporate,BMW i4,Hyderabad,Red,Diesel,Automatic,Corporate,2,7591936.0,10.0,15183872.0,1518387.2,13665484.8
683,2025-07-15,Timothy Marshall,Luxury,BMW 5 Series,Pune,Blue,Hybrid,Manual,Online,3,7666330.0,0.0,22998990.0,0.0,22998990.0
684,2026-04-13,Lauren Larsen,Corporate,BMW X1,Kochi,Grey,Hybrid,Automatic,Dealer,3,5511057.0,2.0,16533171.0,330663.42,16202507.58
685,2026-01-06,Gina Drake,Luxury,BMW i7,Kolkata,Blue,Diesel,Automatic,Corporate,2,17289651.0,10.0,34579302.0,3457930.2,31121371.8
686,2024-02-02,Sydney Hood,Luxury,BMW 5 Series,Kochi,Red,Hybrid,Manual,Dealer,2,8254788.0,0.0,16509576.0,0.0,16509576.0
687,2024-07-26,Mrs. Shannon Jones DDS,Corporate,BMW i4,Hyderabad,Red,Petrol,Manual,Online,2,7645997.0,0.0,15291994.0,0.0,15291994.0
688,2025-01-01,Brandy Bates,Luxury,BMW 3 Series,Bangalore,Silver,Petrol,Automatic,Dealer,1,4956364.0,10.0,4956364.0,495636.4,4460727.6
689,2026-08-06,Natalie Martinez,Individual,BMW i4,Jaipur,Red,Hybrid,Automatic,Corporate,2,7611326.0,10.0,15222652.0,1522265.2,13700386.8
690,2023-12-23,April Cruz,Luxury,BMW X5,Delhi,Grey,Electric,Automatic,Dealer,3,11891912.0,5.0,35675736.0,1783786.8,33891949.2
691,2025-11-24,Matthew Walker,Individual,BMW i7,Jaipur,Black,Electric,Automatic,Corporate,1,15695326.0,5.0,15695326.0,784766.3,14910559.7
692,2025-06-28,Stacy Burton,Luxury,BMW i5,Pune,White,Hybrid,Manual,Online,2,9230054.0,0.0,18460108.0,0.0,18460108.0
693,2026-04-26,Patrick Campbell,Individual,BMW X7,Kolkata,White,Diesel,Manual,Dealer,2,13600399.0,10.0,27200798.0,2720079.8,24480718.2
694,2023-11-20,Brenda Sanchez,Individual,BMW i5,Kolkata,White,Electric,Automatic,Dealer,2,10768586.0,7.0,21537172.0,1507602.04,20029569.96
695,2024-07-27,Kimberly Washington,Individual,BMW 5 Series,Chennai,Silver,Hybrid,Automatic,Dealer,3,6801981.0,7.0,20405943.0,1428416.01,18977526.99
696,2026-04-27,Teresa Wells,Luxury,BMW X7,Ahmedabad,Grey,Diesel,Manual,Online,3,15747956.0,10.0,47243868.0,4724386.8,42519481.2
697,2024-09-12,Adriana Stevens,Luxury,BMW i5,Ahmedabad,White,Hybrid,Automatic,Online,2,9806805.0,2.0,19613610.0,392272.2,19221337.8
698,2023-11-06,Sheila Lee,Individual,BMW X1,Jaipur,Red,Electric,Automatic,Corporate,2,5564659.0,10.0,11129318.0,1112931.8,10016386.2
699,2025-09-26,James Garza,Luxury,BMW i4,Pune,Silver,Petrol,Automatic,Corporate,3,7237322.0,7.0,21711966.0,1519837.62,20192128.38
700,2024-12-27,Ms. Linda Harris,Corporate,BMW i5,Delhi,Red,Petrol,Automatic,Corporate,3,9975042.0,0.0,29925126.0,0.0,29925126.0
701,2023-10-23,Sarah Butler,Luxury,BMW 5 Series,Jaipur,Red,Petrol,Manual,Dealer,3,8173733.0,5.0,24521199.0,1226059.95,23295139.05
702,2025-12-05,Thomas Villegas,Corporate,BMW i4,Ahmedabad,Silver,Electric,Manual,Online,2,8075132.0,10.0,16150264.0,1615026.4,14535237.6
703,2023-12-22,Stephen Nelson,Individual,BMW X3,Hyderabad,Silver,Electric,Manual,Corporate,3,6574084.0,10.0,19722252.0,1972225.2,17750026.8
704,2024-04-23,Connor Miller,Corporate,BMW i4,Kochi,Silver,Electric,Automatic,Online,3,7354584.0,0.0,22063752.0,0.0,22063752.0
705,2024-12-08,Edward Taylor,Corporate,BMW 5 Series,Hyderabad,Blue,Diesel,Manual,Online,1,7560311.0,5.0,7560311.0,378015.55,7182295.45
706,2024-05-07,Stephen Vasquez,Corporate,BMW 3 Series,Bangalore,Silver,Diesel,Manual,Dealer,1,5766305.0,10.0,5766305.0,576630.5,5189674.5
707,2026-07-19,Brett Johnson,Individual,BMW X3,Mumbai,Black,Electric,Automatic,Corporate,1,7516947.0,10.0,7516947.0,751694.7,6765252.3
708,2024-04-22,Tonya Martinez,Individual,BMW 7 Series,Ahmedabad,Silver,Hybrid,Automatic,Corporate,2,17464057.0,2.0,34928114.0,698562.28,34229551.72
709,2025-05-29,Heidi Bartlett,Corporate,BMW X5,Chennai,White,Hybrid,Manual,Online,1,10608955.0,0.0,10608955.0,0.0,10608955.0
710,2025-07-21,Nicole Young,Corporate,BMW i4,Jaipur,Silver,Hybrid,Manual,Dealer,2,7490023.0,12.0,14980046.0,1797605.52,13182440.48
711,2023-09-01,Joshua Cook,Individual,BMW i5,Kolkata,Grey,Electric,Automatic,Corporate,2,9024878.0,7.0,18049756.0,1263482.92,16786273.08
712,2025-11-21,Steven Ford,Luxury,BMW X5,Kolkata,Blue,Petrol,Manual,Corporate,2,10643327.0,5.0,21286654.0,1064332.7,20222321.3
713,2024-08-06,Mary Murphy,Luxury,BMW X7,Ahmedabad,White,Diesel,Manual,Corporate,3,15242830.0,12.0,45728490.0,5487418.8,40241071.2
714,2025-02-13,Ronald Morgan,Corporate,BMW 7 Series,Pune,Black,Petrol,Automatic,Dealer,1,18593707.0,12.0,18593707.0,2231244.84,16362462.16
715,2024-01-24,Judith Sanchez,Individual,BMW i5,Bangalore,White,Electric,Manual,Dealer,2,10437596.0,5.0,20875192.0,1043759.6,19831432.4
716,2025-02-01,Christina Davidson,Luxury,BMW 3 Series,Kochi,Silver,Diesel,Automatic,Dealer,1,4692814.0,10.0,4692814.0,469281.4,4223532.6
717,2024-02-10,Aaron Jones,Luxury,BMW 5 Series,Kochi,Silver,Diesel,Automatic,Dealer,2,6772435.0,12.0,13544870.0,1625384.4,11919485.6
718,2025-10-29,Sarah Smith,Corporate,BMW X3,Delhi,Silver,Hybrid,Manual,Corporate,3,7479276.0,0.0,22437828.0,0.0,22437828.0
719,2026-04-26,Paula Moore,Corporate,BMW X5,Delhi,Black,Hybrid,Manual,Dealer,1,10179334.0,5.0,10179334.0,508966.7,9670367.3
720,2025-02-02,Blake Mosley,Individual,BMW X3,Delhi,Grey,Diesel,Manual,Corporate,2,6873145.0,0.0,13746290.0,0.0,13746290.0
721,2024-02-11,Andrea Flores,Luxury,BMW i4,Bangalore,White,Petrol,Manual,Online,3,7301722.0,7.0,21905166.0,1533361.62,20371804.38
722,2024-09-07,Ashley Thompson,Individual,BMW 5 Series,Chennai,Silver,Electric,Manual,Online,1,6652923.0,10.0,6652923.0,665292.3,5987630.7
723,2023-09-05,Mr. Terry Copeland,Corporate,BMW 7 Series,Chennai,Blue,Diesel,Manual,Corporate,3,14317388.0,7.0,42952164.0,3006651.48,39945512.52
724,2024-08-08,Kelly Douglas,Luxury,BMW 3 Series,Jaipur,Grey,Hybrid,Automatic,Dealer,2,5983956.0,7.0,11967912.0,837753.84,11130158.16
725,2023-11-17,Elizabeth Durham,Luxury,BMW 3 Series,Kolkata,Red,Electric,Manual,Online,2,5945485.0,0.0,11890970.0,0.0,11890970.0
726,2025-03-10,Daniel Huber,Corporate,BMW X7,Chennai,Blue,Electric,Automatic,Online,3,14651943.0,0.0,43955829.0,0.0,43955829.0
727,2026-05-02,Julie Blanchard,Luxury,BMW X1,Hyderabad,Silver,Diesel,Manual,Online,1,6162819.0,7.0,6162819.0,431397.33,5731421.67
728,2025-03-12,Whitney Gallegos,Individual,BMW 5 Series,Pune,Grey,Diesel,Automatic,Dealer,1,7520271.0,12.0,7520271.0,902432.52,6617838.48
729,2024-05-15,Ronald Garrison,Luxury,BMW 3 Series,Kochi,Black,Electric,Manual,Online,2,5000139.0,7.0,10000278.0,700019.46,9300258.54
730,2025-05-07,Elizabeth Oneal,Individual,BMW 3 Series,Chennai,Silver,Petrol,Manual,Dealer,1,5211532.0,5.0,5211532.0,260576.6,4950955.4
731,2025-03-28,Sarah Johnson,Individual,BMW i5,Ahmedabad,White,Diesel,Automatic,Corporate,3,10971511.0,10.0,32914533.0,3291453.3,29623079.7
732,2024-01-28,Jessica Wright,Individual,BMW 7 Series,Ahmedabad,Black,Diesel,Automatic,Dealer,2,14159912.0,10.0,28319824.0,2831982.4,25487841.6
733,2025-11-15,Clifford Black,Individual,BMW 3 Series,Delhi,Red,Diesel,Automatic,Dealer,1,6221214.0,7.0,6221214.0,435484.98,5785729.02
734,2026-01-21,Corey Mcconnell,Luxury,BMW i4,Kochi,White,Hybrid,Manual,Corporate,1,8291066.0,0.0,8291066.0,0.0,8291066.0
735,2024-05-21,Charlotte Chang,Individual,BMW X7,Pune,Red,Diesel,Manual,Dealer,3,12506682.0,10.0,37520046.0,3752004.6,33768041.4
736,2026-07-04,Lisa Anderson,Individual,BMW i7,Hyderabad,Blue,Diesel,Manual,Corporate,1,15407204.0,0.0,15407204.0,0.0,15407204.0
737,2023-10-09,Tabitha Rogers,Individual,BMW X5,Jaipur,Red,Petrol,Automatic,Corporate,2,10192085.0,2.0,20384170.0,407683.4,19976486.6
738,2024-02-21,Donna Lopez,Individual,BMW i7,Kolkata,Grey,Petrol,Automatic,Dealer,1,17261749.0,0.0,17261749.0,0.0,17261749.0
739,2024-10-11,Carl Hughes,Individual,BMW 5 Series,Kochi,Silver,Hybrid,Automatic,Dealer,2,8359995.0,7.0,16719990.0,1170399.3,15549590.7
740,2023-12-25,Keith Lane,Luxury,BMW X3,Jaipur,White,Petrol,Automatic,Online,2,7444597.0,2.0,14889194.0,297783.88,14591410.12
741,2026-03-14,Daniel Bradley,Individual,BMW i7,Bangalore,Grey,Petrol,Automatic,Dealer,2,16630632.0,5.0,33261264.0,1663063.2,31598200.8
742,2024-07-24,David Henderson,Luxury,BMW i5,Bangalore,Red,Diesel,Manual,Corporate,2,10297971.0,10.0,20595942.0,2059594.2,18536347.8
743,2024-01-16,Joshua Duran,Individual,BMW X1,Delhi,White,Hybrid,Manual,Dealer,1,5111293.0,0.0,5111293.0,0.0,5111293.0
744,2026-05-22,Joseph Miller,Corporate,BMW 3 Series,Chennai,White,Hybrid,Manual,Corporate,2,5852371.0,5.0,11704742.0,585237.1,11119504.9
745,2023-10-08,James Stewart,Individual,BMW i4,Chennai,Red,Diesel,Automatic,Online,3,7218986.0,0.0,21656958.0,0.0,21656958.0
808,2025-02-28,Paul Lewis,Corporate,BMW i5,Hyderabad,Blue,Petrol,Automatic,Online,2,10039801.0,12.0,20079602.0,2409552.24,17670049.76
746,2024-11-28,Mr. Stephen Wallace,Individual,BMW i5,Bangalore,Grey,Electric,Manual,Corporate,1,9148603.0,12.0,9148603.0,1097832.36,8050770.64
747,2023-08-17,Barbara Li,Individual,BMW X5,Mumbai,Black,Diesel,Manual,Online,2,9961930.0,2.0,19923860.0,398477.2,19525382.8
748,2024-01-28,Todd Hudson,Individual,BMW X1,Bangalore,Black,Hybrid,Automatic,Corporate,3,5987738.0,7.0,17963214.0,1257424.98,16705789.02
749,2024-06-25,Michele Parker,Corporate,BMW i4,Hyderabad,Grey,Diesel,Manual,Dealer,2,7812290.0,2.0,15624580.0,312491.6,15312088.4
750,2026-02-22,John Villegas,Individual,BMW X5,Hyderabad,Black,Electric,Automatic,Online,3,9634614.0,10.0,28903842.0,2890384.2,26013457.8
751,2026-04-12,Debra Harmon,Luxury,BMW i4,Kolkata,Blue,Diesel,Automatic,Corporate,2,7359035.0,2.0,14718070.0,294361.4,14423708.6
752,2025-04-10,Charles Martin,Corporate,BMW X1,Bangalore,White,Hybrid,Manual,Dealer,3,5863389.0,7.0,17590167.0,1231311.69,16358855.31
753,2026-01-16,Matthew Martinez,Luxury,BMW X7,Mumbai,Red,Diesel,Automatic,Dealer,2,13039480.0,7.0,26078960.0,1825527.2,24253432.8
754,2024-12-07,Jeffrey Gonzalez,Luxury,BMW X7,Chennai,Red,Petrol,Manual,Online,2,12168018.0,12.0,24336036.0,2920324.32,21415711.68
755,2026-02-20,William Davis,Individual,BMW i4,Bangalore,Black,Petrol,Manual,Dealer,2,7948838.0,2.0,15897676.0,317953.52,15579722.48
756,2024-09-24,Carolyn Garcia,Individual,BMW X5,Delhi,Black,Hybrid,Manual,Corporate,3,10502700.0,0.0,31508100.0,0.0,31508100.0
757,2025-06-30,Christian Alvarez,Individual,BMW i4,Kochi,Grey,Diesel,Manual,Online,1,8224023.0,7.0,8224023.0,575681.61,7648341.39
758,2024-09-24,Darren Banks,Corporate,BMW i4,Chennai,Silver,Electric,Automatic,Online,1,8315553.0,7.0,8315553.0,582088.71,7733464.29
759,2023-10-12,Lorraine Bell,Luxury,BMW X3,Kochi,Silver,Petrol,Manual,Dealer,3,7637568.0,2.0,22912704.0,458254.08,22454449.92
760,2026-03-08,Gloria Jefferson,Luxury,BMW i5,Pune,Grey,Electric,Manual,Dealer,1,10862224.0,0.0,10862224.0,0.0,10862224.0
761,2023-11-06,Kevin Garrett,Individual,BMW X5,Pune,Silver,Petrol,Automatic,Online,3,10235124.0,10.0,30705372.0,3070537.2,27634834.8
762,2026-05-14,Allison Martin,Corporate,BMW X1,Jaipur,Silver,Diesel,Automatic,Online,3,5238147.0,7.0,15714441.0,1100010.87,14614430.13
763,2024-09-28,Lisa Harris,Corporate,BMW X3,Jaipur,Black,Petrol,Manual,Online,2,7926538.0,5.0,15853076.0,792653.8,15060422.2
764,2025-04-07,Linda Patterson,Luxury,BMW i4,Jaipur,Silver,Electric,Manual,Online,1,8104533.0,7.0,8104533.0,567317.31,7537215.69
765,2024-03-02,Amber Gutierrez,Corporate,BMW 5 Series,Mumbai,Black,Hybrid,Automatic,Dealer,2,8370456.0,0.0,16740912.0,0.0,16740912.0
766,2025-04-07,Emma Lawson,Individual,BMW 5 Series,Hyderabad,White,Hybrid,Automatic,Corporate,1,7078693.0,12.0,7078693.0,849443.16,6229249.84
767,2025-04-28,Sarah Buckley,Corporate,BMW 3 Series,Delhi,White,Hybrid,Manual,Online,3,5373540.0,10.0,16120620.0,1612062.0,14508558.0
768,2026-04-23,Denise West,Luxury,BMW 3 Series,Delhi,White,Electric,Manual,Online,1,4896488.0,0.0,4896488.0,0.0,4896488.0
769,2026-02-08,Jose Church PhD,Corporate,BMW X5,Ahmedabad,Red,Hybrid,Manual,Corporate,3,11988720.0,12.0,35966160.0,4315939.2,31650220.8
770,2025-03-18,Jacqueline Wilson,Individual,BMW 7 Series,Delhi,Grey,Electric,Manual,Dealer,2,15440635.0,2.0,30881270.0,617625.4,30263644.6
771,2024-03-06,Marcus Bruce,Individual,BMW X5,Delhi,White,Electric,Automatic,Corporate,1,11412294.0,10.0,11412294.0,1141229.4,10271064.6
772,2025-05-23,Michael Conner,Corporate,BMW 7 Series,Hyderabad,Blue,Diesel,Manual,Online,1,15995694.0,0.0,15995694.0,0.0,15995694.0
773,2023-12-30,Jennifer Stewart,Individual,BMW 7 Series,Mumbai,Silver,Electric,Manual,Online,3,18718484.0,0.0,56155452.0,0.0,56155452.0
774,2024-06-03,Sarah Yang,Corporate,BMW i4,Jaipur,Black,Petrol,Manual,Dealer,3,7340991.0,5.0,22022973.0,1101148.65,20921824.35
775,2025-04-02,Stephen Williams,Corporate,BMW i4,Pune,Red,Electric,Manual,Online,1,7327267.0,12.0,7327267.0,879272.04,6447994.96
776,2025-07-27,Elizabeth Hernandez,Luxury,BMW i7,Hyderabad,Grey,Electric,Automatic,Online,3,17353665.0,12.0,52060995.0,6247319.4,45813675.6
777,2025-01-22,Matthew Sanchez,Luxury,BMW 3 Series,Hyderabad,Blue,Petrol,Manual,Dealer,3,5921886.0,0.0,17765658.0,0.0,17765658.0
778,2025-09-25,Samantha Smith,Corporate,BMW i4,Pune,Red,Diesel,Automatic,Dealer,2,7193946.0,0.0,14387892.0,0.0,14387892.0
779,2024-03-23,Steven Chavez,Individual,BMW 3 Series,Bangalore,Silver,Petrol,Manual,Online,2,5629132.0,12.0,11258264.0,1350991.68,9907272.32
780,2024-05-04,Charles Duran,Luxury,BMW X5,Kochi,Blue,Hybrid,Automatic,Online,1,11645620.0,12.0,11645620.0,1397474.4,10248145.6
781,2024-02-08,Heather Flowers,Corporate,BMW X5,Kolkata,Blue,Electric,Manual,Corporate,1,11063767.0,5.0,11063767.0,553188.35,10510578.65
782,2025-09-14,Barbara Wright,Individual,BMW 5 Series,Mumbai,Grey,Hybrid,Manual,Corporate,2,8026419.0,12.0,16052838.0,1926340.56,14126497.44
783,2025-01-13,Heather Sanchez,Corporate,BMW X7,Kolkata,Black,Diesel,Automatic,Online,3,12585389.0,10.0,37756167.0,3775616.7,33980550.3
784,2025-07-31,Megan Reynolds,Luxury,BMW i5,Pune,Black,Petrol,Manual,Online,3,9138654.0,7.0,27415962.0,1919117.34,25496844.66
785,2026-03-08,Donald Flowers,Individual,BMW X7,Hyderabad,Red,Diesel,Automatic,Online,2,14331252.0,12.0,28662504.0,3439500.48,25223003.52
786,2025-11-18,Christine Long,Luxury,BMW X3,Jaipur,Red,Electric,Manual,Corporate,1,7528832.0,5.0,7528832.0,376441.6,7152390.4
787,2024-02-06,Donald Beasley,Individual,BMW i4,Mumbai,Blue,Electric,Manual,Corporate,1,7056287.0,2.0,7056287.0,141125.74,6915161.26
788,2023-09-28,Kayla Rogers,Individual,BMW X3,Kolkata,Silver,Diesel,Automatic,Online,2,6876170.0,12.0,13752340.0,1650280.8,12102059.2
789,2024-04-29,Peggy Burke,Corporate,BMW i4,Bangalore,Red,Hybrid,Manual,Corporate,3,8255966.0,5.0,24767898.0,1238394.9,23529503.1
790,2025-10-08,Melissa Obrien,Individual,BMW i4,Bangalore,Red,Petrol,Manual,Corporate,3,7782661.0,12.0,23347983.0,2801757.96,20546225.04
791,2023-12-19,Tony White,Individual,BMW 3 Series,Hyderabad,White,Electric,Automatic,Online,2,5170419.0,12.0,10340838.0,1240900.56,9099937.44
792,2023-10-18,Katherine Willis,Luxury,BMW X5,Kolkata,Blue,Petrol,Automatic,Dealer,1,10993106.0,5.0,10993106.0,549655.3,10443450.7
793,2025-10-04,Danny Bautista,Corporate,BMW 5 Series,Kochi,Blue,Electric,Manual,Corporate,1,8078376.0,10.0,8078376.0,807837.6,7270538.4
794,2024-02-15,Christine Coleman,Luxury,BMW X5,Bangalore,White,Petrol,Automatic,Online,3,11741521.0,5.0,35224563.0,1761228.15,33463334.85
795,2025-12-17,Mrs. Nicole Nguyen DVM,Luxury,BMW X5,Ahmedabad,Black,Diesel,Automatic,Dealer,2,11228030.0,2.0,22456060.0,449121.2,22006938.8
796,2024-05-05,Tony Ritter,Corporate,BMW X1,Jaipur,Red,Petrol,Manual,Dealer,3,6286452.0,10.0,18859356.0,1885935.6,16973420.4
797,2023-10-03,Lindsey Goodwin,Individual,BMW 5 Series,Hyderabad,Blue,Electric,Manual,Online,1,8436530.0,7.0,8436530.0,590557.1,7845972.9
798,2024-01-16,Raymond Horn,Luxury,BMW i7,Jaipur,Silver,Electric,Automatic,Dealer,2,17202726.0,2.0,34405452.0,688109.04,33717342.96
799,2025-09-22,Andrew Vasquez,Individual,BMW X1,Hyderabad,White,Electric,Automatic,Dealer,1,6455935.0,12.0,6455935.0,774712.2,5681222.8
800,2023-12-12,Mr. Joel Johnson,Individual,BMW 5 Series,Kolkata,Black,Hybrid,Manual,Dealer,1,7948750.0,0.0,7948750.0,0.0,7948750.0
801,2025-05-11,Micheal James,Individual,BMW 5 Series,Chennai,Red,Petrol,Manual,Online,3,8163157.0,10.0,24489471.0,2448947.1,22040523.9
802,2023-12-03,Holly Smith,Luxury,BMW 3 Series,Bangalore,Black,Petrol,Automatic,Dealer,3,5132597.0,0.0,15397791.0,0.0,15397791.0
803,2025-01-05,Miranda Miranda,Corporate,BMW 7 Series,Pune,Silver,Electric,Manual,Dealer,1,14245443.0,2.0,14245443.0,284908.86,13960534.14
804,2024-02-29,Michael Martin,Luxury,BMW i5,Kochi,Black,Petrol,Automatic,Dealer,3,9507138.0,10.0,28521414.0,2852141.4,25669272.6
805,2025-08-10,Crystal Deleon,Luxury,BMW X1,Delhi,Silver,Petrol,Automatic,Corporate,3,5360235.0,0.0,16080705.0,0.0,16080705.0
806,2026-05-21,Daniel Lewis,Corporate,BMW i4,Pune,Grey,Petrol,Automatic,Online,3,8464090.0,2.0,25392270.0,507845.4,24884424.6
807,2026-06-30,Katherine Greene,Corporate,BMW X7,Mumbai,Black,Electric,Automatic,Dealer,1,14156925.0,7.0,14156925.0,990984.75,13165940.25
809,2024-09-28,Steven Smith,Individual,BMW 5 Series,Kolkata,Silver,Electric,Manual,Corporate,2,7094776.0,10.0,14189552.0,1418955.2,12770596.8
810,2024-03-16,John Edwards,Individual,BMW X7,Delhi,Black,Hybrid,Manual,Dealer,2,15587663.0,2.0,31175326.0,623506.52,30551819.48
811,2026-04-17,Eric Guzman,Individual,BMW i4,Bangalore,Silver,Petrol,Automatic,Online,2,7831247.0,10.0,15662494.0,1566249.4,14096244.6
812,2025-08-18,Bradley Campos,Corporate,BMW X7,Kochi,Black,Electric,Automatic,Dealer,3,12426653.0,2.0,37279959.0,745599.18,36534359.82
813,2026-01-15,Mary Gregory,Luxury,BMW i7,Kolkata,Silver,Hybrid,Manual,Corporate,1,14514901.0,7.0,14514901.0,1016043.07,13498857.93
814,2024-08-06,Brooke Washington,Corporate,BMW i7,Delhi,Blue,Hybrid,Manual,Corporate,3,17172164.0,7.0,51516492.0,3606154.44,47910337.56
815,2024-11-27,Ms. Ashley Morrison MD,Individual,BMW X3,Hyderabad,Blue,Hybrid,Manual,Corporate,1,7453438.0,0.0,7453438.0,0.0,7453438.0
816,2025-03-28,John Anderson,Individual,BMW 7 Series,Chennai,Black,Hybrid,Automatic,Online,3,14835533.0,0.0,44506599.0,0.0,44506599.0
817,2026-05-23,Kelsey Dunn,Luxury,BMW i7,Pune,Red,Petrol,Automatic,Corporate,2,14640623.0,10.0,29281246.0,2928124.6,26353121.4
818,2026-04-26,Dylan Mclean,Luxury,BMW i4,Ahmedabad,Grey,Hybrid,Manual,Online,2,7423481.0,12.0,14846962.0,1781635.44,13065326.56
819,2026-07-18,Brett Robbins,Corporate,BMW i5,Jaipur,Black,Hybrid,Manual,Online,1,9037057.0,7.0,9037057.0,632593.99,8404463.01
820,2026-06-04,Ronald Gentry,Corporate,BMW i4,Ahmedabad,Red,Electric,Automatic,Online,1,7075457.0,2.0,7075457.0,141509.14,6933947.86
821,2025-04-25,Robert Potter,Corporate,BMW 7 Series,Delhi,Red,Hybrid,Manual,Corporate,2,17263843.0,0.0,34527686.0,0.0,34527686.0
822,2025-05-08,Holly Mendoza,Corporate,BMW 7 Series,Jaipur,Grey,Hybrid,Manual,Online,2,14467556.0,5.0,28935112.0,1446755.6,27488356.4
823,2025-12-22,Joe Barrett,Luxury,BMW 3 Series,Chennai,Blue,Electric,Automatic,Online,1,5738291.0,2.0,5738291.0,114765.82,5623525.18
824,2023-11-12,Jennifer Lopez,Luxury,BMW X7,Bangalore,Grey,Electric,Automatic,Dealer,2,13795783.0,5.0,27591566.0,1379578.3,26211987.7
825,2024-11-29,Kathleen Strickland,Individual,BMW X1,Mumbai,Black,Petrol,Manual,Online,2,6359128.0,10.0,12718256.0,1271825.6,11446430.4
826,2024-08-03,Jessica Fernandez,Corporate,BMW 7 Series,Chennai,Grey,Hybrid,Manual,Dealer,2,18516567.0,0.0,37033134.0,0.0,37033134.0
827,2024-12-09,Latasha Gomez,Luxury,BMW i4,Kochi,Red,Hybrid,Manual,Dealer,2,7046633.0,7.0,14093266.0,986528.62,13106737.38
828,2025-01-10,Matthew Bryan,Individual,BMW i4,Bangalore,Blue,Hybrid,Manual,Corporate,3,8448846.0,2.0,25346538.0,506930.76,24839607.24
829,2025-01-19,Morgan Byrd,Corporate,BMW X3,Pune,Silver,Petrol,Automatic,Online,1,7414339.0,7.0,7414339.0,519003.73,6895335.27
830,2026-03-21,William Tran,Luxury,BMW 3 Series,Delhi,Red,Petrol,Automatic,Online,2,5702760.0,2.0,11405520.0,228110.4,11177409.6
831,2025-10-10,William Diaz,Individual,BMW X3,Bangalore,Grey,Diesel,Manual,Corporate,3,7687886.0,7.0,23063658.0,1614456.06,21449201.94
832,2026-06-18,Andrew Gross,Corporate,BMW X3,Jaipur,Red,Electric,Automatic,Online,2,7128954.0,12.0,14257908.0,1710948.96,12546959.04
833,2025-05-25,Samantha Benjamin,Luxury,BMW X3,Kochi,Red,Diesel,Automatic,Corporate,2,7580807.0,12.0,15161614.0,1819393.68,13342220.32
834,2024-05-03,John Hudson,Luxury,BMW i5,Hyderabad,Silver,Hybrid,Manual,Corporate,2,10209728.0,2.0,20419456.0,408389.12,20011066.88
835,2025-02-19,Marvin Hicks,Corporate,BMW i7,Kolkata,Silver,Petrol,Automatic,Online,3,17920147.0,12.0,53760441.0,6451252.92,47309188.08
836,2024-09-04,Sheila Sanchez,Corporate,BMW 7 Series,Mumbai,Blue,Hybrid,Manual,Dealer,3,15262256.0,12.0,45786768.0,5494412.16,40292355.84
837,2023-11-06,Jeremy Valentine,Corporate,BMW X1,Kolkata,White,Electric,Automatic,Dealer,2,5559802.0,12.0,11119604.0,1334352.48,9785251.52
838,2025-08-13,Anthony Christensen,Luxury,BMW 5 Series,Hyderabad,Blue,Hybrid,Manual,Online,1,6902477.0,2.0,6902477.0,138049.54,6764427.46
839,2023-10-23,Travis Scott,Corporate,BMW X7,Chennai,White,Petrol,Manual,Corporate,1,12847209.0,5.0,12847209.0,642360.45,12204848.55
840,2024-09-26,Amanda Garza MD,Individual,BMW i5,Hyderabad,Grey,Petrol,Automatic,Online,1,10351182.0,12.0,10351182.0,1242141.84,9109040.16
841,2024-01-14,Michael Nichols,Luxury,BMW i7,Delhi,Blue,Petrol,Manual,Dealer,1,17637182.0,7.0,17637182.0,1234602.74,16402579.26
842,2026-01-25,Samantha Evans,Individual,BMW X1,Bangalore,Black,Electric,Manual,Dealer,3,6197417.0,10.0,18592251.0,1859225.1,16733025.9
843,2025-06-25,Crystal Jones,Corporate,BMW i7,Bangalore,Red,Hybrid,Automatic,Dealer,2,17242997.0,5.0,34485994.0,1724299.7,32761694.3
844,2024-06-11,Frank Carter,Luxury,BMW 7 Series,Bangalore,Grey,Hybrid,Manual,Dealer,1,15469300.0,5.0,15469300.0,773465.0,14695835.0
845,2024-01-01,Rhonda Weber,Luxury,BMW i4,Jaipur,Blue,Hybrid,Manual,Dealer,3,7785813.0,0.0,23357439.0,0.0,23357439.0
846,2026-07-06,Molly Stephens,Luxury,BMW X3,Hyderabad,Blue,Electric,Automatic,Corporate,2,7261262.0,12.0,14522524.0,1742702.88,12779821.12
847,2024-07-06,Jeffrey White,Luxury,BMW 3 Series,Chennai,Blue,Hybrid,Manual,Corporate,3,5948466.0,2.0,17845398.0,356907.96,17488490.04
848,2025-04-11,Steven Patton,Corporate,BMW X5,Bangalore,Grey,Petrol,Manual,Online,1,11743578.0,7.0,11743578.0,822050.46,10921527.54
849,2026-05-07,Bryan Young,Individual,BMW 5 Series,Mumbai,Grey,Electric,Manual,Online,1,7123741.0,2.0,7123741.0,142474.82,6981266.18
850,2024-09-20,Angelica Green DDS,Individual,BMW 5 Series,Ahmedabad,Blue,Hybrid,Automatic,Corporate,3,7487950.0,7.0,22463850.0,1572469.5,20891380.5
851,2024-03-25,Christopher Benjamin,Luxury,BMW X3,Jaipur,Red,Electric,Manual,Dealer,2,6639182.0,7.0,13278364.0,929485.48,12348878.52
852,2025-08-11,Kristen Gates,Individual,BMW 3 Series,Hyderabad,White,Petrol,Manual,Corporate,2,5821533.0,12.0,11643066.0,1397167.92,10245898.08
853,2023-10-11,Whitney Garcia,Luxury,BMW X3,Pune,White,Diesel,Automatic,Corporate,1,7707559.0,0.0,7707559.0,0.0,7707559.0
854,2025-02-01,John Mendez,Luxury,BMW X7,Pune,White,Electric,Automatic,Corporate,2,13893685.0,12.0,27787370.0,3334484.4,24452885.6
855,2026-05-08,Jamie Summers,Corporate,BMW X5,Delhi,Blue,Diesel,Manual,Corporate,1,10333256.0,7.0,10333256.0,723327.92,9609928.08
856,2025-01-04,Jodi Stein,Corporate,BMW X1,Chennai,Red,Diesel,Automatic,Dealer,3,5048171.0,12.0,15144513.0,1817341.56,13327171.44
857,2026-05-10,Andrew Powell,Individual,BMW X3,Hyderabad,Grey,Electric,Automatic,Online,2,6604402.0,10.0,13208804.0,1320880.4,11887923.6
858,2025-04-23,Brian Roth,Luxury,BMW 7 Series,Kochi,Red,Hybrid,Manual,Online,1,14984407.0,12.0,14984407.0,1798128.84,13186278.16
859,2024-08-19,Frederick Skinner,Corporate,BMW 5 Series,Mumbai,Blue,Electric,Manual,Dealer,1,7996451.0,2.0,7996451.0,159929.02,7836521.98
860,2024-03-22,Jody Elliott,Individual,BMW X7,Mumbai,Silver,Diesel,Manual,Online,1,14516929.0,5.0,14516929.0,725846.45,13791082.55
861,2025-05-22,Dr. Linda Hughes,Corporate,BMW 7 Series,Chennai,Red,Hybrid,Automatic,Corporate,2,16434314.0,2.0,32868628.0,657372.56,32211255.44
862,2025-05-18,David Cooper,Luxury,BMW i4,Bangalore,Blue,Hybrid,Automatic,Online,2,7021643.0,2.0,14043286.0,280865.72,13762420.28
863,2025-09-21,Julie Wright,Corporate,BMW X7,Kochi,Red,Petrol,Automatic,Dealer,1,13074688.0,0.0,13074688.0,0.0,13074688.0
864,2023-10-11,Jose Campbell,Corporate,BMW i4,Pune,Silver,Petrol,Automatic,Corporate,3,8271659.0,10.0,24814977.0,2481497.7,22333479.3
865,2025-09-06,Jennifer Hines,Luxury,BMW i7,Kolkata,Blue,Diesel,Automatic,Dealer,2,15268807.0,12.0,30537614.0,3664513.68,26873100.32
866,2026-08-09,Thomas Rojas,Corporate,BMW X3,Hyderabad,Grey,Diesel,Automatic,Corporate,2,7556433.0,5.0,15112866.0,755643.3,14357222.7
867,2024-08-09,Ryan Powell,Corporate,BMW i5,Kolkata,Blue,Petrol,Automatic,Online,2,9297367.0,0.0,18594734.0,0.0,18594734.0
868,2023-08-28,Jennifer Walsh,Individual,BMW X5,Kolkata,Blue,Electric,Manual,Online,2,10686675.0,10.0,21373350.0,2137335.0,19236015.0
869,2025-10-15,Bernard White,Individual,BMW i4,Hyderabad,Grey,Petrol,Automatic,Dealer,3,8165334.0,12.0,24496002.0,2939520.24,21556481.76
870,2025-03-02,Cheryl Chen,Individual,BMW X1,Hyderabad,White,Hybrid,Manual,Online,2,5075208.0,5.0,10150416.0,507520.8,9642895.2
871,2025-04-07,James Cruz,Individual,BMW 3 Series,Ahmedabad,Grey,Hybrid,Manual,Corporate,3,5247676.0,10.0,15743028.0,1574302.8,14168725.2
872,2024-04-16,Justin Wilson,Luxury,BMW 7 Series,Bangalore,Blue,Diesel,Automatic,Corporate,1,16932693.0,2.0,16932693.0,338653.86,16594039.14
873,2024-04-09,James Woodard,Corporate,BMW X3,Kochi,Red,Petrol,Automatic,Dealer,3,7890700.0,2.0,23672100.0,473442.0,23198658.0
874,2024-05-11,Brandon Hughes,Corporate,BMW X1,Ahmedabad,Black,Electric,Automatic,Online,1,6419580.0,5.0,6419580.0,320979.0,6098601.0
875,2024-02-18,Miss Colleen Chandler DDS,Luxury,BMW i7,Bangalore,Black,Petrol,Manual,Corporate,2,17510536.0,2.0,35021072.0,700421.44,34320650.56
876,2024-01-09,Carolyn Johnson,Individual,BMW i4,Ahmedabad,Silver,Petrol,Manual,Corporate,2,8317759.0,10.0,16635518.0,1663551.8,14971966.2
877,2025-10-19,Samantha Dodson MD,Individual,BMW i7,Ahmedabad,Red,Diesel,Automatic,Corporate,3,15362794.0,12.0,46088382.0,5530605.84,40557776.16
878,2023-11-17,Michael Frost,Corporate,BMW X3,Pune,Red,Hybrid,Automatic,Online,3,6616465.0,0.0,19849395.0,0.0,19849395.0
879,2025-12-01,Mr. Jeffrey Kennedy,Corporate,BMW 7 Series,Mumbai,White,Diesel,Manual,Online,1,17346360.0,0.0,17346360.0,0.0,17346360.0
880,2026-05-23,Matthew Wiggins,Corporate,BMW 7 Series,Bangalore,Silver,Electric,Automatic,Corporate,2,16504390.0,7.0,33008780.0,2310614.6,30698165.4
881,2024-10-29,David Torres,Corporate,BMW 5 Series,Pune,Grey,Hybrid,Manual,Corporate,1,7575111.0,7.0,7575111.0,530257.77,7044853.23
882,2025-08-20,Alan Anderson,Luxury,BMW i7,Kolkata,Red,Diesel,Manual,Online,2,14378419.0,5.0,28756838.0,1437841.9,27318996.1
883,2024-02-04,Shelby Perry,Corporate,BMW 5 Series,Chennai,Silver,Diesel,Automatic,Corporate,2,7576555.0,7.0,15153110.0,1060717.7,14092392.3
884,2025-12-17,Shane Walton,Individual,BMW i5,Bangalore,Black,Hybrid,Manual,Dealer,2,9609648.0,7.0,19219296.0,1345350.72,17873945.28
885,2024-07-26,Valerie Boyle,Individual,BMW X3,Mumbai,Red,Petrol,Automatic,Corporate,2,7597003.0,5.0,15194006.0,759700.3,14434305.7
886,2025-03-07,Amber Garcia,Corporate,BMW 5 Series,Jaipur,Grey,Electric,Manual,Corporate,2,7391108.0,0.0,14782216.0,0.0,14782216.0
887,2026-04-25,Cynthia Dominguez,Individual,BMW 5 Series,Jaipur,Silver,Hybrid,Automatic,Online,1,6534117.0,12.0,6534117.0,784094.04,5750022.96
888,2024-01-21,Julie Ochoa,Luxury,BMW 3 Series,Bangalore,Blue,Hybrid,Manual,Online,3,5372942.0,5.0,16118826.0,805941.3,15312884.7
889,2024-05-10,Debra Bryant,Corporate,BMW X5,Hyderabad,Silver,Electric,Automatic,Corporate,1,10385284.0,0.0,10385284.0,0.0,10385284.0
890,2025-07-23,Tracy Rose,Luxury,BMW 3 Series,Chennai,White,Hybrid,Manual,Online,1,5328236.0,0.0,5328236.0,0.0,5328236.0
891,2025-12-02,Billy Zavala,Individual,BMW i7,Ahmedabad,Blue,Hybrid,Manual,Dealer,3,15270035.0,10.0,45810105.0,4581010.5,41229094.5
892,2023-09-11,Alan Acosta,Individual,BMW 7 Series,Chennai,Silver,Diesel,Automatic,Online,1,15600563.0,0.0,15600563.0,0.0,15600563.0
893,2024-03-04,Brittany Allen,Corporate,BMW 7 Series,Mumbai,White,Petrol,Manual,Dealer,3,17655658.0,10.0,52966974.0,5296697.4,47670276.6
894,2024-10-24,Elizabeth Harris,Corporate,BMW i4,Kolkata,White,Hybrid,Manual,Dealer,1,7045753.0,2.0,7045753.0,140915.06,6904837.94
895,2024-01-15,Jessica Ingram,Corporate,BMW i4,Kochi,Red,Hybrid,Automatic,Dealer,1,7508831.0,5.0,7508831.0,375441.55,7133389.45
896,2023-10-13,Cynthia Johnson,Corporate,BMW 5 Series,Kolkata,Red,Electric,Automatic,Online,2,7371756.0,12.0,14743512.0,1769221.44,12974290.56
897,2024-05-15,Robert Moore,Luxury,BMW i4,Jaipur,Silver,Hybrid,Automatic,Dealer,3,8239499.0,10.0,24718497.0,2471849.7,22246647.3
898,2025-03-29,Adrian Lowery,Luxury,BMW i5,Chennai,Red,Petrol,Manual,Online,3,9885007.0,5.0,29655021.0,1482751.05,28172269.95
899,2026-06-17,Charles Peterson,Individual,BMW i4,Bangalore,Blue,Hybrid,Manual,Dealer,3,8037647.0,12.0,24112941.0,2893552.92,21219388.08
900,2024-05-25,Yvonne Mcgee,Luxury,BMW X3,Mumbai,White,Diesel,Manual,Corporate,2,7484068.0,7.0,14968136.0,1047769.52,13920366.48
901,2026-02-08,Richard Martin,Corporate,BMW i4,Hyderabad,Grey,Hybrid,Manual,Dealer,3,7615291.0,12.0,22845873.0,2741504.76,20104368.24
902,2025-11-09,Corey Donaldson,Individual,BMW i7,Mumbai,Black,Hybrid,Automatic,Dealer,3,15184711.0,12.0,45554133.0,5466495.96,40087637.04
903,2026-03-28,Mark Vazquez,Individual,BMW 7 Series,Kochi,Grey,Electric,Automatic,Corporate,1,18128753.0,7.0,18128753.0,1269012.71,16859740.29
904,2024-06-25,Alexander Orozco,Luxury,BMW 3 Series,Chennai,Silver,Diesel,Automatic,Dealer,2,5252430.0,5.0,10504860.0,525243.0,9979617.0
905,2026-01-11,Nicolas Black,Corporate,BMW 5 Series,Pune,White,Petrol,Automatic,Online,1,7403076.0,10.0,7403076.0,740307.6,6662768.4
906,2024-06-14,Thomas Martinez,Corporate,BMW X5,Pune,White,Petrol,Automatic,Online,3,9695774.0,5.0,29087322.0,1454366.1,27632955.9
907,2025-04-18,Richard Johnson,Individual,BMW 5 Series,Bangalore,Black,Petrol,Automatic,Corporate,3,8139243.0,10.0,24417729.0,2441772.9,21975956.1
908,2026-02-28,Cassidy Thomas,Luxury,BMW 5 Series,Mumbai,Silver,Electric,Manual,Online,2,8410475.0,2.0,16820950.0,336419.0,16484531.0
909,2026-05-30,Jason Jenkins,Corporate,BMW 5 Series,Hyderabad,White,Petrol,Automatic,Online,2,7857052.0,5.0,15714104.0,785705.2,14928398.8
910,2025-08-25,Christopher Acosta,Corporate,BMW 3 Series,Mumbai,Blue,Diesel,Automatic,Online,2,6250730.0,5.0,12501460.0,625073.0,11876387.0
911,2025-04-07,Lisa Rodriguez,Individual,BMW X7,Pune,White,Hybrid,Automatic,Online,3,14640064.0,2.0,43920192.0,878403.84,43041788.16
912,2024-12-09,Cynthia Roth,Corporate,BMW X7,Kolkata,Silver,Electric,Automatic,Dealer,2,15766758.0,10.0,31533516.0,3153351.6,28380164.4
913,2026-04-07,Victoria Barnes,Individual,BMW 3 Series,Jaipur,Blue,Electric,Manual,Online,1,6478962.0,0.0,6478962.0,0.0,6478962.0
914,2024-02-27,Gregory Jimenez,Luxury,BMW 3 Series,Kolkata,Silver,Diesel,Automatic,Corporate,1,6092141.0,12.0,6092141.0,731056.92,5361084.08
915,2024-01-21,Rachel Crane,Corporate,BMW i5,Delhi,Silver,Electric,Manual,Dealer,2,9879346.0,12.0,19758692.0,2371043.04,17387648.96
916,2023-08-11,Gabrielle Rodgers,Luxury,BMW X3,Jaipur,Grey,Hybrid,Automatic,Corporate,1,7780103.0,12.0,7780103.0,933612.36,6846490.64
917,2024-08-20,Ryan Evans,Individual,BMW i7,Ahmedabad,Grey,Diesel,Manual,Dealer,2,16925405.0,12.0,33850810.0,4062097.2,29788712.8
918,2024-09-09,Leroy Kerr,Individual,BMW i5,Pune,Silver,Diesel,Manual,Dealer,3,9817875.0,12.0,29453625.0,3534435.0,25919190.0
919,2025-06-15,Evan Costa,Individual,BMW i5,Jaipur,Silver,Diesel,Automatic,Corporate,3,9654840.0,5.0,28964520.0,1448226.0,27516294.0
920,2024-06-10,Kevin Elliott,Corporate,BMW i7,Delhi,Grey,Petrol,Automatic,Online,2,15012252.0,12.0,30024504.0,3602940.48,26421563.52
921,2024-05-25,Derek Moreno,Luxury,BMW i5,Pune,Black,Hybrid,Manual,Corporate,1,9259654.0,12.0,9259654.0,1111158.48,8148495.52
922,2025-04-18,Jason Stewart,Corporate,BMW 3 Series,Ahmedabad,Red,Diesel,Manual,Online,1,5210893.0,12.0,5210893.0,625307.16,4585585.84
923,2025-02-10,Todd Phillips,Corporate,BMW i7,Hyderabad,Silver,Diesel,Automatic,Corporate,2,16996205.0,10.0,33992410.0,3399241.0,30593169.0
924,2025-05-11,Michael Butler,Corporate,BMW i7,Mumbai,Black,Diesel,Manual,Dealer,2,17451252.0,7.0,34902504.0,2443175.28,32459328.72
925,2026-07-24,Susan Johnson,Corporate,BMW 5 Series,Chennai,White,Hybrid,Automatic,Corporate,1,7391052.0,7.0,7391052.0,517373.64,6873678.36
926,2026-06-27,Lisa Little MD,Luxury,BMW i5,Kolkata,Grey,Electric,Manual,Online,3,10233627.0,10.0,30700881.0,3070088.1,27630792.9
927,2025-08-06,Kerry Barnes,Luxury,BMW i4,Ahmedabad,Red,Diesel,Manual,Online,1,7874349.0,2.0,7874349.0,157486.98,7716862.02
928,2025-02-22,Alyssa Williams,Individual,BMW 7 Series,Jaipur,White,Hybrid,Manual,Corporate,1,18438757.0,12.0,18438757.0,2212650.84,16226106.16
929,2025-02-20,Brian Ball IV,Corporate,BMW 7 Series,Jaipur,Grey,Petrol,Automatic,Corporate,1,17098181.0,10.0,17098181.0,1709818.1,15388362.9
930,2024-03-03,Vincent Martinez,Corporate,BMW X3,Chennai,Blue,Electric,Manual,Online,1,7596343.0,0.0,7596343.0,0.0,7596343.0
931,2024-05-14,Becky Wilson,Corporate,BMW i4,Chennai,Grey,Petrol,Manual,Dealer,1,7299618.0,10.0,7299618.0,729961.8,6569656.2
932,2025-05-06,Aaron Wheeler,Corporate,BMW 7 Series,Ahmedabad,Blue,Petrol,Automatic,Online,1,14017496.0,10.0,14017496.0,1401749.6,12615746.4
933,2023-10-14,Edward Farmer,Individual,BMW i7,Delhi,Grey,Hybrid,Automatic,Corporate,2,16372986.0,5.0,32745972.0,1637298.6,31108673.4
934,2026-05-30,Mario Campos,Luxury,BMW i4,Ahmedabad,Silver,Electric,Automatic,Corporate,2,8399263.0,2.0,16798526.0,335970.52,16462555.48
935,2023-11-19,Joseph Blevins,Luxury,BMW i7,Kolkata,Blue,Petrol,Manual,Online,1,15624181.0,7.0,15624181.0,1093692.67,14530488.33
936,2024-02-04,Thomas Guzman,Luxury,BMW 5 Series,Hyderabad,Silver,Electric,Automatic,Corporate,1,7983123.0,10.0,7983123.0,798312.3,7184810.7
937,2026-06-04,Kimberly Martin,Luxury,BMW 5 Series,Mumbai,Black,Diesel,Manual,Dealer,3,7797516.0,10.0,23392548.0,2339254.8,21053293.2
938,2026-04-22,Jessica Garcia,Individual,BMW 5 Series,Jaipur,White,Diesel,Manual,Corporate,1,6876949.0,5.0,6876949.0,343847.45,6533101.55
939,2025-07-22,Michelle Allen,Corporate,BMW i7,Pune,Grey,Petrol,Manual,Dealer,3,15685262.0,0.0,47055786.0,0.0,47055786.0
940,2025-04-11,Andrew Long,Individual,BMW X7,Chennai,Grey,Electric,Automatic,Dealer,3,15605626.0,5.0,46816878.0,2340843.9,44476034.1
941,2026-01-06,Madison Christian,Corporate,BMW i5,Hyderabad,Blue,Petrol,Automatic,Online,1,9598425.0,2.0,9598425.0,191968.5,9406456.5
942,2025-08-30,Jonathan Brown,Corporate,BMW 7 Series,Chennai,Silver,Petrol,Manual,Dealer,1,16728736.0,0.0,16728736.0,0.0,16728736.0
943,2024-09-24,Travis Brady,Individual,BMW X5,Hyderabad,Grey,Petrol,Automatic,Dealer,2,11231504.0,5.0,22463008.0,1123150.4,21339857.6
944,2023-10-22,Mary Webb,Corporate,BMW i7,Kochi,Red,Hybrid,Automatic,Dealer,2,14991915.0,10.0,29983830.0,2998383.0,26985447.0
945,2026-03-30,Emily Clark,Luxury,BMW X5,Ahmedabad,Grey,Petrol,Manual,Dealer,2,11819957.0,0.0,23639914.0,0.0,23639914.0
946,2025-10-25,George Pitts,Corporate,BMW 3 Series,Delhi,Black,Diesel,Automatic,Corporate,3,5661980.0,12.0,16985940.0,2038312.8,14947627.2
947,2024-06-13,Evan House,Luxury,BMW X7,Ahmedabad,White,Diesel,Manual,Dealer,3,12351937.0,10.0,37055811.0,3705581.1,33350229.9
948,2025-02-02,Michelle Wilson,Luxury,BMW X1,Jaipur,Black,Petrol,Manual,Online,3,5888673.0,7.0,17666019.0,1236621.33,16429397.67
949,2023-10-02,Jessica Barrett,Corporate,BMW 7 Series,Chennai,Red,Electric,Manual,Corporate,2,14504784.0,5.0,29009568.0,1450478.4,27559089.6
950,2026-04-17,Joseph Roberts,Individual,BMW X1,Kochi,White,Petrol,Manual,Online,2,6070236.0,0.0,12140472.0,0.0,12140472.0
951,2023-11-07,Lucas Huffman,Luxury,BMW 5 Series,Hyderabad,Grey,Diesel,Manual,Online,3,8020589.0,5.0,24061767.0,1203088.35,22858678.65
952,2026-04-22,Angela Sherman,Corporate,BMW X3,Ahmedabad,Blue,Electric,Automatic,Corporate,1,7072550.0,12.0,7072550.0,848706.0,6223844.0
953,2024-01-25,Theresa Edwards,Individual,BMW X5,Chennai,Red,Hybrid,Automatic,Corporate,3,10060886.0,0.0,30182658.0,0.0,30182658.0
954,2024-05-26,Vincent Crawford,Luxury,BMW 7 Series,Kolkata,Grey,Hybrid,Automatic,Corporate,3,18662309.0,12.0,55986927.0,6718431.24,49268495.76
955,2026-03-23,Laura Kerr,Corporate,BMW 5 Series,Jaipur,Silver,Petrol,Manual,Corporate,3,6564901.0,7.0,19694703.0,1378629.21,18316073.79
956,2025-01-07,Jeremy Kline,Individual,BMW X5,Kolkata,Black,Hybrid,Manual,Online,3,10243174.0,0.0,30729522.0,0.0,30729522.0
957,2024-04-17,Stacy Sullivan,Individual,BMW 3 Series,Mumbai,Silver,Electric,Automatic,Corporate,1,6058486.0,5.0,6058486.0,302924.3,5755561.7
958,2025-09-06,Valerie Brown,Luxury,BMW X3,Mumbai,Black,Electric,Manual,Corporate,2,6991274.0,5.0,13982548.0,699127.4,13283420.6
959,2024-09-07,Dennis Adams,Luxury,BMW i7,Mumbai,Grey,Petrol,Manual,Corporate,1,14029928.0,12.0,14029928.0,1683591.36,12346336.64
960,2025-10-09,Mr. James Murphy,Luxury,BMW i4,Hyderabad,Silver,Diesel,Automatic,Dealer,1,8157177.0,12.0,8157177.0,978861.24,7178315.76
961,2025-10-24,Tina Neal,Luxury,BMW 5 Series,Hyderabad,Red,Electric,Automatic,Dealer,3,7044471.0,2.0,21133413.0,422668.26,20710744.74
962,2025-01-20,Jacob Todd,Luxury,BMW i5,Kochi,Grey,Petrol,Manual,Corporate,3,9530413.0,10.0,28591239.0,2859123.9,25732115.1
963,2024-05-20,Christopher Scott,Corporate,BMW 3 Series,Pune,Black,Hybrid,Manual,Corporate,2,5407119.0,5.0,10814238.0,540711.9,10273526.1
964,2024-07-22,Latoya Mercer,Individual,BMW 3 Series,Mumbai,Red,Hybrid,Manual,Online,2,4598492.0,7.0,9196984.0,643788.88,8553195.12
965,2026-05-22,Mark Short,Individual,BMW X1,Pune,Silver,Diesel,Manual,Dealer,3,5171565.0,0.0,15514695.0,0.0,15514695.0
966,2025-12-18,Rachel Phillips,Corporate,BMW X1,Hyderabad,Silver,Petrol,Automatic,Online,2,5690434.0,0.0,11380868.0,0.0,11380868.0
967,2025-03-03,Ryan Hopkins,Corporate,BMW 3 Series,Kochi,Blue,Diesel,Automatic,Dealer,3,6171893.0,5.0,18515679.0,925783.95,17589895.05
968,2025-10-23,Monica Bailey,Luxury,BMW X5,Chennai,Black,Hybrid,Automatic,Online,3,10899171.0,2.0,32697513.0,653950.26,32043562.74
969,2025-07-23,Casey Lee MD,Individual,BMW i7,Bangalore,Grey,Electric,Automatic,Dealer,1,14358758.0,0.0,14358758.0,0.0,14358758.0
970,2024-06-24,Marcia Johnson,Luxury,BMW i4,Chennai,Grey,Petrol,Automatic,Dealer,3,7632230.0,12.0,22896690.0,2747602.8,20149087.2
971,2025-06-15,Sharon Foster,Luxury,BMW i5,Chennai,Black,Hybrid,Automatic,Corporate,2,9618485.0,7.0,19236970.0,1346587.9,17890382.1
972,2025-06-16,Robert Knight,Luxury,BMW i7,Chennai,Grey,Petrol,Manual,Corporate,2,15901744.0,7.0,31803488.0,2226244.16,29577243.84
973,2024-09-28,Crystal Lopez,Individual,BMW 3 Series,Ahmedabad,White,Petrol,Automatic,Corporate,2,5584674.0,10.0,11169348.0,1116934.8,10052413.2
974,2024-06-01,Joseph Jones,Corporate,BMW 5 Series,Kochi,White,Electric,Manual,Online,1,8155526.0,10.0,8155526.0,815552.6,7339973.4
975,2023-09-28,Annette Byrd,Corporate,BMW i7,Ahmedabad,Black,Petrol,Automatic,Corporate,1,14779819.0,2.0,14779819.0,295596.38,14484222.62
976,2025-01-17,Christian Mcgee,Corporate,BMW X7,Jaipur,Red,Diesel,Automatic,Online,2,14733448.0,5.0,29466896.0,1473344.8,27993551.2
977,2024-01-26,Benjamin Williams,Individual,BMW i7,Pune,Red,Diesel,Automatic,Corporate,2,15220810.0,0.0,30441620.0,0.0,30441620.0
978,2024-02-11,Kristen Daugherty,Corporate,BMW i5,Chennai,White,Diesel,Automatic,Dealer,2,9885126.0,2.0,19770252.0,395405.04,19374846.96
979,2023-09-20,Thomas Gomez,Corporate,BMW i4,Ahmedabad,Red,Electric,Manual,Online,3,8257792.0,5.0,24773376.0,1238668.8,23534707.2
980,2025-01-05,Michael Garcia,Luxury,BMW 7 Series,Bangalore,White,Petrol,Automatic,Dealer,1,17810962.0,7.0,17810962.0,1246767.34,16564194.66
981,2024-12-17,Kelly Gibson,Individual,BMW i4,Kochi,Silver,Electric,Manual,Online,1,7446983.0,7.0,7446983.0,521288.81,6925694.19
982,2024-06-12,Shawn Aguirre,Individual,BMW 7 Series,Chennai,Blue,Petrol,Automatic,Online,1,17043530.0,0.0,17043530.0,0.0,17043530.0
983,2024-11-14,Benjamin Braun,Individual,BMW i4,Mumbai,Black,Petrol,Automatic,Online,3,8324004.0,5.0,24972012.0,1248600.6,23723411.4
984,2023-11-16,Danielle Brown,Individual,BMW 7 Series,Mumbai,Blue,Diesel,Automatic,Dealer,3,16197805.0,2.0,48593415.0,971868.3,47621546.7
985,2025-02-26,Norman Martin,Corporate,BMW 7 Series,Delhi,White,Hybrid,Automatic,Dealer,1,14848845.0,12.0,14848845.0,1781861.4,13066983.6
986,2024-04-25,Robert Duncan,Luxury,BMW X3,Ahmedabad,Silver,Diesel,Manual,Dealer,2,7003630.0,5.0,14007260.0,700363.0,13306897.0
987,2024-03-22,Matthew Allen,Corporate,BMW 5 Series,Hyderabad,White,Hybrid,Manual,Corporate,1,8351204.0,2.0,8351204.0,167024.08,8184179.92
988,2025-07-26,Jamie Gutierrez MD,Individual,BMW X7,Mumbai,Red,Diesel,Manual,Online,1,15863011.0,10.0,15863011.0,1586301.1,14276709.9
989,2026-05-01,Cindy Reed,Luxury,BMW X1,Chennai,Red,Hybrid,Automatic,Dealer,2,6320071.0,2.0,12640142.0,252802.84,12387339.16
990,2024-06-30,Robert Diaz,Luxury,BMW i4,Kochi,Grey,Electric,Manual,Online,1,7136048.0,10.0,7136048.0,713604.8,6422443.2
991,2023-12-02,Tanner Harmon,Corporate,BMW 7 Series,Pune,Grey,Hybrid,Manual,Corporate,3,17136322.0,12.0,51408966.0,6169075.92,45239890.08
992,2024-03-08,Fernando Johnson,Individual,BMW X7,Kochi,White,Diesel,Manual,Online,1,14725195.0,2.0,14725195.0,294503.9,14430691.1
993,2025-08-16,Jeanette Harris,Luxury,BMW X1,Delhi,White,Electric,Manual,Dealer,2,5891337.0,10.0,11782674.0,1178267.4,10604406.6
994,2026-07-02,Kimberly Wallace,Corporate,BMW 7 Series,Bangalore,Blue,Diesel,Automatic,Corporate,2,16475042.0,10.0,32950084.0,3295008.4,29655075.6
995,2024-05-02,Kevin Jackson,Corporate,BMW i7,Pune,Grey,Hybrid,Manual,Online,2,15787202.0,7.0,31574404.0,2210208.28,29364195.72
996,2026-04-22,Michael Rosales,Corporate,BMW X3,Kolkata,White,Electric,Automatic,Dealer,1,6551837.0,7.0,6551837.0,458628.59,6093208.41
997,2025-03-21,Megan Franco,Individual,BMW X3,Jaipur,Black,Electric,Automatic,Dealer,3,7575400.0,12.0,22726200.0,2727144.0,19999056.0
998,2025-04-16,Tiffany Collins,Corporate,BMW 5 Series,Pune,Blue,Diesel,Manual,Online,3,6580281.0,2.0,19740843.0,394816.86,19346026.14
999,2023-11-19,Veronica Arnold,Corporate,BMW X3,Mumbai,Silver,Electric,Automatic,Online,3,7979839.0,2.0,23939517.0,478790.34,23460726.66
1000,2024-09-23,Joshua Chase,Corporate,BMW X5,Kolkata,Black,Hybrid,Automatic,Dealer,3,11201874.0,12.0,33605622.0,4032674.64,29572947.36
1001,2024-09-15,Derek Griffin,Corporate,BMW X1,Mumbai,Red,Hybrid,Manual,Dealer,1,5994969.0,10.0,5994969.0,599496.9,5395472.1
1002,2024-02-22,Shannon Bauer,Luxury,BMW X5,Mumbai,White,Hybrid,Manual,Dealer,3,11298488.0,7.0,33895464.0,2372682.48,31522781.52
1003,2025-02-20,Shannon Lewis,Luxury,BMW X5,Hyderabad,Silver,Petrol,Manual,Online,1,11922245.0,5.0,11922245.0,596112.25,11326132.75
1004,2023-09-27,Chris Mercado,Luxury,BMW X5,Mumbai,Grey,Electric,Manual,Dealer,2,11258031.0,12.0,22516062.0,2701927.44,19814134.56
1005,2025-10-09,James Summers,Individual,BMW i7,Chennai,Blue,Hybrid,Manual,Online,1,17867753.0,2.0,17867753.0,357355.06,17510397.94
1006,2025-11-30,Rachel Burns,Luxury,BMW 5 Series,Jaipur,Black,Electric,Manual,Online,1,7310410.0,7.0,7310410.0,511728.7,6798681.3
1007,2024-04-07,Pamela Ellison,Individual,BMW 5 Series,Hyderabad,White,Petrol,Manual,Dealer,3,6718760.0,10.0,20156280.0,2015628.0,18140652.0
1008,2024-03-27,Brian Andrews,Corporate,BMW X1,Bangalore,White,Electric,Automatic,Dealer,2,5809278.0,2.0,11618556.0,232371.12,11386184.88
1009,2024-07-08,George Anderson,Individual,BMW X5,Jaipur,Grey,Hybrid,Automatic,Dealer,1,9546334.0,5.0,9546334.0,477316.7,9069017.3
1010,2025-08-16,Thomas Jones,Individual,BMW i5,Kolkata,Grey,Diesel,Automatic,Online,3,10002965.0,0.0,30008895.0,0.0,30008895.0
1011,2026-01-31,Gail Weeks,Corporate,BMW X7,Ahmedabad,Blue,Diesel,Manual,Dealer,3,12665976.0,10.0,37997928.0,3799792.8,34198135.2
1012,2025-10-13,Thomas Bridges,Luxury,BMW 3 Series,Hyderabad,Red,Diesel,Manual,Online,1,5434766.0,7.0,5434766.0,380433.62,5054332.38
1013,2024-10-14,Lisa Little,Corporate,BMW i4,Ahmedabad,Black,Electric,Manual,Corporate,1,8208237.0,12.0,8208237.0,984988.44,7223248.56
1014,2025-07-06,Timothy Jackson,Corporate,BMW X3,Kolkata,White,Diesel,Manual,Online,1,7785611.0,7.0,7785611.0,544992.77,7240618.23
1015,2023-10-28,Michelle Brown,Corporate,BMW 7 Series,Kochi,Black,Diesel,Automatic,Corporate,2,14801398.0,12.0,29602796.0,3552335.52,26050460.48
1016,2023-11-02,Carol Weaver,Corporate,BMW i5,Delhi,Silver,Diesel,Manual,Corporate,1,10398080.0,12.0,10398080.0,1247769.6,9150310.4
1017,2025-12-20,Allison Roberts,Individual,BMW 5 Series,Pune,Blue,Hybrid,Manual,Online,1,6660502.0,10.0,6660502.0,666050.2,5994451.8
1018,2024-06-16,Kathleen Smith,Corporate,BMW X1,Jaipur,Black,Hybrid,Manual,Corporate,2,5093606.0,0.0,10187212.0,0.0,10187212.0
1019,2025-07-12,Terry Gutierrez,Corporate,BMW X7,Mumbai,Blue,Petrol,Automatic,Corporate,1,13663772.0,0.0,13663772.0,0.0,13663772.0
1020,2025-04-23,Melissa Benjamin,Individual,BMW i4,Ahmedabad,Red,Diesel,Manual,Online,1,7967535.0,0.0,7967535.0,0.0,7967535.0
1021,2024-05-21,Lisa Yates,Individual,BMW X3,Hyderabad,Black,Diesel,Manual,Corporate,1,6857751.0,10.0,6857751.0,685775.1,6171975.9
1022,2026-01-22,Angela Alexander,Corporate,BMW X7,Hyderabad,Silver,Electric,Automatic,Online,3,12325416.0,0.0,36976248.0,0.0,36976248.0
1023,2026-02-16,Michael Powell,Luxury,BMW 7 Series,Mumbai,White,Hybrid,Automatic,Corporate,3,14288944.0,10.0,42866832.0,4286683.2,38580148.8
1024,2024-03-25,Alexandra Barker,Corporate,BMW 5 Series,Kolkata,Black,Petrol,Automatic,Dealer,2,7947761.0,7.0,15895522.0,1112686.54,14782835.46
1025,2026-01-06,Phillip Mendez,Individual,BMW X1,Pune,Black,Hybrid,Automatic,Online,1,5500255.0,0.0,5500255.0,0.0,5500255.0
1026,2026-07-01,Linda Underwood,Corporate,BMW X1,Bangalore,White,Diesel,Automatic,Corporate,1,5462564.0,12.0,5462564.0,655507.68,4807056.32
1027,2024-06-20,Frank Hernandez,Corporate,BMW 5 Series,Pune,White,Diesel,Manual,Dealer,3,7176708.0,12.0,21530124.0,2583614.88,18946509.12
1028,2025-08-26,Angela Moreno,Luxury,BMW X1,Mumbai,White,Petrol,Manual,Online,2,5222057.0,5.0,10444114.0,522205.7,9921908.3
1029,2025-01-31,Eric Patterson,Individual,BMW 3 Series,Kolkata,Black,Electric,Manual,Dealer,2,4946206.0,2.0,9892412.0,197848.24,9694563.76
1030,2025-03-04,Andrew Baker,Individual,BMW X1,Kolkata,Black,Diesel,Manual,Corporate,3,5632363.0,7.0,16897089.0,1182796.23,15714292.77
1031,2025-05-04,Janet Clark,Individual,BMW X5,Kolkata,Silver,Electric,Manual,Online,2,10057554.0,2.0,20115108.0,402302.16,19712805.84
1032,2024-03-17,Colleen Cole,Individual,BMW 3 Series,Kochi,Grey,Diesel,Automatic,Dealer,3,6412819.0,7.0,19238457.0,1346691.99,17891765.01
1033,2024-10-06,Clayton Jimenez,Individual,BMW i7,Bangalore,Grey,Diesel,Automatic,Dealer,1,15295405.0,12.0,15295405.0,1835448.6,13459956.4
1034,2025-12-10,Abigail Keller PhD,Individual,BMW X5,Ahmedabad,Grey,Diesel,Automatic,Corporate,1,10744092.0,2.0,10744092.0,214881.84,10529210.16
1035,2025-05-14,Melissa Young,Luxury,BMW i7,Ahmedabad,Blue,Electric,Automatic,Online,2,17100662.0,2.0,34201324.0,684026.48,33517297.52
1036,2025-11-06,Tiffany Frank,Luxury,BMW X3,Chennai,Blue,Diesel,Automatic,Dealer,3,6980268.0,5.0,20940804.0,1047040.2,19893763.8
1037,2024-11-22,Erin Hunt,Luxury,BMW X1,Mumbai,Blue,Diesel,Manual,Dealer,2,6275200.0,10.0,12550400.0,1255040.0,11295360.0
1038,2025-12-18,Johnny Sanchez,Individual,BMW 5 Series,Ahmedabad,Silver,Diesel,Automatic,Dealer,1,6646769.0,0.0,6646769.0,0.0,6646769.0
1039,2023-12-14,Gary Craig,Luxury,BMW 7 Series,Kochi,Red,Petrol,Manual,Online,1,18604063.0,2.0,18604063.0,372081.26,18231981.74
1040,2026-02-10,Alex Johnson,Corporate,BMW X3,Hyderabad,White,Diesel,Manual,Corporate,1,6914263.0,7.0,6914263.0,483998.41,6430264.59
1041,2023-10-15,Gregory Mitchell,Individual,BMW i4,Mumbai,Blue,Hybrid,Manual,Online,2,7570133.0,0.0,15140266.0,0.0,15140266.0
1042,2026-03-27,David Roberts,Individual,BMW i4,Kolkata,Grey,Diesel,Manual,Online,3,8059675.0,12.0,24179025.0,2901483.0,21277542.0
1043,2026-07-27,Chase Simmons,Corporate,BMW X7,Bangalore,Red,Diesel,Automatic,Online,2,15182882.0,10.0,30365764.0,3036576.4,27329187.6
1044,2024-08-11,Stephanie Dixon,Corporate,BMW i4,Delhi,Red,Hybrid,Automatic,Dealer,2,7951274.0,7.0,15902548.0,1113178.36,14789369.64
1045,2024-12-07,Ivan Davis,Corporate,BMW i4,Mumbai,Black,Electric,Manual,Online,1,7324480.0,0.0,7324480.0,0.0,7324480.0
1046,2026-06-06,Sara Rogers,Individual,BMW X7,Pune,Silver,Petrol,Manual,Dealer,2,13610769.0,5.0,27221538.0,1361076.9,25860461.1
1047,2024-09-08,Alexandra Finley,Luxury,BMW X7,Kochi,Blue,Electric,Manual,Corporate,1,12680997.0,7.0,12680997.0,887669.79,11793327.21
1048,2026-07-15,Manuel Barnes,Individual,BMW X5,Chennai,White,Diesel,Manual,Online,2,11116204.0,12.0,22232408.0,2667888.96,19564519.04
1049,2025-10-20,Chelsea Allen,Individual,BMW 3 Series,Hyderabad,Silver,Diesel,Manual,Corporate,3,5048050.0,7.0,15144150.0,1060090.5,14084059.5
1050,2026-02-24,Michael Padilla,Luxury,BMW i7,Hyderabad,Silver,Hybrid,Manual,Corporate,1,14051746.0,0.0,14051746.0,0.0,14051746.0
1051,2025-05-25,Deborah Roy,Luxury,BMW 5 Series,Jaipur,White,Hybrid,Manual,Online,1,8408301.0,7.0,8408301.0,588581.07,7819719.93
1052,2026-03-20,Rebecca Allen,Individual,BMW i5,Jaipur,Blue,Hybrid,Automatic,Corporate,2,10380945.0,10.0,20761890.0,2076189.0,18685701.0
1053,2024-08-12,Daniel Jackson,Luxury,BMW i7,Pune,Silver,Diesel,Manual,Online,1,17415119.0,5.0,17415119.0,870755.95,16544363.05
1054,2024-07-10,Rose Randall,Luxury,BMW 3 Series,Hyderabad,Black,Petrol,Manual,Online,2,6212092.0,0.0,12424184.0,0.0,12424184.0
1055,2024-01-25,Mark Reed,Corporate,BMW X3,Kolkata,White,Diesel,Automatic,Dealer,1,6857845.0,5.0,6857845.0,342892.25,6514952.75
1056,2023-08-21,Jeremy Baldwin,Luxury,BMW i5,Bangalore,White,Diesel,Automatic,Dealer,3,9945104.0,2.0,29835312.0,596706.24,29238605.76
1057,2025-03-04,Lauren Oneill,Individual,BMW X1,Delhi,Red,Petrol,Automatic,Online,2,5857299.0,12.0,11714598.0,1405751.76,10308846.24
1058,2024-12-15,Marcus Rios,Corporate,BMW 5 Series,Kolkata,Blue,Petrol,Automatic,Online,2,6761476.0,0.0,13522952.0,0.0,13522952.0
1059,2024-06-04,Thomas Hicks,Individual,BMW 5 Series,Chennai,Silver,Petrol,Automatic,Corporate,2,6628044.0,0.0,13256088.0,0.0,13256088.0
1060,2024-09-24,Kevin Hernandez,Luxury,BMW 3 Series,Kolkata,Grey,Hybrid,Manual,Online,3,5764550.0,5.0,17293650.0,864682.5,16428967.5
1061,2025-10-16,Leslie Mason,Luxury,BMW X5,Pune,Blue,Hybrid,Manual,Dealer,2,10938971.0,2.0,21877942.0,437558.84,21440383.16
1062,2025-07-24,Tina Wyatt,Individual,BMW X5,Pune,Silver,Hybrid,Automatic,Corporate,1,9920174.0,7.0,9920174.0,694412.18,9225761.82
1063,2026-02-26,John Hill,Luxury,BMW 5 Series,Jaipur,Blue,Hybrid,Manual,Online,3,7086085.0,2.0,21258255.0,425165.1,20833089.9
1064,2025-01-18,Gary Stephens,Luxury,BMW X1,Chennai,Silver,Electric,Automatic,Online,2,6338136.0,0.0,12676272.0,0.0,12676272.0
1065,2026-04-19,Teresa Torres,Corporate,BMW i4,Mumbai,Silver,Petrol,Manual,Online,2,8272474.0,7.0,16544948.0,1158146.36,15386801.64
1066,2026-07-03,Bryan Myers,Individual,BMW 5 Series,Kolkata,Silver,Diesel,Automatic,Online,3,7116275.0,2.0,21348825.0,426976.5,20921848.5
1067,2026-05-02,Matthew Robles,Individual,BMW 5 Series,Delhi,Grey,Diesel,Manual,Online,3,8245573.0,10.0,24736719.0,2473671.9,22263047.1
1068,2025-11-08,Jenna Moore,Corporate,BMW i5,Mumbai,Silver,Petrol,Automatic,Corporate,1,9510354.0,2.0,9510354.0,190207.08,9320146.92
1069,2024-08-07,Nancy White,Luxury,BMW 3 Series,Hyderabad,Blue,Diesel,Manual,Online,2,6448261.0,7.0,12896522.0,902756.54,11993765.46
1070,2024-08-23,Stephanie Frey,Luxury,BMW 5 Series,Hyderabad,Silver,Hybrid,Automatic,Online,3,8435118.0,12.0,25305354.0,3036642.48,22268711.52
1071,2024-06-25,Abigail Adams,Luxury,BMW X1,Kochi,Blue,Hybrid,Manual,Corporate,1,6259716.0,12.0,6259716.0,751165.92,5508550.08
1072,2026-01-15,Robert Wilson,Individual,BMW i5,Kolkata,Blue,Petrol,Manual,Dealer,1,10695437.0,2.0,10695437.0,213908.74,10481528.26
1073,2023-09-16,Douglas Mendez,Individual,BMW 5 Series,Pune,Silver,Petrol,Manual,Online,3,8053111.0,2.0,24159333.0,483186.66,23676146.34
1074,2024-09-09,Brian Daniels,Corporate,BMW X7,Kochi,Black,Diesel,Manual,Online,1,15090857.0,5.0,15090857.0,754542.85,14336314.15
1075,2024-09-15,Stephanie Wyatt,Corporate,BMW X5,Hyderabad,Red,Diesel,Automatic,Dealer,3,11679995.0,10.0,35039985.0,3503998.5,31535986.5
1076,2025-02-13,Christine Booker,Individual,BMW i5,Ahmedabad,White,Hybrid,Manual,Corporate,1,9662545.0,5.0,9662545.0,483127.25,9179417.75
1077,2023-08-19,Michelle Shaw MD,Luxury,BMW X3,Hyderabad,Red,Electric,Manual,Corporate,3,7895341.0,0.0,23686023.0,0.0,23686023.0
1078,2025-05-22,Briana Shah,Corporate,BMW 5 Series,Delhi,Grey,Diesel,Manual,Corporate,3,8277691.0,10.0,24833073.0,2483307.3,22349765.7
1079,2025-05-15,Bradley Obrien,Luxury,BMW X7,Chennai,Silver,Diesel,Automatic,Corporate,2,15398267.0,2.0,30796534.0,615930.68,30180603.32
1080,2024-05-01,James Madden,Individual,BMW 3 Series,Hyderabad,Grey,Electric,Automatic,Corporate,2,6296795.0,12.0,12593590.0,1511230.8,11082359.2
1081,2025-10-23,Erin Daniel,Individual,BMW X7,Pune,Blue,Hybrid,Manual,Corporate,3,13771831.0,7.0,41315493.0,2892084.51,38423408.49
1082,2026-04-23,Donna Velez,Individual,BMW X3,Delhi,Red,Hybrid,Automatic,Online,1,7960406.0,12.0,7960406.0,955248.72,7005157.28
1083,2026-05-31,Julia Jensen PhD,Corporate,BMW i7,Chennai,Grey,Diesel,Automatic,Corporate,3,17564360.0,5.0,52693080.0,2634654.0,50058426.0
1084,2024-09-09,Corey Murray,Corporate,BMW i4,Delhi,Silver,Diesel,Automatic,Corporate,1,7303715.0,2.0,7303715.0,146074.3,7157640.7
1085,2025-08-04,Victoria Gomez MD,Individual,BMW i7,Bangalore,Grey,Diesel,Automatic,Online,1,16845071.0,7.0,16845071.0,1179154.97,15665916.03
1086,2024-08-26,Thomas Perez,Individual,BMW i4,Hyderabad,Silver,Electric,Manual,Corporate,1,7110042.0,10.0,7110042.0,711004.2,6399037.8
1087,2023-08-28,Stephanie Cross,Luxury,BMW X7,Mumbai,Grey,Hybrid,Manual,Corporate,1,12142576.0,2.0,12142576.0,242851.52,11899724.48
1088,2023-12-21,Alexis Serrano,Corporate,BMW 7 Series,Kolkata,Grey,Electric,Manual,Dealer,2,14751712.0,12.0,29503424.0,3540410.88,25963013.12
1089,2026-03-29,Kevin Clements,Luxury,BMW 5 Series,Bangalore,Silver,Diesel,Automatic,Corporate,1,6673302.0,7.0,6673302.0,467131.14,6206170.86
1090,2026-01-20,Lori Evans,Corporate,BMW i7,Ahmedabad,Black,Diesel,Manual,Corporate,3,15148085.0,12.0,45444255.0,5453310.6,39990944.4
1091,2025-03-14,Christopher Wang,Corporate,BMW X7,Delhi,Blue,Petrol,Automatic,Corporate,1,14396722.0,0.0,14396722.0,0.0,14396722.0
1092,2024-06-03,Alice Snyder,Individual,BMW 3 Series,Kolkata,Grey,Petrol,Automatic,Corporate,3,5666142.0,10.0,16998426.0,1699842.6,15298583.4
1093,2025-10-29,Linda Murphy,Corporate,BMW 5 Series,Hyderabad,White,Petrol,Manual,Dealer,3,8307752.0,12.0,24923256.0,2990790.72,21932465.28
1094,2024-03-05,Ashley Price,Individual,BMW 3 Series,Hyderabad,White,Petrol,Manual,Dealer,1,5706032.0,12.0,5706032.0,684723.84,5021308.16
1095,2024-03-18,Michael Landry,Individual,BMW 5 Series,Jaipur,White,Hybrid,Automatic,Online,2,7126163.0,10.0,14252326.0,1425232.6,12827093.4
1096,2024-05-03,Crystal Wells,Luxury,BMW 3 Series,Jaipur,Red,Hybrid,Automatic,Online,2,6397124.0,12.0,12794248.0,1535309.76,11258938.24
1097,2024-08-31,Rachel Beard,Luxury,BMW X5,Jaipur,Red,Diesel,Automatic,Dealer,3,10976886.0,10.0,32930658.0,3293065.8,29637592.2
1098,2026-06-05,Sara Monroe,Luxury,BMW X1,Chennai,White,Diesel,Automatic,Online,1,5394419.0,5.0,5394419.0,269720.95,5124698.05
1099,2025-10-09,Teresa Holland,Corporate,BMW X3,Hyderabad,Red,Electric,Manual,Corporate,2,7805084.0,0.0,15610168.0,0.0,15610168.0
1100,2024-09-29,Tara Gentry,Luxury,BMW 7 Series,Kolkata,Silver,Hybrid,Automatic,Dealer,1,17825773.0,5.0,17825773.0,891288.65,16934484.35
1101,2024-08-17,Karen Barnett,Corporate,BMW 5 Series,Delhi,White,Electric,Automatic,Dealer,3,7827748.0,12.0,23483244.0,2817989.28,20665254.72
1102,2025-06-01,Melissa Sanchez,Individual,BMW X5,Kolkata,White,Petrol,Manual,Corporate,1,11089397.0,10.0,11089397.0,1108939.7,9980457.3
1103,2026-06-04,William Vega,Corporate,BMW 5 Series,Jaipur,Silver,Petrol,Manual,Online,1,7353082.0,5.0,7353082.0,367654.1,6985427.9
1104,2026-06-05,Steven Adkins,Individual,BMW 7 Series,Mumbai,Grey,Diesel,Manual,Dealer,1,16295515.0,0.0,16295515.0,0.0,16295515.0
1105,2023-11-30,Taylor Lewis,Luxury,BMW 7 Series,Jaipur,Black,Electric,Manual,Online,3,16571524.0,7.0,49714572.0,3480020.04,46234551.96
1106,2026-05-29,Emily Hicks,Corporate,BMW i7,Bangalore,Blue,Hybrid,Automatic,Corporate,1,17760488.0,2.0,17760488.0,355209.76,17405278.24
1107,2024-07-29,Megan Martin,Individual,BMW i5,Jaipur,Red,Diesel,Manual,Corporate,2,10247002.0,7.0,20494004.0,1434580.28,19059423.72
1108,2025-11-19,Kyle Ward,Luxury,BMW i5,Hyderabad,Grey,Electric,Automatic,Corporate,1,10379009.0,2.0,10379009.0,207580.18,10171428.82
1109,2025-08-22,Matthew Peters,Corporate,BMW X5,Mumbai,White,Hybrid,Manual,Corporate,3,11254241.0,7.0,33762723.0,2363390.61,31399332.39
1110,2024-01-13,Rebecca Graves,Corporate,BMW X3,Delhi,White,Electric,Automatic,Online,3,7397088.0,12.0,22191264.0,2662951.68,19528312.32
1111,2023-10-15,Sean Flores,Luxury,BMW X5,Bangalore,White,Petrol,Automatic,Dealer,1,9833341.0,12.0,9833341.0,1180000.92,8653340.08
1112,2024-07-28,Theodore Gardner,Corporate,BMW 5 Series,Delhi,Grey,Diesel,Manual,Corporate,2,7662157.0,0.0,15324314.0,0.0,15324314.0
1113,2023-09-16,Hannah Roberson,Luxury,BMW i5,Bangalore,White,Petrol,Manual,Corporate,1,9850335.0,10.0,9850335.0,985033.5,8865301.5
1114,2026-05-12,Joan Roberts,Luxury,BMW X5,Mumbai,Black,Hybrid,Automatic,Corporate,3,11715059.0,10.0,35145177.0,3514517.7,31630659.3
1115,2026-03-16,Mr. Dennis Duffy II,Corporate,BMW X1,Hyderabad,Red,Electric,Automatic,Online,2,5157543.0,2.0,10315086.0,206301.72,10108784.28
1116,2025-03-23,Daniel Wang,Corporate,BMW X7,Hyderabad,Silver,Diesel,Automatic,Online,1,13565665.0,5.0,13565665.0,678283.25,12887381.75
1117,2024-06-07,Ms. Erin Alvarado,Corporate,BMW i4,Delhi,Silver,Hybrid,Automatic,Corporate,1,7555222.0,0.0,7555222.0,0.0,7555222.0
1118,2026-04-01,Dana Reid,Individual,BMW i5,Chennai,Grey,Petrol,Manual,Corporate,2,10961706.0,10.0,21923412.0,2192341.2,19731070.8
1119,2025-11-27,Julie Gomez,Corporate,BMW i4,Pune,Black,Electric,Automatic,Online,2,7625686.0,0.0,15251372.0,0.0,15251372.0
1120,2024-01-29,Daniel Thomas,Individual,BMW 3 Series,Bangalore,Black,Diesel,Manual,Online,2,5403461.0,2.0,10806922.0,216138.44,10590783.56
1121,2024-06-08,Mary Yates,Corporate,BMW 3 Series,Hyderabad,White,Hybrid,Manual,Online,3,6113648.0,5.0,18340944.0,917047.2,17423896.8
1122,2024-06-16,Gina Harrison,Individual,BMW X5,Kolkata,Black,Hybrid,Manual,Dealer,3,10264126.0,5.0,30792378.0,1539618.9,29252759.1
1123,2026-02-23,Rose Bentley,Corporate,BMW X5,Kolkata,White,Petrol,Automatic,Dealer,2,9524369.0,12.0,19048738.0,2285848.56,16762889.44
1124,2024-08-15,Frank Spencer,Corporate,BMW 7 Series,Kolkata,Black,Diesel,Automatic,Corporate,3,17532071.0,5.0,52596213.0,2629810.65,49966402.35
1125,2024-02-07,Cindy Johnson,Corporate,BMW X3,Bangalore,Grey,Diesel,Manual,Corporate,2,7383100.0,10.0,14766200.0,1476620.0,13289580.0
1126,2023-08-29,Ann Cox,Luxury,BMW X7,Hyderabad,White,Diesel,Manual,Dealer,1,12460252.0,0.0,12460252.0,0.0,12460252.0
1127,2023-11-04,Matthew Thompson,Corporate,BMW X1,Chennai,Red,Petrol,Manual,Online,2,6422519.0,7.0,12845038.0,899152.66,11945885.34
1128,2024-05-30,Herbert Alexander,Individual,BMW X3,Ahmedabad,Red,Diesel,Automatic,Online,2,6673255.0,2.0,13346510.0,266930.2,13079579.8
1129,2024-09-25,Justin Freeman,Luxury,BMW 5 Series,Delhi,Grey,Diesel,Manual,Dealer,1,7970010.0,12.0,7970010.0,956401.2,7013608.8
1130,2026-06-09,Paula Gutierrez,Individual,BMW i5,Kochi,Silver,Diesel,Automatic,Dealer,1,9379979.0,10.0,9379979.0,937997.9,8441981.1
1131,2026-02-25,Bryce Davis,Individual,BMW X7,Chennai,Grey,Petrol,Automatic,Dealer,1,13148658.0,2.0,13148658.0,262973.16,12885684.84
1132,2025-05-23,Ariel Camacho,Corporate,BMW X7,Kolkata,Silver,Diesel,Automatic,Online,2,14201888.0,12.0,28403776.0,3408453.12,24995322.88
1133,2024-02-03,Michelle Pacheco,Corporate,BMW i4,Chennai,Black,Electric,Automatic,Online,2,8069261.0,12.0,16138522.0,1936622.64,14201899.36
1134,2025-07-20,Andrew Lawson,Individual,BMW X3,Pune,Blue,Petrol,Automatic,Dealer,2,7992303.0,2.0,15984606.0,319692.12,15664913.88
1135,2025-11-06,Ana Henderson,Individual,BMW 3 Series,Pune,Blue,Petrol,Manual,Online,2,4944549.0,7.0,9889098.0,692236.86,9196861.14
1136,2024-12-10,Daniel Lee,Corporate,BMW i4,Pune,Black,Petrol,Automatic,Online,2,7701040.0,0.0,15402080.0,0.0,15402080.0
1137,2025-08-03,Christina Smith,Luxury,BMW X5,Kochi,White,Electric,Automatic,Online,3,11718208.0,5.0,35154624.0,1757731.2,33396892.8
1138,2025-02-07,Steven Delacruz,Luxury,BMW 5 Series,Bangalore,Red,Petrol,Automatic,Corporate,3,6773647.0,12.0,20320941.0,2438512.92,17882428.08
1139,2024-07-04,Gregory Wells,Luxury,BMW X1,Mumbai,Black,Electric,Manual,Online,2,6477779.0,0.0,12955558.0,0.0,12955558.0
1140,2026-02-24,Travis Francis,Luxury,BMW X1,Jaipur,White,Hybrid,Manual,Online,1,5322274.0,2.0,5322274.0,106445.48,5215828.52
1141,2025-08-17,Tracy Turner,Individual,BMW X5,Ahmedabad,Grey,Hybrid,Automatic,Corporate,2,9992532.0,0.0,19985064.0,0.0,19985064.0
1142,2025-02-07,Frederick Morgan,Corporate,BMW X3,Hyderabad,Black,Diesel,Manual,Corporate,1,7107453.0,10.0,7107453.0,710745.3,6396707.7
1143,2025-03-25,Adam Salinas,Corporate,BMW i5,Jaipur,Red,Hybrid,Manual,Corporate,1,9157256.0,7.0,9157256.0,641007.92,8516248.08
1144,2023-11-15,Michael Reed,Luxury,BMW X3,Mumbai,Red,Diesel,Automatic,Online,1,6886015.0,2.0,6886015.0,137720.3,6748294.7
1145,2025-04-23,Connie Oliver,Individual,BMW i5,Jaipur,Blue,Electric,Automatic,Dealer,2,9542815.0,2.0,19085630.0,381712.6,18703917.4
1146,2026-05-11,Cody Wolfe,Individual,BMW 3 Series,Jaipur,Silver,Diesel,Manual,Online,2,4999576.0,0.0,9999152.0,0.0,9999152.0
1147,2024-12-26,Edward Nelson,Luxury,BMW 3 Series,Mumbai,Black,Petrol,Manual,Corporate,1,6226816.0,10.0,6226816.0,622681.6,5604134.4
1148,2026-04-17,Peter Bridges MD,Luxury,BMW X5,Pune,Blue,Diesel,Manual,Online,3,9849159.0,10.0,29547477.0,2954747.7,26592729.3
1149,2024-07-17,Madison Olson MD,Corporate,BMW X5,Chennai,Silver,Electric,Automatic,Dealer,2,9543655.0,2.0,19087310.0,381746.2,18705563.8
1150,2023-09-18,Andrew Blair,Luxury,BMW i5,Kochi,Silver,Hybrid,Manual,Corporate,3,9223226.0,12.0,27669678.0,3320361.36,24349316.64
1151,2024-11-21,Darren Henderson,Luxury,BMW i7,Jaipur,Blue,Electric,Automatic,Corporate,2,14864693.0,2.0,29729386.0,594587.72,29134798.28
1152,2025-07-29,Jonathan Fox,Individual,BMW X7,Hyderabad,Silver,Hybrid,Manual,Online,1,13870894.0,12.0,13870894.0,1664507.28,12206386.72
1153,2024-02-04,Marc Blevins,Luxury,BMW 5 Series,Ahmedabad,White,Diesel,Manual,Dealer,2,6880661.0,2.0,13761322.0,275226.44,13486095.56
1154,2025-03-17,Lauren Clark,Individual,BMW X3,Chennai,Grey,Diesel,Automatic,Dealer,1,7150453.0,2.0,7150453.0,143009.06,7007443.94
1155,2024-03-01,Roberto Mcbride,Luxury,BMW X7,Mumbai,Black,Diesel,Automatic,Dealer,3,13908509.0,7.0,41725527.0,2920786.89,38804740.11
1156,2026-06-04,Chelsey Hunt,Individual,BMW X7,Kolkata,Silver,Petrol,Automatic,Dealer,1,12086888.0,0.0,12086888.0,0.0,12086888.0
1157,2024-12-15,James Mahoney,Luxury,BMW X3,Hyderabad,Black,Petrol,Manual,Dealer,3,7815720.0,0.0,23447160.0,0.0,23447160.0
1158,2025-10-23,Scott Dunn DVM,Corporate,BMW X1,Hyderabad,White,Electric,Manual,Dealer,3,6007525.0,7.0,18022575.0,1261580.25,16760994.75
1159,2026-02-17,Matthew Johnson,Individual,BMW X1,Chennai,Silver,Petrol,Automatic,Dealer,3,6139857.0,5.0,18419571.0,920978.55,17498592.45
1160,2024-12-03,Evan Nelson,Individual,BMW i5,Delhi,White,Petrol,Automatic,Dealer,3,9215096.0,7.0,27645288.0,1935170.16,25710117.84
1161,2026-07-11,Jamie Hansen,Luxury,BMW X7,Kolkata,Blue,Diesel,Manual,Corporate,2,12618141.0,12.0,25236282.0,3028353.84,22207928.16
1162,2026-06-20,Ryan Warner,Individual,BMW 5 Series,Ahmedabad,Black,Electric,Manual,Corporate,1,6855591.0,2.0,6855591.0,137111.82,6718479.18
1163,2024-09-09,Debbie Estes,Corporate,BMW X5,Bangalore,Red,Diesel,Automatic,Corporate,1,11012019.0,0.0,11012019.0,0.0,11012019.0
1164,2025-02-28,Diane Anderson,Corporate,BMW X5,Kochi,White,Electric,Manual,Dealer,3,10260701.0,7.0,30782103.0,2154747.21,28627355.79
1165,2025-10-23,Ross George,Individual,BMW X3,Ahmedabad,Silver,Petrol,Automatic,Corporate,2,7887751.0,5.0,15775502.0,788775.1,14986726.9
1166,2025-11-09,William Cooper,Individual,BMW 7 Series,Pune,Silver,Hybrid,Automatic,Corporate,2,15239670.0,7.0,30479340.0,2133553.8,28345786.2
1167,2025-11-07,Amanda Preston DVM,Corporate,BMW X7,Delhi,White,Diesel,Manual,Online,1,12606780.0,5.0,12606780.0,630339.0,11976441.0
1168,2025-06-30,Joan Barnes,Luxury,BMW i4,Kolkata,Red,Electric,Automatic,Dealer,3,8009335.0,7.0,24028005.0,1681960.35,22346044.65
1169,2025-07-02,Gene Mcgee,Corporate,BMW X7,Kolkata,Red,Hybrid,Automatic,Dealer,2,14304095.0,10.0,28608190.0,2860819.0,25747371.0
1170,2024-08-06,Michael Mccormick,Individual,BMW i7,Kolkata,Silver,Diesel,Automatic,Online,3,16210171.0,12.0,48630513.0,5835661.56,42794851.44
1171,2026-06-27,Angela Padilla,Individual,BMW 3 Series,Mumbai,Red,Hybrid,Automatic,Dealer,1,6283827.0,5.0,6283827.0,314191.35,5969635.65
1172,2024-10-26,James Riley,Individual,BMW X5,Pune,White,Hybrid,Automatic,Dealer,2,10084473.0,7.0,20168946.0,1411826.22,18757119.78
1173,2023-09-16,Diana Butler,Luxury,BMW 3 Series,Hyderabad,White,Hybrid,Automatic,Online,3,4745861.0,12.0,14237583.0,1708509.96,12529073.04
1174,2023-09-16,Victoria Bell,Individual,BMW X5,Chennai,Black,Hybrid,Automatic,Dealer,3,9944637.0,10.0,29833911.0,2983391.1,26850519.9
1175,2026-06-02,Jason Scott,Individual,BMW X5,Hyderabad,Black,Hybrid,Automatic,Online,1,9831321.0,0.0,9831321.0,0.0,9831321.0
1176,2024-05-16,Ashley Gross,Luxury,BMW 7 Series,Jaipur,Silver,Electric,Manual,Corporate,2,16512452.0,7.0,33024904.0,2311743.28,30713160.72
1177,2024-07-07,Heather Morales,Luxury,BMW 3 Series,Delhi,Silver,Petrol,Automatic,Dealer,1,4733343.0,0.0,4733343.0,0.0,4733343.0
1178,2023-12-15,Richard Bennett,Luxury,BMW 3 Series,Kolkata,Grey,Electric,Manual,Dealer,2,6246256.0,12.0,12492512.0,1499101.44,10993410.56
1179,2023-08-12,Tara Williams,Corporate,BMW X7,Hyderabad,Grey,Diesel,Automatic,Corporate,1,13140127.0,10.0,13140127.0,1314012.7,11826114.3
1180,2025-05-09,Andrew Ward,Corporate,BMW 3 Series,Mumbai,Red,Petrol,Manual,Online,1,5322693.0,12.0,5322693.0,638723.16,4683969.84
1181,2025-08-07,Sarah Mitchell,Corporate,BMW X7,Kolkata,Silver,Hybrid,Automatic,Dealer,1,12691323.0,5.0,12691323.0,634566.15,12056756.85
1182,2024-07-04,Brandon Brady,Individual,BMW 5 Series,Bangalore,Black,Diesel,Manual,Corporate,3,7260640.0,5.0,21781920.0,1089096.0,20692824.0
1183,2025-01-28,Elizabeth Freeman,Luxury,BMW 5 Series,Bangalore,Blue,Diesel,Automatic,Dealer,3,6944407.0,0.0,20833221.0,0.0,20833221.0
1184,2026-04-13,Kathryn Kirby,Individual,BMW X1,Delhi,Black,Hybrid,Automatic,Online,3,5178340.0,10.0,15535020.0,1553502.0,13981518.0
1185,2025-02-02,Maria Fletcher,Corporate,BMW 5 Series,Delhi,Grey,Diesel,Manual,Corporate,2,6517781.0,5.0,13035562.0,651778.1,12383783.9
1186,2026-04-21,Alexis Wiley,Individual,BMW X5,Hyderabad,Silver,Petrol,Automatic,Corporate,2,9908440.0,7.0,19816880.0,1387181.6,18429698.4
1187,2026-04-27,Andrew Wyatt,Individual,BMW X7,Ahmedabad,White,Diesel,Manual,Corporate,1,14459364.0,5.0,14459364.0,722968.2,13736395.8
1188,2024-04-13,Lori Guerrero,Luxury,BMW 5 Series,Mumbai,Silver,Diesel,Automatic,Corporate,1,8354725.0,12.0,8354725.0,1002567.0,7352158.0
1189,2026-05-17,Sergio Long,Corporate,BMW i7,Jaipur,White,Electric,Manual,Corporate,2,17901655.0,7.0,35803310.0,2506231.7,33297078.3
1190,2025-08-10,Bonnie Lee,Luxury,BMW X7,Chennai,Grey,Diesel,Automatic,Corporate,3,15735782.0,12.0,47207346.0,5664881.52,41542464.48
1191,2024-06-27,Cassandra Banks,Corporate,BMW 5 Series,Hyderabad,Black,Petrol,Automatic,Corporate,3,7688877.0,7.0,23066631.0,1614664.17,21451966.83
1192,2024-05-12,Joel Nichols,Individual,BMW 5 Series,Ahmedabad,White,Electric,Automatic,Online,2,6697371.0,5.0,13394742.0,669737.1,12725004.9
1193,2024-11-21,Michael Roman,Corporate,BMW i7,Pune,White,Hybrid,Manual,Online,1,15482134.0,0.0,15482134.0,0.0,15482134.0
1194,2026-05-07,Jonathan Farley,Corporate,BMW i4,Hyderabad,Black,Electric,Manual,Online,3,7259976.0,7.0,21779928.0,1524594.96,20255333.04
1195,2024-05-19,Madeline Moreno,Individual,BMW i7,Hyderabad,Red,Electric,Manual,Corporate,2,15848965.0,10.0,31697930.0,3169793.0,28528137.0
1196,2024-01-29,Denise Berger,Luxury,BMW X7,Jaipur,Black,Petrol,Automatic,Corporate,2,13887823.0,12.0,27775646.0,3333077.52,24442568.48
1197,2024-06-07,Sarah Houston,Individual,BMW 3 Series,Hyderabad,Grey,Diesel,Manual,Dealer,1,6288996.0,5.0,6288996.0,314449.8,5974546.2
1198,2025-05-29,Joseph Ramirez,Individual,BMW X7,Ahmedabad,Grey,Hybrid,Manual,Dealer,1,14806620.0,5.0,14806620.0,740331.0,14066289.0
1199,2025-10-01,Tiffany Lara,Corporate,BMW 7 Series,Bangalore,Grey,Electric,Automatic,Online,2,17329814.0,2.0,34659628.0,693192.56,33966435.44
1200,2024-02-02,Beth Barnett,Corporate,BMW i7,Ahmedabad,Grey,Petrol,Manual,Dealer,3,14891856.0,12.0,44675568.0,5361068.16,39314499.84
1201,2025-07-22,Cassidy Maldonado,Luxury,BMW i5,Hyderabad,Silver,Diesel,Manual,Dealer,2,10989219.0,2.0,21978438.0,439568.76,21538869.24
1202,2026-03-19,Susan Wolf,Individual,BMW i7,Kolkata,Grey,Diesel,Automatic,Dealer,2,14261725.0,7.0,28523450.0,1996641.5,26526808.5
1203,2026-04-06,Scott Garza,Corporate,BMW X7,Delhi,Black,Diesel,Automatic,Online,3,13057263.0,2.0,39171789.0,783435.78,38388353.22
1204,2026-05-12,Mary Bell,Individual,BMW 5 Series,Delhi,Grey,Diesel,Manual,Dealer,3,8332440.0,7.0,24997320.0,1749812.4,23247507.6
1205,2024-02-19,Thomas Peters,Corporate,BMW 5 Series,Kolkata,White,Electric,Manual,Online,2,7217266.0,2.0,14434532.0,288690.64,14145841.36
1206,2024-01-03,Joseph Barnes,Luxury,BMW i5,Hyderabad,Silver,Hybrid,Automatic,Corporate,2,10461065.0,5.0,20922130.0,1046106.5,19876023.5
1207,2026-04-20,Stephanie Parker,Individual,BMW X1,Bangalore,White,Electric,Manual,Dealer,3,6400818.0,10.0,19202454.0,1920245.4,17282208.6
1208,2024-09-12,Dustin Houston,Luxury,BMW i4,Hyderabad,Silver,Hybrid,Manual,Corporate,2,8047413.0,0.0,16094826.0,0.0,16094826.0
1209,2024-01-24,Douglas Buckley,Individual,BMW 3 Series,Ahmedabad,Grey,Petrol,Automatic,Corporate,1,6478293.0,12.0,6478293.0,777395.16,5700897.84
1210,2024-09-11,Jonathan Nguyen,Corporate,BMW X1,Kolkata,Red,Hybrid,Automatic,Dealer,3,6460553.0,2.0,19381659.0,387633.18,18994025.82
1211,2024-06-14,Kyle King,Luxury,BMW X1,Kochi,Black,Electric,Manual,Dealer,2,5030138.0,5.0,10060276.0,503013.8,9557262.2
1212,2023-11-24,Gilbert Hunt,Individual,BMW i4,Ahmedabad,Blue,Hybrid,Manual,Dealer,2,7868333.0,5.0,15736666.0,786833.3,14949832.7
1213,2026-08-08,Daniel Miller,Corporate,BMW i4,Kolkata,Red,Diesel,Manual,Online,1,7782492.0,10.0,7782492.0,778249.2,7004242.8
1214,2025-02-07,Crystal Johnson,Luxury,BMW X7,Delhi,Black,Petrol,Automatic,Dealer,3,14944789.0,0.0,44834367.0,0.0,44834367.0
1215,2026-05-09,Whitney Mcbride,Luxury,BMW i7,Kolkata,Red,Petrol,Manual,Corporate,2,14434845.0,12.0,28869690.0,3464362.8,25405327.2
1216,2024-04-10,Juan Smith,Individual,BMW 3 Series,Delhi,White,Hybrid,Manual,Dealer,2,6286155.0,2.0,12572310.0,251446.2,12320863.8
1217,2024-03-06,Kristina Peters,Corporate,BMW i4,Bangalore,Silver,Hybrid,Automatic,Dealer,2,7735290.0,7.0,15470580.0,1082940.6,14387639.4
1218,2026-07-10,Anthony Howard,Individual,BMW i5,Delhi,Blue,Hybrid,Automatic,Online,3,9561217.0,5.0,28683651.0,1434182.55,27249468.45
1219,2025-11-27,Jennifer Trevino,Individual,BMW 3 Series,Chennai,Red,Electric,Manual,Corporate,1,4555043.0,5.0,4555043.0,227752.15,4327290.85
1220,2023-10-01,Rachel Brewer,Luxury,BMW X7,Mumbai,Red,Hybrid,Automatic,Online,2,14330940.0,2.0,28661880.0,573237.6,28088642.4
1221,2024-08-09,Amanda Davidson,Individual,BMW 7 Series,Kolkata,Red,Diesel,Manual,Dealer,2,15457246.0,5.0,30914492.0,1545724.6,29368767.4
1222,2023-11-10,Scott Lewis,Corporate,BMW 7 Series,Jaipur,Grey,Electric,Automatic,Dealer,3,14992982.0,10.0,44978946.0,4497894.6,40481051.4
1223,2024-01-18,Joseph Wall,Luxury,BMW 5 Series,Bangalore,Silver,Diesel,Automatic,Corporate,2,6553771.0,0.0,13107542.0,0.0,13107542.0
1224,2025-09-07,Mariah Collins,Luxury,BMW i5,Bangalore,Silver,Diesel,Manual,Corporate,2,10199138.0,0.0,20398276.0,0.0,20398276.0
1225,2023-10-22,Maria Shelton,Luxury,BMW X5,Hyderabad,Blue,Diesel,Automatic,Online,3,10505466.0,2.0,31516398.0,630327.96,30886070.04
1226,2025-11-09,Rebekah Werner,Individual,BMW X3,Chennai,Silver,Petrol,Automatic,Online,1,7076643.0,2.0,7076643.0,141532.86,6935110.14
1227,2024-04-21,Cheryl Ballard,Individual,BMW i7,Bangalore,Blue,Diesel,Automatic,Online,1,14449112.0,5.0,14449112.0,722455.6,13726656.4
1228,2025-11-06,Makayla Caldwell,Corporate,BMW X5,Mumbai,Black,Hybrid,Automatic,Corporate,1,11139134.0,7.0,11139134.0,779739.38,10359394.62
1229,2026-03-21,Amanda Morrison,Individual,BMW 5 Series,Mumbai,Blue,Hybrid,Automatic,Online,2,7941448.0,7.0,15882896.0,1111802.72,14771093.28
1230,2024-09-14,Janet Avery,Corporate,BMW 3 Series,Hyderabad,Red,Petrol,Automatic,Online,3,5883420.0,12.0,17650260.0,2118031.2,15532228.8
1231,2025-04-16,Mitchell Ellis,Individual,BMW i4,Kochi,White,Electric,Automatic,Corporate,3,8258276.0,0.0,24774828.0,0.0,24774828.0
1232,2026-02-01,James Kelly,Individual,BMW 3 Series,Jaipur,White,Diesel,Manual,Dealer,3,4548314.0,10.0,13644942.0,1364494.2,12280447.8
1233,2026-02-16,Victoria Cisneros,Corporate,BMW 3 Series,Pune,Silver,Diesel,Manual,Online,1,4790591.0,0.0,4790591.0,0.0,4790591.0
1234,2024-03-06,Brittany Johnston,Luxury,BMW X1,Bangalore,Silver,Electric,Manual,Online,3,5730969.0,10.0,17192907.0,1719290.7,15473616.3
1235,2024-12-19,Laura Harris,Luxury,BMW X7,Jaipur,Blue,Diesel,Automatic,Corporate,2,15969261.0,2.0,31938522.0,638770.44,31299751.56
1236,2025-11-15,Thomas Arias,Luxury,BMW X3,Kolkata,Blue,Diesel,Automatic,Online,3,6715785.0,10.0,20147355.0,2014735.5,18132619.5
1237,2024-05-15,Kelsey Crawford,Luxury,BMW X7,Ahmedabad,Blue,Electric,Automatic,Online,3,13777283.0,12.0,41331849.0,4959821.88,36372027.12
1238,2024-03-22,Christopher Adams,Individual,BMW X7,Mumbai,Silver,Petrol,Manual,Dealer,2,14378766.0,5.0,28757532.0,1437876.6,27319655.4
1239,2024-02-06,Kristin Anderson,Individual,BMW i5,Delhi,Red,Electric,Manual,Dealer,2,10230754.0,5.0,20461508.0,1023075.4,19438432.6
1240,2025-10-08,Martha Hill,Luxury,BMW 7 Series,Pune,White,Petrol,Automatic,Online,1,17601957.0,5.0,17601957.0,880097.85,16721859.15
1241,2024-01-10,Heather Hanna,Individual,BMW X5,Hyderabad,Blue,Petrol,Manual,Online,1,10818911.0,0.0,10818911.0,0.0,10818911.0
1242,2024-06-22,Nicole Harmon,Luxury,BMW i7,Pune,Black,Hybrid,Manual,Dealer,1,17769605.0,10.0,17769605.0,1776960.5,15992644.5
1243,2025-09-22,Shane Lawson,Luxury,BMW i5,Mumbai,Silver,Petrol,Manual,Online,3,9215839.0,5.0,27647517.0,1382375.85,26265141.15
1244,2024-07-03,Frances Crosby,Corporate,BMW X5,Pune,Grey,Hybrid,Automatic,Online,1,10331103.0,0.0,10331103.0,0.0,10331103.0
1245,2023-09-28,Shawn Reynolds,Luxury,BMW 5 Series,Bangalore,Blue,Hybrid,Automatic,Dealer,1,7449559.0,10.0,7449559.0,744955.9,6704603.1
1246,2025-05-04,Loretta Lambert,Corporate,BMW X3,Chennai,Grey,Electric,Automatic,Dealer,3,7849866.0,0.0,23549598.0,0.0,23549598.0
1247,2023-12-09,Kevin Flores,Individual,BMW i5,Jaipur,Black,Petrol,Manual,Online,2,9082041.0,12.0,18164082.0,2179689.84,15984392.16
1248,2026-04-06,Erik Mclean,Luxury,BMW X3,Delhi,Black,Electric,Manual,Dealer,2,7165194.0,7.0,14330388.0,1003127.16,13327260.84
1249,2025-09-26,Randy Mack,Luxury,BMW X7,Delhi,Silver,Petrol,Manual,Dealer,2,14921152.0,7.0,29842304.0,2088961.28,27753342.72
1250,2025-10-25,Alec Lane,Individual,BMW 3 Series,Mumbai,Black,Electric,Manual,Dealer,1,4600315.0,2.0,4600315.0,92006.3,4508308.7
1251,2024-03-27,Leslie Jackson,Individual,BMW 5 Series,Mumbai,Black,Petrol,Manual,Dealer,2,8018564.0,10.0,16037128.0,1603712.8,14433415.2
1252,2025-09-14,Andrew Bradley,Luxury,BMW 3 Series,Delhi,Silver,Hybrid,Manual,Dealer,2,4657374.0,5.0,9314748.0,465737.4,8849010.6
1253,2025-03-05,Sean Jennings,Luxury,BMW 7 Series,Kochi,Blue,Diesel,Manual,Online,1,17864579.0,2.0,17864579.0,357291.58,17507287.42
1254,2024-02-18,David Smith,Corporate,BMW 5 Series,Jaipur,Grey,Hybrid,Manual,Corporate,1,7606434.0,10.0,7606434.0,760643.4,6845790.6
1255,2023-11-03,Amanda Anderson,Luxury,BMW i4,Mumbai,Silver,Petrol,Manual,Dealer,2,7192517.0,5.0,14385034.0,719251.7,13665782.3
1256,2024-11-04,Robert Goodman,Corporate,BMW X1,Bangalore,White,Petrol,Automatic,Online,2,5157589.0,0.0,10315178.0,0.0,10315178.0
1257,2024-07-11,Gregory Smith,Luxury,BMW X1,Ahmedabad,Red,Electric,Manual,Online,2,5219225.0,2.0,10438450.0,208769.0,10229681.0
1258,2024-04-08,Robert Jackson,Luxury,BMW 7 Series,Jaipur,Blue,Hybrid,Manual,Corporate,1,14886344.0,2.0,14886344.0,297726.88,14588617.12
1259,2025-06-18,Christopher Taylor,Luxury,BMW X1,Kolkata,Grey,Diesel,Manual,Corporate,1,5394167.0,5.0,5394167.0,269708.35,5124458.65
1260,2025-09-22,Mary Bailey,Corporate,BMW 5 Series,Hyderabad,Black,Diesel,Automatic,Dealer,1,7466690.0,12.0,7466690.0,896002.8,6570687.2
1261,2026-01-12,Valerie Pearson,Individual,BMW X3,Chennai,Grey,Electric,Manual,Corporate,3,7498748.0,10.0,22496244.0,2249624.4,20246619.6
1262,2025-10-08,Mrs. Amber Perez DVM,Individual,BMW 5 Series,Pune,Grey,Hybrid,Manual,Online,1,7404865.0,2.0,7404865.0,148097.3,7256767.7
1263,2024-06-22,Elizabeth Berg,Corporate,BMW X3,Pune,Grey,Hybrid,Automatic,Dealer,1,6705128.0,12.0,6705128.0,804615.36,5900512.64
1264,2025-05-24,Kristi Hammond,Individual,BMW X7,Hyderabad,Red,Hybrid,Manual,Corporate,2,14491622.0,10.0,28983244.0,2898324.4,26084919.6
1265,2026-06-25,Erica Mathis,Individual,BMW 3 Series,Mumbai,Black,Petrol,Manual,Dealer,1,4732957.0,0.0,4732957.0,0.0,4732957.0
1266,2024-08-31,Joseph Willis,Corporate,BMW i5,Bangalore,Silver,Hybrid,Manual,Dealer,1,9577680.0,10.0,9577680.0,957768.0,8619912.0
1267,2026-01-01,Karen Chandler,Luxury,BMW X1,Delhi,White,Electric,Manual,Corporate,1,6038450.0,2.0,6038450.0,120769.0,5917681.0
1268,2025-04-10,Dana Hughes,Luxury,BMW X3,Chennai,Silver,Hybrid,Manual,Dealer,1,6697640.0,10.0,6697640.0,669764.0,6027876.0
1269,2025-06-16,Linda Carter,Individual,BMW 7 Series,Pune,Blue,Hybrid,Automatic,Corporate,1,14582627.0,2.0,14582627.0,291652.54,14290974.46
1270,2025-07-07,Amber Reid,Luxury,BMW i4,Kolkata,Blue,Petrol,Automatic,Dealer,1,7700562.0,2.0,7700562.0,154011.24,7546550.76
1271,2025-11-30,Matthew Dalton,Individual,BMW i7,Pune,Grey,Diesel,Manual,Dealer,3,15987387.0,0.0,47962161.0,0.0,47962161.0
1272,2023-08-29,Fernando Dominguez,Individual,BMW 3 Series,Kochi,Red,Diesel,Automatic,Dealer,2,5926160.0,2.0,11852320.0,237046.4,11615273.6
1273,2024-02-01,John Benjamin,Corporate,BMW X3,Pune,Blue,Electric,Manual,Online,2,7449205.0,12.0,14898410.0,1787809.2,13110600.8
1274,2024-03-16,John Williams,Corporate,BMW i4,Chennai,Blue,Hybrid,Automatic,Corporate,2,7739511.0,12.0,15479022.0,1857482.64,13621539.36
1275,2024-06-07,Danielle Watkins,Corporate,BMW i5,Chennai,Silver,Diesel,Manual,Dealer,2,9310169.0,2.0,18620338.0,372406.76,18247931.24
1276,2023-09-02,Amy Martin,Corporate,BMW X1,Kochi,White,Petrol,Automatic,Corporate,2,6459211.0,5.0,12918422.0,645921.1,12272500.9
1277,2025-11-20,Cynthia Hampton,Corporate,BMW 5 Series,Delhi,Red,Hybrid,Automatic,Corporate,3,8339504.0,12.0,25018512.0,3002221.44,22016290.56
1278,2023-12-09,Samantha Sparks,Individual,BMW X5,Pune,Blue,Electric,Automatic,Corporate,3,11140082.0,7.0,33420246.0,2339417.22,31080828.78
1279,2024-06-14,Katelyn Mason,Corporate,BMW i5,Pune,Grey,Hybrid,Manual,Dealer,3,10749384.0,0.0,32248152.0,0.0,32248152.0
1280,2025-10-11,Tony Salazar,Luxury,BMW 3 Series,Ahmedabad,Grey,Diesel,Manual,Corporate,3,6444548.0,2.0,19333644.0,386672.88,18946971.12
1281,2025-05-09,Jacob Ortiz,Individual,BMW 7 Series,Delhi,Blue,Petrol,Manual,Dealer,2,18083782.0,0.0,36167564.0,0.0,36167564.0
1282,2025-09-01,Shannon Nguyen,Corporate,BMW X3,Kochi,Blue,Petrol,Manual,Corporate,1,6758863.0,7.0,6758863.0,473120.41,6285742.59
1283,2024-10-23,Maurice Davis,Luxury,BMW 3 Series,Chennai,Blue,Diesel,Automatic,Online,1,5027294.0,5.0,5027294.0,251364.7,4775929.3
1284,2025-12-22,Jared Johnson,Corporate,BMW 7 Series,Mumbai,Blue,Diesel,Automatic,Online,3,17624304.0,0.0,52872912.0,0.0,52872912.0
1285,2025-03-08,Brittany Freeman,Individual,BMW X1,Kolkata,Blue,Electric,Manual,Corporate,2,5886179.0,0.0,11772358.0,0.0,11772358.0
1286,2024-04-28,Jason Brown,Individual,BMW X7,Pune,Silver,Diesel,Manual,Online,3,15373815.0,2.0,46121445.0,922428.9,45199016.1
1287,2024-10-23,Kenneth Blake,Corporate,BMW i5,Mumbai,Blue,Hybrid,Automatic,Online,2,9631373.0,0.0,19262746.0,0.0,19262746.0
1288,2024-07-10,Christina Lewis,Corporate,BMW 5 Series,Hyderabad,Blue,Electric,Manual,Online,2,7604300.0,12.0,15208600.0,1825032.0,13383568.0
1289,2024-05-25,Dennis Johnson,Individual,BMW i4,Kolkata,Red,Petrol,Manual,Dealer,2,7860374.0,0.0,15720748.0,0.0,15720748.0
1290,2025-11-22,Patricia Donovan,Luxury,BMW i7,Delhi,Red,Electric,Automatic,Corporate,1,17299374.0,10.0,17299374.0,1729937.4,15569436.6
1291,2023-10-17,Jonathan Jones,Luxury,BMW i7,Delhi,Grey,Petrol,Manual,Online,2,14224546.0,2.0,28449092.0,568981.84,27880110.16
1292,2025-11-29,Matthew Christian,Corporate,BMW 3 Series,Bangalore,Black,Electric,Automatic,Corporate,2,4614699.0,12.0,9229398.0,1107527.76,8121870.24
1293,2025-12-21,Michelle Thomas,Luxury,BMW i4,Pune,Red,Petrol,Automatic,Dealer,1,7127642.0,12.0,7127642.0,855317.04,6272324.96
1294,2024-01-20,William Bowman,Luxury,BMW i5,Ahmedabad,Silver,Diesel,Manual,Online,1,9286057.0,12.0,9286057.0,1114326.84,8171730.16
1295,2025-10-01,Daniel Best,Individual,BMW 3 Series,Ahmedabad,Black,Petrol,Automatic,Corporate,3,5807918.0,2.0,17423754.0,348475.08,17075278.92
1296,2026-01-25,Lee Jacobs,Luxury,BMW 5 Series,Jaipur,Black,Hybrid,Automatic,Online,1,6703137.0,2.0,6703137.0,134062.74,6569074.26
1297,2025-03-10,Leslie Davis,Individual,BMW X7,Chennai,Grey,Hybrid,Automatic,Corporate,1,15884111.0,5.0,15884111.0,794205.55,15089905.45
1298,2024-02-16,Ashley Robinson,Individual,BMW X3,Kochi,Red,Petrol,Manual,Corporate,2,7928832.0,12.0,15857664.0,1902919.68,13954744.32
1299,2024-12-04,Jeffrey Duncan,Corporate,BMW 3 Series,Hyderabad,White,Diesel,Automatic,Online,3,4797137.0,12.0,14391411.0,1726969.32,12664441.68
1300,2025-12-16,Daniel Archer DDS,Corporate,BMW X3,Delhi,Grey,Electric,Manual,Online,1,7899923.0,10.0,7899923.0,789992.3,7109930.7
1301,2023-11-14,Erin Torres,Individual,BMW 5 Series,Ahmedabad,Black,Electric,Manual,Corporate,2,7374295.0,2.0,14748590.0,294971.8,14453618.2
1302,2026-03-08,Samantha Fields,Corporate,BMW X7,Chennai,Silver,Hybrid,Automatic,Dealer,2,14434953.0,0.0,28869906.0,0.0,28869906.0
1303,2023-08-30,Carlos Castillo,Luxury,BMW i4,Ahmedabad,Blue,Diesel,Manual,Corporate,1,7580709.0,2.0,7580709.0,151614.18,7429094.82
1304,2024-06-18,Kenneth Black,Corporate,BMW X7,Jaipur,White,Electric,Manual,Corporate,1,12263258.0,12.0,12263258.0,1471590.96,10791667.04
1305,2026-04-15,Sergio Baker,Corporate,BMW 7 Series,Delhi,Silver,Hybrid,Manual,Corporate,2,16541160.0,0.0,33082320.0,0.0,33082320.0
1306,2023-10-02,Paul Trujillo,Luxury,BMW 7 Series,Kochi,Blue,Diesel,Manual,Corporate,3,18252858.0,10.0,54758574.0,5475857.4,49282716.6
1307,2026-04-13,Jeanette Reid,Individual,BMW X5,Kochi,Black,Diesel,Automatic,Corporate,1,11193550.0,0.0,11193550.0,0.0,11193550.0
1308,2025-07-17,Rachel Ballard,Individual,BMW 5 Series,Ahmedabad,Blue,Diesel,Automatic,Dealer,3,8459230.0,7.0,25377690.0,1776438.3,23601251.7
1309,2026-07-24,Ann Mason,Individual,BMW X7,Kolkata,Red,Electric,Automatic,Corporate,1,15868724.0,0.0,15868724.0,0.0,15868724.0
1310,2025-11-05,Kyle Allen,Corporate,BMW 5 Series,Ahmedabad,Silver,Petrol,Automatic,Dealer,2,8100865.0,10.0,16201730.0,1620173.0,14581557.0
1311,2023-12-01,Timothy Perry,Corporate,BMW i4,Kolkata,Red,Diesel,Automatic,Online,3,7279375.0,10.0,21838125.0,2183812.5,19654312.5
1312,2024-04-17,Dana Sexton,Individual,BMW i4,Delhi,White,Hybrid,Automatic,Corporate,1,7472900.0,12.0,7472900.0,896748.0,6576152.0
1313,2023-12-26,Stephen Todd,Luxury,BMW 3 Series,Bangalore,Black,Electric,Manual,Corporate,1,4926853.0,2.0,4926853.0,98537.06,4828315.94
1314,2025-09-24,Michelle Gray,Individual,BMW 5 Series,Pune,Silver,Hybrid,Automatic,Corporate,3,6888611.0,12.0,20665833.0,2479899.96,18185933.04
1315,2023-10-13,David Beasley,Corporate,BMW i4,Jaipur,Red,Diesel,Automatic,Online,2,7738419.0,10.0,15476838.0,1547683.8,13929154.2
1316,2024-06-06,Vanessa Johnson,Individual,BMW X7,Bangalore,Red,Electric,Automatic,Online,1,14387198.0,2.0,14387198.0,287743.96,14099454.04
1317,2025-06-11,James Bell,Corporate,BMW X1,Chennai,Black,Diesel,Manual,Online,3,6261415.0,5.0,18784245.0,939212.25,17845032.75
1318,2024-03-28,Kaylee Brown,Corporate,BMW X5,Bangalore,Red,Diesel,Manual,Corporate,2,10162125.0,0.0,20324250.0,0.0,20324250.0
1319,2025-07-13,Christina Baird,Individual,BMW 3 Series,Jaipur,Grey,Electric,Automatic,Online,1,5962801.0,10.0,5962801.0,596280.1,5366520.9
1320,2023-12-08,Latoya Gentry,Luxury,BMW X7,Delhi,White,Diesel,Manual,Dealer,2,12841005.0,0.0,25682010.0,0.0,25682010.0
1321,2025-12-19,Tiffany Williams,Individual,BMW X1,Ahmedabad,Silver,Petrol,Manual,Online,3,5152907.0,10.0,15458721.0,1545872.1,13912848.9
1322,2023-10-13,Bryan Nichols,Luxury,BMW i7,Kochi,Grey,Diesel,Manual,Dealer,1,17898033.0,10.0,17898033.0,1789803.3,16108229.7
1323,2025-12-31,Michael Hicks MD,Corporate,BMW 5 Series,Chennai,Silver,Electric,Manual,Online,3,7541438.0,2.0,22624314.0,452486.28,22171827.72
1324,2024-12-29,Michelle James,Luxury,BMW X1,Chennai,Red,Hybrid,Automatic,Online,1,5116091.0,2.0,5116091.0,102321.82,5013769.18
1325,2024-02-28,Jesse Montes,Luxury,BMW 3 Series,Kolkata,White,Hybrid,Manual,Dealer,2,6105750.0,12.0,12211500.0,1465380.0,10746120.0
1326,2025-02-28,Jennifer Thompson,Corporate,BMW 5 Series,Ahmedabad,Blue,Diesel,Manual,Dealer,3,6747448.0,5.0,20242344.0,1012117.2,19230226.8
1327,2024-05-10,Lori Rowland,Individual,BMW X1,Mumbai,White,Hybrid,Automatic,Corporate,3,5192918.0,0.0,15578754.0,0.0,15578754.0
1328,2023-11-19,Angela Kim,Individual,BMW X1,Chennai,Grey,Diesel,Manual,Online,1,5160666.0,2.0,5160666.0,103213.32,5057452.68
1329,2024-02-01,Donald Cook MD,Luxury,BMW X5,Kochi,Red,Hybrid,Manual,Dealer,2,10524435.0,2.0,21048870.0,420977.4,20627892.6
1330,2026-08-06,Jesse Thompson,Corporate,BMW 5 Series,Bangalore,Grey,Electric,Automatic,Corporate,3,7024705.0,2.0,21074115.0,421482.3,20652632.7
1331,2023-12-14,Aaron Norton,Luxury,BMW X3,Pune,White,Electric,Manual,Corporate,2,7656381.0,12.0,15312762.0,1837531.44,13475230.56
1332,2024-07-03,Shane Cummings,Individual,BMW i5,Bangalore,Silver,Hybrid,Manual,Dealer,2,9113241.0,7.0,18226482.0,1275853.74,16950628.26
1333,2023-12-10,James Rodriguez,Corporate,BMW 7 Series,Jaipur,Red,Diesel,Automatic,Corporate,2,15933875.0,12.0,31867750.0,3824130.0,28043620.0
1334,2024-05-17,Mark Davis,Individual,BMW 7 Series,Chennai,Silver,Hybrid,Automatic,Online,3,15972205.0,7.0,47916615.0,3354163.05,44562451.95
1335,2024-08-02,Sydney Thompson,Corporate,BMW 3 Series,Delhi,Blue,Petrol,Automatic,Corporate,3,5082939.0,7.0,15248817.0,1067417.19,14181399.81
1336,2024-10-06,Christine Cruz,Individual,BMW X7,Ahmedabad,Grey,Petrol,Automatic,Online,2,12079056.0,7.0,24158112.0,1691067.84,22467044.16
1337,2026-04-09,Brittany Tran,Individual,BMW 7 Series,Kolkata,Blue,Petrol,Manual,Corporate,1,18466866.0,12.0,18466866.0,2216023.92,16250842.08
1338,2023-12-19,Samantha Warren,Luxury,BMW X5,Delhi,Blue,Hybrid,Manual,Corporate,1,11978660.0,0.0,11978660.0,0.0,11978660.0
1339,2023-11-20,Thomas Young,Corporate,BMW 3 Series,Bangalore,Silver,Electric,Manual,Corporate,2,5660341.0,12.0,11320682.0,1358481.84,9962200.16
1340,2025-03-12,Eric Downs,Individual,BMW i7,Jaipur,Grey,Diesel,Automatic,Online,1,15090941.0,7.0,15090941.0,1056365.87,14034575.13
1341,2023-10-19,Gregory Clark,Luxury,BMW X3,Bangalore,Blue,Hybrid,Automatic,Online,3,7024146.0,5.0,21072438.0,1053621.9,20018816.1
1342,2024-10-17,Linda Phillips,Luxury,BMW X5,Delhi,Black,Petrol,Manual,Corporate,3,10550728.0,10.0,31652184.0,3165218.4,28486965.6
1343,2024-07-09,Mrs. Jennifer Gentry,Corporate,BMW X5,Delhi,Black,Hybrid,Automatic,Dealer,2,10249876.0,7.0,20499752.0,1434982.64,19064769.36
1344,2024-02-28,Margaret Ayala,Luxury,BMW X5,Ahmedabad,Black,Petrol,Manual,Corporate,1,11834584.0,7.0,11834584.0,828420.88,11006163.12
1345,2026-07-10,Kyle Farmer,Individual,BMW X5,Bangalore,Blue,Electric,Manual,Dealer,1,11347337.0,5.0,11347337.0,567366.85,10779970.15
1346,2025-12-24,Allison Wilson,Luxury,BMW 7 Series,Hyderabad,Silver,Petrol,Automatic,Corporate,1,14415904.0,0.0,14415904.0,0.0,14415904.0
1347,2024-01-03,Derrick Cook,Luxury,BMW i4,Kochi,Silver,Diesel,Automatic,Online,1,7665498.0,10.0,7665498.0,766549.8,6898948.2
1348,2024-06-22,Kristin Dennis,Corporate,BMW X3,Chennai,Silver,Petrol,Automatic,Dealer,2,7922682.0,10.0,15845364.0,1584536.4,14260827.6
1349,2025-02-09,Patricia Murphy,Corporate,BMW 5 Series,Jaipur,Black,Diesel,Automatic,Corporate,1,7430742.0,10.0,7430742.0,743074.2,6687667.8
1350,2024-09-13,Robert Smith,Corporate,BMW X5,Kolkata,Blue,Diesel,Automatic,Corporate,3,9799444.0,7.0,29398332.0,2057883.24,27340448.76
1351,2026-01-26,Anthony Holmes,Individual,BMW X5,Pune,Grey,Electric,Automatic,Online,3,11211852.0,5.0,33635556.0,1681777.8,31953778.2
1352,2024-01-15,Margaret Bell,Corporate,BMW 3 Series,Delhi,Black,Petrol,Automatic,Corporate,1,6450998.0,10.0,6450998.0,645099.8,5805898.2
1353,2024-04-03,Francisco Bennett,Corporate,BMW i5,Kochi,Grey,Petrol,Automatic,Corporate,2,10494934.0,2.0,20989868.0,419797.36,20570070.64
1354,2026-05-19,Robert Thomas,Luxury,BMW 5 Series,Bangalore,Red,Hybrid,Automatic,Dealer,1,8461923.0,10.0,8461923.0,846192.3,7615730.7
1355,2025-04-26,Kenneth Hansen,Individual,BMW i7,Ahmedabad,Grey,Electric,Manual,Corporate,3,16764875.0,10.0,50294625.0,5029462.5,45265162.5
1356,2026-05-09,Veronica George,Luxury,BMW X3,Mumbai,White,Hybrid,Manual,Dealer,1,7189301.0,5.0,7189301.0,359465.05,6829835.95
1357,2025-07-19,Kyle Allison,Luxury,BMW X1,Ahmedabad,Blue,Petrol,Manual,Online,2,5859676.0,0.0,11719352.0,0.0,11719352.0
1358,2025-12-28,Justin Lopez,Corporate,BMW i7,Mumbai,Red,Diesel,Automatic,Corporate,2,15883108.0,2.0,31766216.0,635324.32,31130891.68
1359,2025-07-12,Daisy Mckinney,Individual,BMW i7,Hyderabad,Blue,Electric,Automatic,Online,2,16539842.0,5.0,33079684.0,1653984.2,31425699.8
1360,2025-09-16,Stephen Hubbard,Corporate,BMW X7,Jaipur,Silver,Diesel,Automatic,Dealer,3,12622428.0,7.0,37867284.0,2650709.88,35216574.12
1361,2024-12-18,Michael Medina,Individual,BMW 7 Series,Bangalore,Silver,Hybrid,Automatic,Dealer,2,17511686.0,10.0,35023372.0,3502337.2,31521034.8
1362,2025-03-21,Kyle Page,Corporate,BMW X7,Chennai,White,Hybrid,Manual,Dealer,1,14894265.0,0.0,14894265.0,0.0,14894265.0
1363,2025-10-10,Robert Perez,Luxury,BMW X7,Jaipur,Black,Electric,Manual,Corporate,3,13012651.0,5.0,39037953.0,1951897.65,37086055.35
1364,2025-11-22,Robert Smith,Corporate,BMW i7,Bangalore,Silver,Electric,Manual,Corporate,1,17029040.0,0.0,17029040.0,0.0,17029040.0
1365,2023-12-31,Aaron Taylor,Individual,BMW i4,Kolkata,White,Diesel,Automatic,Dealer,2,7606687.0,12.0,15213374.0,1825604.88,13387769.12
1366,2024-11-26,William Anderson PhD,Corporate,BMW i7,Kochi,Grey,Hybrid,Manual,Dealer,3,15551363.0,12.0,46654089.0,5598490.68,41055598.32
1367,2026-01-26,John Rios,Individual,BMW i5,Kochi,Blue,Hybrid,Manual,Corporate,1,9585733.0,2.0,9585733.0,191714.66,9394018.34
1368,2026-05-16,Gina Hamilton,Corporate,BMW i5,Jaipur,Blue,Electric,Manual,Dealer,3,10215987.0,7.0,30647961.0,2145357.27,28502603.73
1369,2024-01-09,Katherine Black,Corporate,BMW 7 Series,Chennai,Blue,Electric,Automatic,Online,2,15767317.0,10.0,31534634.0,3153463.4,28381170.6
1370,2025-02-13,Charles Watkins,Corporate,BMW 7 Series,Bangalore,Grey,Diesel,Automatic,Online,2,16414603.0,7.0,32829206.0,2298044.42,30531161.58
1371,2023-11-21,Luis Wright,Individual,BMW i7,Bangalore,Blue,Diesel,Automatic,Corporate,1,17877700.0,12.0,17877700.0,2145324.0,15732376.0
1372,2024-12-10,Megan Robertson,Corporate,BMW i5,Hyderabad,Red,Diesel,Automatic,Dealer,3,9057357.0,0.0,27172071.0,0.0,27172071.0
1373,2025-01-15,Rachel Weaver MD,Corporate,BMW X5,Mumbai,Silver,Hybrid,Automatic,Online,3,10682112.0,7.0,32046336.0,2243243.52,29803092.48
1374,2024-06-17,Brian Obrien,Corporate,BMW 5 Series,Bangalore,Blue,Petrol,Automatic,Corporate,2,7431984.0,7.0,14863968.0,1040477.76,13823490.24
1375,2026-07-30,Jessica Smith,Individual,BMW 5 Series,Pune,White,Petrol,Manual,Corporate,1,8185357.0,12.0,8185357.0,982242.84,7203114.16
1376,2024-05-26,Diana Hutchinson,Individual,BMW X5,Delhi,Red,Petrol,Manual,Online,3,11401966.0,12.0,34205898.0,4104707.76,30101190.24
1377,2025-09-21,Debra Ryan,Individual,BMW 5 Series,Jaipur,Silver,Petrol,Automatic,Dealer,1,7165902.0,10.0,7165902.0,716590.2,6449311.8
1378,2025-12-07,James Garcia,Individual,BMW i7,Kolkata,White,Electric,Manual,Online,1,17657914.0,12.0,17657914.0,2118949.68,15538964.32
1379,2026-07-27,Richard Kane,Individual,BMW 7 Series,Ahmedabad,Silver,Petrol,Automatic,Online,1,16370617.0,2.0,16370617.0,327412.34,16043204.66
1380,2026-05-01,Brett Smith,Corporate,BMW 5 Series,Ahmedabad,Silver,Diesel,Automatic,Corporate,3,7669659.0,2.0,23008977.0,460179.54,22548797.46
1381,2025-07-08,Ryan Summers,Luxury,BMW X3,Kochi,White,Electric,Manual,Corporate,3,7297526.0,10.0,21892578.0,2189257.8,19703320.2
1382,2023-12-10,Herbert Butler,Luxury,BMW 7 Series,Delhi,Grey,Hybrid,Manual,Online,2,15945262.0,12.0,31890524.0,3826862.88,28063661.12
1383,2024-01-27,Thomas Vasquez,Corporate,BMW i5,Ahmedabad,Black,Electric,Manual,Online,1,9619534.0,2.0,9619534.0,192390.68,9427143.32
1384,2024-11-10,Justin Morgan,Luxury,BMW X1,Kolkata,Blue,Petrol,Manual,Online,1,5242890.0,7.0,5242890.0,367002.3,4875887.7
1385,2025-06-20,Kimberly Walker,Corporate,BMW 7 Series,Ahmedabad,Silver,Diesel,Automatic,Online,3,18103492.0,7.0,54310476.0,3801733.32,50508742.68
1386,2025-10-15,Jeffrey Smith,Luxury,BMW i5,Mumbai,Red,Electric,Manual,Online,2,10866068.0,0.0,21732136.0,0.0,21732136.0
1387,2025-09-14,Samantha Nelson,Corporate,BMW X7,Kolkata,Grey,Electric,Automatic,Online,2,15393320.0,7.0,30786640.0,2155064.8,28631575.2
1388,2026-05-11,Alec Thompson,Luxury,BMW X1,Pune,Grey,Hybrid,Automatic,Dealer,1,6334346.0,5.0,6334346.0,316717.3,6017628.7
1389,2026-03-21,Elaine Braun,Luxury,BMW i5,Mumbai,Red,Electric,Automatic,Corporate,3,10634839.0,0.0,31904517.0,0.0,31904517.0
1390,2026-05-31,Matthew Hernandez,Luxury,BMW 3 Series,Chennai,Silver,Electric,Manual,Dealer,2,6182781.0,0.0,12365562.0,0.0,12365562.0
1391,2024-06-03,Benjamin Patterson,Luxury,BMW 3 Series,Jaipur,White,Diesel,Manual,Dealer,2,4941373.0,10.0,9882746.0,988274.6,8894471.4
1392,2024-01-24,Ashley Schultz,Individual,BMW X3,Hyderabad,White,Diesel,Automatic,Dealer,2,7284083.0,7.0,14568166.0,1019771.62,13548394.38
1393,2025-07-06,Kristine Pope,Corporate,BMW i5,Bangalore,Black,Diesel,Manual,Dealer,2,10051720.0,7.0,20103440.0,1407240.8,18696199.2
1394,2024-03-22,Emma Gomez,Individual,BMW X1,Mumbai,Black,Hybrid,Manual,Corporate,2,5070837.0,12.0,10141674.0,1217000.88,8924673.12
1395,2026-05-29,Mr. Brandon Martinez,Individual,BMW X3,Bangalore,Silver,Hybrid,Automatic,Corporate,1,6660488.0,10.0,6660488.0,666048.8,5994439.2
1396,2025-01-31,Emily Clark,Luxury,BMW i5,Kochi,Silver,Hybrid,Automatic,Online,1,10927229.0,0.0,10927229.0,0.0,10927229.0
1397,2025-10-12,John Evans,Individual,BMW X5,Kolkata,Blue,Electric,Manual,Dealer,3,11648975.0,0.0,34946925.0,0.0,34946925.0
1398,2026-07-22,Miguel Fuller,Corporate,BMW X3,Kochi,Grey,Petrol,Automatic,Corporate,2,7488598.0,5.0,14977196.0,748859.8,14228336.2
1399,2026-05-16,Kristin Collier,Individual,BMW X3,Ahmedabad,Red,Diesel,Manual,Online,3,7096478.0,10.0,21289434.0,2128943.4,19160490.6
1400,2025-10-29,Tracy Campbell,Luxury,BMW X7,Pune,Black,Hybrid,Automatic,Dealer,3,15198997.0,12.0,45596991.0,5471638.92,40125352.08
1401,2024-01-28,Jeffrey Brandt,Corporate,BMW X7,Mumbai,Red,Petrol,Manual,Dealer,2,13875211.0,7.0,27750422.0,1942529.54,25807892.46
1402,2025-02-20,Natasha Parker,Individual,BMW 5 Series,Bangalore,Grey,Diesel,Automatic,Online,1,7676261.0,2.0,7676261.0,153525.22,7522735.78
1403,2023-09-09,Anna Wilson,Corporate,BMW i7,Ahmedabad,White,Petrol,Manual,Online,3,16195322.0,10.0,48585966.0,4858596.6,43727369.4
1404,2025-10-19,Samantha Hansen,Corporate,BMW X3,Pune,Silver,Hybrid,Automatic,Corporate,1,6815856.0,5.0,6815856.0,340792.8,6475063.2
1405,2024-11-15,Daniel Cruz,Corporate,BMW X1,Jaipur,Blue,Diesel,Manual,Corporate,3,6024934.0,7.0,18074802.0,1265236.14,16809565.86
1406,2024-04-28,Melissa Peterson,Luxury,BMW i4,Jaipur,Black,Petrol,Manual,Dealer,3,8163515.0,12.0,24490545.0,2938865.4,21551679.6
1407,2024-06-28,Anita Nichols,Individual,BMW X7,Hyderabad,Red,Petrol,Automatic,Online,1,15174612.0,2.0,15174612.0,303492.24,14871119.76
1408,2025-05-11,Joshua Garcia,Luxury,BMW 5 Series,Chennai,White,Hybrid,Automatic,Corporate,2,8357034.0,7.0,16714068.0,1169984.76,15544083.24
1409,2023-11-12,Michelle Hunt,Luxury,BMW X7,Kolkata,Grey,Electric,Manual,Online,2,12038833.0,0.0,24077666.0,0.0,24077666.0
1410,2026-07-27,Heather Kaufman,Luxury,BMW i7,Pune,White,Electric,Automatic,Corporate,3,16364792.0,2.0,49094376.0,981887.52,48112488.48
1411,2024-11-04,Derrick Shaffer,Individual,BMW X5,Jaipur,White,Electric,Automatic,Corporate,2,10553774.0,7.0,21107548.0,1477528.36,19630019.64
1412,2025-10-26,Laura Garza,Individual,BMW i4,Chennai,White,Hybrid,Automatic,Online,2,7666240.0,2.0,15332480.0,306649.6,15025830.4
1413,2024-02-22,Mark Lopez,Individual,BMW X1,Mumbai,Grey,Electric,Automatic,Corporate,1,6455518.0,10.0,6455518.0,645551.8,5809966.2
1414,2024-03-02,Paul Sims,Luxury,BMW i4,Kochi,Silver,Diesel,Manual,Dealer,1,7328105.0,5.0,7328105.0,366405.25,6961699.75
1415,2024-06-10,Jennifer Hall,Luxury,BMW X1,Delhi,Silver,Electric,Manual,Online,2,5595984.0,10.0,11191968.0,1119196.8,10072771.2
1416,2024-10-05,Sharon Ball,Individual,BMW X3,Jaipur,White,Petrol,Automatic,Corporate,3,7634594.0,12.0,22903782.0,2748453.84,20155328.16
1417,2024-11-13,Brandy Jones,Corporate,BMW X1,Delhi,Black,Diesel,Manual,Corporate,2,5373975.0,10.0,10747950.0,1074795.0,9673155.0
1418,2024-07-18,Ronald Johnson,Individual,BMW i7,Kochi,Silver,Hybrid,Automatic,Dealer,3,15162818.0,10.0,45488454.0,4548845.4,40939608.6
1419,2024-02-05,Amy Lee,Individual,BMW X1,Mumbai,White,Diesel,Manual,Online,3,5191550.0,2.0,15574650.0,311493.0,15263157.0
1420,2025-04-06,Audrey Downs,Corporate,BMW 5 Series,Chennai,Grey,Hybrid,Manual,Corporate,3,6787257.0,7.0,20361771.0,1425323.97,18936447.03
1421,2025-02-20,Trevor Hobbs,Corporate,BMW 5 Series,Mumbai,Grey,Hybrid,Manual,Corporate,2,7674709.0,7.0,15349418.0,1074459.26,14274958.74
1422,2026-01-21,Anthony Mcbride,Corporate,BMW X5,Jaipur,White,Electric,Automatic,Corporate,3,9827993.0,2.0,29483979.0,589679.58,28894299.42
1423,2025-04-04,Noah Glenn,Individual,BMW i4,Ahmedabad,Black,Hybrid,Manual,Dealer,2,8457729.0,12.0,16915458.0,2029854.96,14885603.04
1424,2025-10-11,Kim Andrews,Corporate,BMW X5,Ahmedabad,White,Diesel,Manual,Dealer,3,10951193.0,7.0,32853579.0,2299750.53,30553828.47
1425,2026-06-21,Michael Vaughan,Corporate,BMW 3 Series,Mumbai,White,Petrol,Manual,Dealer,2,5427110.0,10.0,10854220.0,1085422.0,9768798.0
1426,2026-06-18,Megan Taylor,Luxury,BMW X5,Delhi,Blue,Petrol,Manual,Online,1,11608868.0,10.0,11608868.0,1160886.8,10447981.2
1427,2025-07-24,John Carter,Luxury,BMW X7,Chennai,Blue,Petrol,Automatic,Online,3,14917134.0,5.0,44751402.0,2237570.1,42513831.9
1428,2026-07-18,Jason Medina,Corporate,BMW i7,Ahmedabad,Silver,Petrol,Automatic,Dealer,1,16056469.0,7.0,16056469.0,1123952.83,14932516.17
1429,2024-05-30,Richard Vasquez,Individual,BMW i7,Hyderabad,White,Petrol,Manual,Dealer,3,16959666.0,2.0,50878998.0,1017579.96,49861418.04
1430,2025-07-24,Philip Floyd,Corporate,BMW i4,Chennai,Blue,Diesel,Automatic,Corporate,1,7659001.0,10.0,7659001.0,765900.1,6893100.9
1431,2024-02-04,Sherry Barker,Corporate,BMW X5,Hyderabad,Red,Petrol,Manual,Corporate,3,11961416.0,5.0,35884248.0,1794212.4,34090035.6
1432,2025-07-05,Phillip Chavez,Individual,BMW 3 Series,Bangalore,Silver,Electric,Automatic,Online,3,4904624.0,2.0,14713872.0,294277.44,14419594.56
1433,2024-08-04,Jacob Boyd,Luxury,BMW 3 Series,Delhi,Red,Hybrid,Automatic,Corporate,1,5776177.0,12.0,5776177.0,693141.24,5083035.76
1434,2025-03-01,Jessica Barnes,Luxury,BMW 3 Series,Delhi,Black,Electric,Manual,Corporate,3,5074122.0,5.0,15222366.0,761118.3,14461247.7
1435,2024-08-05,William Smith,Luxury,BMW 5 Series,Kochi,Black,Petrol,Automatic,Dealer,2,8450923.0,0.0,16901846.0,0.0,16901846.0
1436,2024-10-15,Daniel Turner,Luxury,BMW 7 Series,Pune,White,Petrol,Automatic,Online,3,18958913.0,0.0,56876739.0,0.0,56876739.0
1437,2024-06-05,Lindsay Ferguson,Corporate,BMW i4,Bangalore,Silver,Diesel,Automatic,Dealer,2,7517434.0,12.0,15034868.0,1804184.16,13230683.84
1438,2024-08-31,Amy Fernandez,Individual,BMW X7,Delhi,Red,Electric,Manual,Dealer,2,12746603.0,2.0,25493206.0,509864.12,24983341.88
1439,2025-12-14,Paul Aguilar,Individual,BMW X3,Mumbai,Silver,Hybrid,Manual,Online,2,6871430.0,5.0,13742860.0,687143.0,13055717.0
1440,2025-11-12,Jacob Wood,Individual,BMW X5,Kochi,Red,Hybrid,Automatic,Corporate,2,11025104.0,12.0,22050208.0,2646024.96,19404183.04
1441,2025-12-12,Jennifer Serrano,Luxury,BMW X7,Hyderabad,Silver,Hybrid,Manual,Corporate,3,14256320.0,2.0,42768960.0,855379.2,41913580.8
1442,2024-02-13,Kathryn Cooley,Luxury,BMW X3,Mumbai,Red,Electric,Automatic,Dealer,3,7217605.0,10.0,21652815.0,2165281.5,19487533.5
1443,2026-02-05,Joseph Peterson,Individual,BMW X3,Mumbai,Black,Diesel,Manual,Online,2,7480813.0,0.0,14961626.0,0.0,14961626.0
1444,2025-01-28,Jeremy Sanders,Luxury,BMW i7,Pune,Silver,Petrol,Manual,Dealer,3,15561467.0,7.0,46684401.0,3267908.07,43416492.93
1445,2024-08-30,Alexander Moore,Individual,BMW X5,Chennai,Blue,Electric,Automatic,Online,2,10165847.0,7.0,20331694.0,1423218.58,18908475.42
1446,2026-03-17,Brian Peterson,Luxury,BMW X3,Hyderabad,Black,Hybrid,Manual,Corporate,3,7479037.0,2.0,22437111.0,448742.22,21988368.78
1447,2024-02-03,Teresa Sharp,Corporate,BMW X7,Kolkata,Silver,Electric,Manual,Corporate,1,13986305.0,5.0,13986305.0,699315.25,13286989.75
1448,2025-12-19,Cory Rose,Corporate,BMW X7,Delhi,Black,Hybrid,Manual,Corporate,1,12168313.0,10.0,12168313.0,1216831.3,10951481.7
1449,2024-10-06,James Aguilar,Luxury,BMW X7,Kochi,White,Electric,Automatic,Dealer,1,12119769.0,10.0,12119769.0,1211976.9,10907792.1
1450,2025-08-27,Michael Reyes,Corporate,BMW 7 Series,Pune,White,Electric,Manual,Dealer,1,14451307.0,5.0,14451307.0,722565.35,13728741.65
1451,2025-04-20,Roy Young,Individual,BMW i4,Chennai,White,Electric,Manual,Dealer,1,8381202.0,2.0,8381202.0,167624.04,8213577.96
1452,2026-04-05,Catherine Bass,Individual,BMW X1,Mumbai,White,Diesel,Manual,Online,1,5915509.0,12.0,5915509.0,709861.08,5205647.92
1453,2026-02-28,Sandra Cruz,Corporate,BMW 7 Series,Pune,Silver,Hybrid,Automatic,Corporate,2,14838134.0,10.0,29676268.0,2967626.8,26708641.2
1454,2024-12-28,Dustin Roth,Individual,BMW X7,Ahmedabad,Grey,Diesel,Manual,Online,1,14962118.0,0.0,14962118.0,0.0,14962118.0
1455,2026-03-21,Frances Malone,Corporate,BMW X5,Delhi,Red,Petrol,Manual,Corporate,3,11280869.0,7.0,33842607.0,2368982.49,31473624.51
1456,2024-07-08,Kevin Wilcox,Corporate,BMW i7,Chennai,White,Electric,Manual,Corporate,3,14929852.0,2.0,44789556.0,895791.12,43893764.88
1457,2025-02-18,Justin Adams,Corporate,BMW 3 Series,Kochi,Silver,Diesel,Automatic,Dealer,2,5756550.0,0.0,11513100.0,0.0,11513100.0
1458,2024-05-06,Adam Hicks,Corporate,BMW 3 Series,Mumbai,Blue,Hybrid,Automatic,Dealer,2,5133209.0,0.0,10266418.0,0.0,10266418.0
1459,2026-07-22,Kelly Humphrey,Individual,BMW X3,Delhi,Black,Electric,Manual,Dealer,3,7311210.0,7.0,21933630.0,1535354.1,20398275.9
1460,2026-07-11,Eric Wright,Luxury,BMW X7,Jaipur,Black,Electric,Automatic,Online,1,15499024.0,7.0,15499024.0,1084931.68,14414092.32
1461,2024-05-01,William Mata,Individual,BMW 3 Series,Hyderabad,Red,Hybrid,Manual,Online,1,5169045.0,10.0,5169045.0,516904.5,4652140.5
1462,2026-02-05,Charles Haynes,Luxury,BMW X7,Kolkata,Grey,Electric,Automatic,Online,1,15235316.0,5.0,15235316.0,761765.8,14473550.2
1463,2023-12-25,Nicole Henson,Individual,BMW i5,Pune,Blue,Electric,Automatic,Online,2,10637883.0,12.0,21275766.0,2553091.92,18722674.08
1464,2023-12-12,John Mitchell,Luxury,BMW i5,Kolkata,White,Petrol,Manual,Corporate,3,10825181.0,0.0,32475543.0,0.0,32475543.0
1465,2026-03-17,John Perez,Corporate,BMW X3,Mumbai,Grey,Hybrid,Automatic,Online,3,7579815.0,12.0,22739445.0,2728733.4,20010711.6
1466,2024-09-10,Traci Young,Corporate,BMW 3 Series,Bangalore,Blue,Petrol,Manual,Online,2,6320111.0,7.0,12640222.0,884815.54,11755406.46
1467,2025-07-29,Stacey Strickland,Corporate,BMW X5,Delhi,White,Electric,Manual,Dealer,3,9598693.0,5.0,28796079.0,1439803.95,27356275.05
1468,2024-01-04,Cheryl Hodges,Luxury,BMW i4,Pune,Red,Petrol,Manual,Dealer,3,7624287.0,0.0,22872861.0,0.0,22872861.0
1469,2024-05-06,Justin Williams,Luxury,BMW i5,Kolkata,Red,Petrol,Automatic,Dealer,1,9521408.0,0.0,9521408.0,0.0,9521408.0
1470,2024-08-14,Samantha Hines,Individual,BMW i4,Kolkata,Silver,Diesel,Manual,Dealer,2,7576079.0,7.0,15152158.0,1060651.06,14091506.94
1471,2026-05-18,Todd Curry,Luxury,BMW X5,Pune,Silver,Petrol,Manual,Corporate,1,9660588.0,10.0,9660588.0,966058.8,8694529.2
1472,2024-02-08,Michael Bass,Individual,BMW 5 Series,Pune,Blue,Hybrid,Manual,Dealer,3,8444983.0,12.0,25334949.0,3040193.88,22294755.12
1473,2025-09-03,Elizabeth Quinn,Luxury,BMW X3,Bangalore,Red,Electric,Manual,Corporate,1,7408979.0,2.0,7408979.0,148179.58,7260799.42
1474,2025-11-28,Mr. Jeffrey Matthews,Corporate,BMW i5,Mumbai,Red,Hybrid,Automatic,Online,1,10455962.0,5.0,10455962.0,522798.1,9933163.9
1475,2024-01-05,Michael Robinson,Luxury,BMW 7 Series,Delhi,Red,Hybrid,Automatic,Online,3,18207416.0,0.0,54622248.0,0.0,54622248.0
1476,2024-12-24,Francis Good,Corporate,BMW X3,Chennai,Grey,Diesel,Manual,Online,1,7353924.0,0.0,7353924.0,0.0,7353924.0
1477,2024-10-26,Tammy Wilson,Individual,BMW i7,Pune,Black,Electric,Automatic,Corporate,1,14407466.0,2.0,14407466.0,288149.32,14119316.68
1478,2024-09-06,Steven Thomas,Corporate,BMW X3,Kochi,Silver,Electric,Manual,Corporate,3,7466040.0,7.0,22398120.0,1567868.4,20830251.6
1479,2024-12-11,Debra Mcguire,Luxury,BMW 3 Series,Pune,Grey,Diesel,Manual,Online,2,5214281.0,5.0,10428562.0,521428.1,9907133.9
1480,2025-12-10,Christopher Guerra,Individual,BMW X1,Jaipur,Grey,Electric,Manual,Corporate,1,6463236.0,12.0,6463236.0,775588.32,5687647.68
1481,2024-06-01,Brandy Daniels,Luxury,BMW i7,Bangalore,Blue,Petrol,Automatic,Corporate,2,16648216.0,10.0,33296432.0,3329643.2,29966788.8
1482,2024-08-28,Curtis Black,Individual,BMW X5,Delhi,Silver,Hybrid,Automatic,Corporate,2,10723994.0,7.0,21447988.0,1501359.16,19946628.84
1483,2024-05-26,Tyler Maynard,Corporate,BMW i7,Hyderabad,Grey,Hybrid,Automatic,Corporate,2,16618357.0,10.0,33236714.0,3323671.4,29913042.6
1484,2024-05-14,Sergio Austin,Corporate,BMW i4,Mumbai,Grey,Petrol,Automatic,Dealer,3,7787028.0,2.0,23361084.0,467221.68,22893862.32
1485,2026-04-19,Christopher Wright,Corporate,BMW X1,Bangalore,White,Hybrid,Manual,Dealer,2,6196939.0,2.0,12393878.0,247877.56,12146000.44
1486,2025-09-15,Eric Cobb,Luxury,BMW X7,Kochi,Silver,Petrol,Manual,Corporate,2,13169706.0,5.0,26339412.0,1316970.6,25022441.4
1487,2024-05-22,Adam Scott,Individual,BMW i5,Kolkata,Grey,Electric,Manual,Dealer,2,9472067.0,7.0,18944134.0,1326089.38,17618044.62
1488,2023-08-24,Susan Carrillo,Corporate,BMW X7,Delhi,Grey,Diesel,Automatic,Corporate,3,12013997.0,5.0,36041991.0,1802099.55,34239891.45
1489,2024-12-03,Catherine Chen,Luxury,BMW X7,Kolkata,Black,Diesel,Automatic,Corporate,1,13720896.0,12.0,13720896.0,1646507.52,12074388.48
1490,2025-12-05,Matthew Woods,Luxury,BMW i5,Bangalore,Grey,Petrol,Manual,Dealer,3,10257385.0,12.0,30772155.0,3692658.6,27079496.4
1491,2025-10-31,Sean Hall,Luxury,BMW 7 Series,Kochi,Blue,Petrol,Manual,Corporate,3,17958697.0,0.0,53876091.0,0.0,53876091.0
1492,2025-01-11,Michele Mccormick,Luxury,BMW X1,Hyderabad,White,Diesel,Manual,Dealer,2,5960010.0,12.0,11920020.0,1430402.4,10489617.6
1493,2023-10-23,Robert Rodriguez,Individual,BMW X5,Hyderabad,White,Hybrid,Manual,Corporate,1,10728855.0,0.0,10728855.0,0.0,10728855.0
1494,2026-03-01,Mark Mcintyre,Individual,BMW i7,Ahmedabad,Red,Petrol,Manual,Dealer,1,15014533.0,7.0,15014533.0,1051017.31,13963515.69
1495,2025-10-28,Christopher Stewart,Corporate,BMW i4,Bangalore,Silver,Hybrid,Manual,Dealer,3,7014435.0,0.0,21043305.0,0.0,21043305.0
1496,2025-03-24,David Solis,Corporate,BMW X7,Delhi,Black,Petrol,Manual,Corporate,3,15705067.0,10.0,47115201.0,4711520.1,42403680.9
1497,2024-06-27,Mr. Joseph Dodson,Luxury,BMW 3 Series,Delhi,Black,Electric,Manual,Corporate,2,6202179.0,12.0,12404358.0,1488522.96,10915835.04
1498,2025-06-05,Virginia Roberts,Corporate,BMW i4,Kolkata,Blue,Petrol,Automatic,Online,1,7260166.0,2.0,7260166.0,145203.32,7114962.68
1499,2025-10-28,Sharon Harris,Luxury,BMW X5,Hyderabad,Blue,Petrol,Manual,Corporate,2,10519503.0,2.0,21039006.0,420780.12,20618225.88
1500,2026-04-10,Kimberly Reed,Corporate,BMW 5 Series,Ahmedabad,White,Electric,Manual,Corporate,3,8385749.0,7.0,25157247.0,1761007.29,23396239.71
1501,2026-04-10,Preston Mitchell PhD,Individual,BMW i4,Pune,Red,Electric,Automatic,Dealer,3,7944507.0,5.0,23833521.0,1191676.05,22641844.95
1502,2025-06-27,Kimberly Harris,Corporate,BMW i5,Delhi,Red,Electric,Manual,Corporate,1,9054401.0,5.0,9054401.0,452720.05,8601680.95
1503,2026-06-20,Lance Taylor,Luxury,BMW 7 Series,Kochi,Grey,Electric,Automatic,Corporate,2,16556355.0,12.0,33112710.0,3973525.2,29139184.8
1504,2024-01-02,Henry Daniels,Individual,BMW 7 Series,Hyderabad,Silver,Diesel,Automatic,Corporate,2,16452265.0,5.0,32904530.0,1645226.5,31259303.5
1505,2025-11-15,Stephanie Moore,Luxury,BMW X3,Hyderabad,Blue,Hybrid,Manual,Dealer,1,7725229.0,5.0,7725229.0,386261.45,7338967.55
1506,2024-10-04,Rebecca Robinson,Corporate,BMW X5,Hyderabad,Red,Electric,Manual,Corporate,3,11962624.0,5.0,35887872.0,1794393.6,34093478.4
1507,2025-10-18,Kevin Richardson,Corporate,BMW 7 Series,Jaipur,Grey,Petrol,Automatic,Dealer,1,18043749.0,7.0,18043749.0,1263062.43,16780686.57
1508,2026-07-12,Shirley Keller,Corporate,BMW X3,Mumbai,Red,Petrol,Automatic,Online,1,6970412.0,5.0,6970412.0,348520.6,6621891.4
1509,2023-09-05,Jerry Wilson,Corporate,BMW i4,Kochi,Red,Diesel,Automatic,Corporate,1,8339317.0,12.0,8339317.0,1000718.04,7338598.96
1510,2023-12-14,Peter Hernandez,Luxury,BMW 3 Series,Kolkata,Red,Petrol,Manual,Corporate,1,5813660.0,5.0,5813660.0,290683.0,5522977.0
1511,2024-08-03,Nancy Martin,Corporate,BMW i5,Bangalore,Red,Diesel,Automatic,Corporate,1,10673354.0,7.0,10673354.0,747134.78,9926219.22
1512,2024-12-19,Brittney Clark,Luxury,BMW 7 Series,Mumbai,Grey,Diesel,Automatic,Online,3,15915454.0,12.0,47746362.0,5729563.44,42016798.56
1513,2026-03-17,Tyler Parrish,Luxury,BMW i5,Delhi,Silver,Petrol,Automatic,Online,3,9191594.0,2.0,27574782.0,551495.64,27023286.36
1514,2025-10-31,Joann Reeves,Individual,BMW 3 Series,Mumbai,Red,Hybrid,Manual,Corporate,1,4977282.0,10.0,4977282.0,497728.2,4479553.8
1515,2025-10-09,Alan Macdonald,Corporate,BMW 3 Series,Pune,White,Hybrid,Automatic,Dealer,3,6156783.0,0.0,18470349.0,0.0,18470349.0
1516,2023-12-18,Lance Reyes,Luxury,BMW i4,Mumbai,White,Hybrid,Manual,Dealer,3,7209454.0,10.0,21628362.0,2162836.2,19465525.8
1517,2025-04-24,Michael Griffith,Individual,BMW i7,Kolkata,Grey,Diesel,Manual,Online,1,17611879.0,12.0,17611879.0,2113425.48,15498453.52
1518,2026-01-29,Maurice Adams,Luxury,BMW X7,Kochi,White,Electric,Manual,Online,2,13135579.0,12.0,26271158.0,3152538.96,23118619.04
1519,2026-01-17,Jonathan Mcmahon,Individual,BMW X3,Delhi,Blue,Electric,Manual,Dealer,1,7616083.0,5.0,7616083.0,380804.15,7235278.85
1520,2023-09-02,Jennifer Baker,Individual,BMW i4,Chennai,Grey,Diesel,Automatic,Online,3,7669426.0,7.0,23008278.0,1610579.46,21397698.54
1521,2025-03-28,Eric Williams,Individual,BMW X3,Bangalore,Silver,Diesel,Automatic,Dealer,2,7429454.0,12.0,14858908.0,1783068.96,13075839.04
1522,2024-05-31,Kevin Bryant,Luxury,BMW X1,Delhi,Red,Hybrid,Automatic,Online,2,6052308.0,5.0,12104616.0,605230.8,11499385.2
1523,2026-03-21,Ryan Jimenez,Corporate,BMW i7,Mumbai,Blue,Diesel,Automatic,Dealer,3,16394982.0,2.0,49184946.0,983698.92,48201247.08
1524,2025-08-31,Monica Clark,Individual,BMW 7 Series,Kochi,Grey,Hybrid,Manual,Online,2,15318124.0,10.0,30636248.0,3063624.8,27572623.2
1525,2025-05-21,Kevin Miles,Corporate,BMW i4,Delhi,Blue,Electric,Manual,Online,1,7777605.0,5.0,7777605.0,388880.25,7388724.75
1526,2024-04-22,Beverly Hopkins,Corporate,BMW X7,Kochi,Grey,Petrol,Manual,Corporate,2,13650635.0,0.0,27301270.0,0.0,27301270.0
1527,2024-08-20,Cheryl Chavez,Corporate,BMW 7 Series,Ahmedabad,White,Diesel,Manual,Online,1,16300217.0,12.0,16300217.0,1956026.04,14344190.96
1528,2025-09-06,Paul Johnson,Luxury,BMW 3 Series,Pune,Red,Diesel,Automatic,Corporate,2,5396529.0,5.0,10793058.0,539652.9,10253405.1
1529,2024-05-10,Rachel Miller,Luxury,BMW i4,Delhi,White,Electric,Manual,Corporate,1,7224048.0,2.0,7224048.0,144480.96,7079567.04
1530,2025-04-15,Ronald Juarez,Corporate,BMW i4,Chennai,Silver,Hybrid,Automatic,Corporate,2,8382900.0,12.0,16765800.0,2011896.0,14753904.0
1531,2025-05-03,Aaron Mcknight,Luxury,BMW i7,Kolkata,Silver,Electric,Manual,Online,1,14248792.0,0.0,14248792.0,0.0,14248792.0
1532,2025-07-29,Joseph Foley,Luxury,BMW i4,Delhi,Silver,Petrol,Manual,Online,2,7232848.0,2.0,14465696.0,289313.92,14176382.08
1533,2024-03-15,Jacqueline Wright,Individual,BMW 7 Series,Hyderabad,White,Petrol,Manual,Online,2,18947670.0,10.0,37895340.0,3789534.0,34105806.0
1534,2023-10-19,Jordan Gould,Individual,BMW i7,Jaipur,Red,Electric,Automatic,Dealer,3,17199361.0,5.0,51598083.0,2579904.15,49018178.85
1535,2025-05-15,Eric Smith,Individual,BMW X5,Pune,White,Electric,Manual,Online,3,11369990.0,2.0,34109970.0,682199.4,33427770.6
1536,2025-03-05,Amy Drake MD,Individual,BMW X5,Pune,Blue,Electric,Automatic,Dealer,3,10334604.0,12.0,31003812.0,3720457.44,27283354.56
1537,2023-10-18,Andrea Strong,Individual,BMW X7,Kolkata,Red,Petrol,Manual,Corporate,2,13662236.0,0.0,27324472.0,0.0,27324472.0
1538,2025-03-30,Benjamin Benitez,Luxury,BMW X7,Chennai,Grey,Electric,Manual,Dealer,2,14114816.0,10.0,28229632.0,2822963.2,25406668.8
1539,2024-05-30,James Morales,Luxury,BMW 5 Series,Kochi,Red,Diesel,Automatic,Online,3,6693238.0,0.0,20079714.0,0.0,20079714.0
1540,2026-05-24,Gregg Daniel,Corporate,BMW i7,Mumbai,Grey,Electric,Manual,Corporate,1,17153728.0,12.0,17153728.0,2058447.36,15095280.64
1541,2024-09-14,Matthew Vaughan,Luxury,BMW 7 Series,Pune,Red,Electric,Manual,Corporate,1,14612584.0,12.0,14612584.0,1753510.08,12859073.92
1542,2025-02-02,Mr. Matthew Perez,Individual,BMW X7,Chennai,Black,Hybrid,Automatic,Dealer,3,13683870.0,5.0,41051610.0,2052580.5,38999029.5
1543,2026-03-09,Justin Dominguez,Luxury,BMW X5,Kolkata,Red,Electric,Manual,Corporate,2,10131221.0,2.0,20262442.0,405248.84,19857193.16
1544,2025-08-30,Tamara Davis,Individual,BMW X1,Kochi,White,Diesel,Automatic,Online,3,5743745.0,10.0,17231235.0,1723123.5,15508111.5
1545,2024-09-26,Tara Durham,Individual,BMW 7 Series,Bangalore,Black,Diesel,Manual,Online,3,14219986.0,10.0,42659958.0,4265995.8,38393962.2
1546,2024-05-22,James Fields,Individual,BMW X5,Mumbai,White,Hybrid,Manual,Dealer,1,10375801.0,5.0,10375801.0,518790.05,9857010.95
1547,2025-08-17,Jennifer Taylor,Luxury,BMW X5,Chennai,Grey,Petrol,Manual,Corporate,2,10075928.0,0.0,20151856.0,0.0,20151856.0
1548,2024-04-26,Amber Davis,Corporate,BMW X1,Kolkata,Grey,Diesel,Automatic,Corporate,2,5103209.0,7.0,10206418.0,714449.26,9491968.74
1549,2025-05-05,David Henderson,Individual,BMW 5 Series,Bangalore,Silver,Petrol,Automatic,Dealer,3,6867204.0,10.0,20601612.0,2060161.2,18541450.8
1550,2025-01-11,Stephen Kelly,Individual,BMW i4,Kochi,Grey,Diesel,Automatic,Corporate,3,7751599.0,5.0,23254797.0,1162739.85,22092057.15
1551,2025-12-29,Chad Boyle,Corporate,BMW X5,Ahmedabad,Grey,Petrol,Automatic,Online,3,10570740.0,0.0,31712220.0,0.0,31712220.0
1552,2026-03-24,John Herrera,Individual,BMW X7,Bangalore,Black,Hybrid,Manual,Corporate,2,13487640.0,5.0,26975280.0,1348764.0,25626516.0
1553,2026-03-23,Ariel Fields,Individual,BMW 5 Series,Kolkata,Blue,Electric,Automatic,Dealer,2,8336983.0,0.0,16673966.0,0.0,16673966.0
1554,2024-05-31,Bradley Hill,Individual,BMW 7 Series,Kochi,White,Diesel,Manual,Dealer,1,14077795.0,10.0,14077795.0,1407779.5,12670015.5
1555,2026-04-12,Katherine Lopez,Individual,BMW i7,Mumbai,Blue,Electric,Manual,Online,3,17633714.0,12.0,52901142.0,6348137.04,46553004.96
1556,2026-02-05,Deanna Estrada,Individual,BMW 7 Series,Hyderabad,Silver,Diesel,Manual,Dealer,1,18350329.0,12.0,18350329.0,2202039.48,16148289.52
1557,2024-12-07,Kelly Palmer,Luxury,BMW 3 Series,Ahmedabad,Silver,Electric,Manual,Online,2,4927980.0,7.0,9855960.0,689917.2,9166042.8
1558,2024-12-07,Brandy Brown,Individual,BMW 3 Series,Chennai,Black,Diesel,Manual,Corporate,1,5195377.0,7.0,5195377.0,363676.39,4831700.61
1559,2024-07-22,Linda Fox,Corporate,BMW X7,Kochi,White,Petrol,Automatic,Dealer,3,15030479.0,2.0,45091437.0,901828.74,44189608.26
1560,2025-09-15,Carol Arnold,Individual,BMW 5 Series,Kolkata,Grey,Hybrid,Manual,Corporate,1,6639095.0,7.0,6639095.0,464736.65,6174358.35
1561,2024-01-07,Rachael Powell,Luxury,BMW 3 Series,Delhi,White,Electric,Manual,Corporate,2,5498754.0,5.0,10997508.0,549875.4,10447632.6
1562,2023-10-08,Johnny Tyler,Luxury,BMW 5 Series,Ahmedabad,White,Diesel,Automatic,Dealer,3,7533480.0,10.0,22600440.0,2260044.0,20340396.0
1563,2026-05-27,Kim Elliott,Luxury,BMW 7 Series,Mumbai,Silver,Hybrid,Manual,Dealer,3,14689451.0,0.0,44068353.0,0.0,44068353.0
1564,2024-01-23,Tonya Hayes,Luxury,BMW X1,Mumbai,Silver,Electric,Manual,Online,1,5525694.0,12.0,5525694.0,663083.28,4862610.72
1565,2026-04-21,James Cuevas,Corporate,BMW i7,Jaipur,White,Electric,Manual,Corporate,3,16168054.0,5.0,48504162.0,2425208.1,46078953.9
1566,2024-05-29,Theresa Hernandez,Individual,BMW 7 Series,Kochi,Silver,Petrol,Automatic,Dealer,3,14287102.0,7.0,42861306.0,3000291.42,39861014.58
1567,2024-08-30,Steven Jones,Corporate,BMW 7 Series,Chennai,Blue,Petrol,Manual,Online,1,15995057.0,7.0,15995057.0,1119653.99,14875403.01
1568,2025-03-19,Jennifer Young,Individual,BMW X1,Kochi,Grey,Electric,Manual,Corporate,2,5850724.0,2.0,11701448.0,234028.96,11467419.04
1569,2025-12-08,Jill Smith,Luxury,BMW X3,Jaipur,Blue,Electric,Manual,Online,2,7207474.0,2.0,14414948.0,288298.96,14126649.04
1570,2023-10-01,Alexander Black,Luxury,BMW 5 Series,Pune,Black,Electric,Manual,Dealer,3,8100691.0,5.0,24302073.0,1215103.65,23086969.35
1571,2023-11-12,Gregg Dean,Individual,BMW i5,Hyderabad,Black,Petrol,Manual,Online,1,9198356.0,7.0,9198356.0,643884.92,8554471.08
1572,2026-06-05,Amber Boyd,Luxury,BMW X3,Ahmedabad,Red,Diesel,Manual,Dealer,3,7414702.0,0.0,22244106.0,0.0,22244106.0
1573,2026-03-05,Connor Martinez,Luxury,BMW 7 Series,Mumbai,Silver,Electric,Automatic,Corporate,1,14140251.0,12.0,14140251.0,1696830.12,12443420.88
1574,2024-11-14,John Ferguson,Corporate,BMW i5,Chennai,Red,Diesel,Automatic,Dealer,3,10678266.0,5.0,32034798.0,1601739.9,30433058.1
1575,2026-05-03,Francisco Kramer,Individual,BMW 5 Series,Hyderabad,White,Diesel,Manual,Online,3,7831497.0,10.0,23494491.0,2349449.1,21145041.9
1576,2025-04-14,Jacob Summers,Corporate,BMW 3 Series,Kolkata,Grey,Hybrid,Manual,Dealer,2,5121798.0,10.0,10243596.0,1024359.6,9219236.4
1577,2023-12-27,Lauren Moss,Luxury,BMW X3,Chennai,Red,Electric,Automatic,Corporate,2,6657014.0,12.0,13314028.0,1597683.36,11716344.64
1578,2024-10-22,Dr. Lisa Tucker DVM,Individual,BMW i7,Bangalore,White,Hybrid,Automatic,Online,2,14248396.0,2.0,28496792.0,569935.84,27926856.16
1579,2024-08-23,John Barrett,Individual,BMW 7 Series,Kolkata,White,Electric,Automatic,Online,3,17279942.0,2.0,51839826.0,1036796.52,50803029.48
1580,2025-02-16,Maria Castillo,Corporate,BMW 7 Series,Kolkata,Red,Diesel,Automatic,Dealer,3,15035753.0,12.0,45107259.0,5412871.08,39694387.92
1581,2026-07-02,Jeremy Manning,Luxury,BMW X3,Pune,Red,Electric,Automatic,Corporate,3,6522584.0,0.0,19567752.0,0.0,19567752.0
1582,2024-10-04,Jimmy Ferguson,Individual,BMW i4,Mumbai,Black,Hybrid,Automatic,Corporate,2,8385004.0,5.0,16770008.0,838500.4,15931507.6
1583,2024-08-31,Wendy Vaughn,Luxury,BMW X5,Delhi,Black,Hybrid,Manual,Dealer,2,9671847.0,5.0,19343694.0,967184.7,18376509.3
1584,2023-09-01,Robert Willis,Luxury,BMW i4,Delhi,Black,Electric,Automatic,Online,3,7471090.0,0.0,22413270.0,0.0,22413270.0
1585,2025-12-09,Nancy Rivera,Luxury,BMW X7,Kolkata,Blue,Electric,Manual,Corporate,3,12237617.0,0.0,36712851.0,0.0,36712851.0
1586,2026-03-26,Jeremy Simpson,Individual,BMW X5,Kolkata,Black,Petrol,Manual,Corporate,2,10553814.0,0.0,21107628.0,0.0,21107628.0
1587,2024-04-15,Tiffany Bowman,Luxury,BMW i4,Mumbai,Blue,Petrol,Manual,Corporate,2,8239593.0,12.0,16479186.0,1977502.32,14501683.68
1588,2025-12-24,Jennifer Campbell,Luxury,BMW i7,Kolkata,Grey,Petrol,Automatic,Corporate,3,16544381.0,12.0,49633143.0,5955977.16,43677165.84
1589,2026-02-03,Erica Thomas,Luxury,BMW 5 Series,Kochi,Blue,Hybrid,Manual,Corporate,1,6699048.0,2.0,6699048.0,133980.96,6565067.04
1590,2025-04-05,Heather Campbell,Luxury,BMW 3 Series,Pune,Red,Petrol,Manual,Corporate,2,5857042.0,7.0,11714084.0,819985.88,10894098.12
1591,2024-09-25,Alexis Peters,Corporate,BMW X7,Chennai,Black,Electric,Automatic,Online,3,12906135.0,2.0,38718405.0,774368.1,37944036.9
1592,2024-03-07,Robert Lopez,Individual,BMW 3 Series,Ahmedabad,Silver,Electric,Manual,Online,2,6281383.0,5.0,12562766.0,628138.3,11934627.7
1593,2025-02-14,Brianna Manning,Individual,BMW i4,Chennai,Silver,Electric,Automatic,Corporate,2,7680551.0,12.0,15361102.0,1843332.24,13517769.76
1594,2023-10-16,Adrienne Fox,Corporate,BMW i5,Pune,White,Hybrid,Automatic,Online,2,10553370.0,5.0,21106740.0,1055337.0,20051403.0
1595,2024-09-26,Mr. John Deleon MD,Luxury,BMW i7,Jaipur,Blue,Petrol,Automatic,Online,1,17103194.0,5.0,17103194.0,855159.7,16248034.3
1596,2024-12-29,Stephanie Moore,Luxury,BMW X5,Kochi,Grey,Diesel,Manual,Online,3,11585377.0,2.0,34756131.0,695122.62,34061008.38
1597,2024-08-16,Sandra Smith,Individual,BMW X5,Pune,White,Electric,Automatic,Dealer,2,11336136.0,2.0,22672272.0,453445.44,22218826.56
1598,2024-08-09,Marcus Butler,Corporate,BMW i7,Delhi,Silver,Electric,Automatic,Corporate,3,17811910.0,12.0,53435730.0,6412287.6,47023442.4
1599,2024-02-24,Phillip Jarvis,Individual,BMW 5 Series,Mumbai,Red,Hybrid,Manual,Corporate,1,6695797.0,12.0,6695797.0,803495.64,5892301.36
1600,2024-10-13,Cynthia Walker,Luxury,BMW X5,Jaipur,Grey,Petrol,Manual,Corporate,2,10983943.0,2.0,21967886.0,439357.72,21528528.28
1601,2025-06-25,Danielle Madden,Individual,BMW 5 Series,Pune,White,Diesel,Manual,Online,2,6971491.0,0.0,13942982.0,0.0,13942982.0
1602,2026-01-23,Jeffery Espinoza,Individual,BMW X1,Mumbai,Silver,Diesel,Automatic,Online,1,5514539.0,7.0,5514539.0,386017.73,5128521.27
1603,2025-10-31,Rebecca Mccullough,Individual,BMW X1,Chennai,Grey,Diesel,Manual,Corporate,2,6283919.0,7.0,12567838.0,879748.66,11688089.34
1604,2025-01-26,Jennifer Calderon,Corporate,BMW i7,Kolkata,Silver,Electric,Manual,Online,3,16630898.0,7.0,49892694.0,3492488.58,46400205.42
1605,2024-01-22,Caitlyn Reyes,Corporate,BMW X5,Pune,Blue,Petrol,Automatic,Corporate,2,10484427.0,10.0,20968854.0,2096885.4,18871968.6
1606,2026-03-19,Brandi Watkins,Individual,BMW X1,Jaipur,Red,Hybrid,Manual,Corporate,1,6214163.0,0.0,6214163.0,0.0,6214163.0
1607,2025-11-23,Matthew Montgomery,Luxury,BMW X1,Pune,White,Hybrid,Manual,Dealer,3,6472503.0,10.0,19417509.0,1941750.9,17475758.1
1608,2026-06-24,Gregory Mcdonald,Individual,BMW i4,Kochi,Grey,Petrol,Automatic,Corporate,2,7918281.0,10.0,15836562.0,1583656.2,14252905.8
1609,2024-09-10,Carolyn Graham,Luxury,BMW i4,Jaipur,Grey,Diesel,Automatic,Online,1,8363730.0,5.0,8363730.0,418186.5,7945543.5
1610,2025-08-15,Ronald Butler,Luxury,BMW 5 Series,Delhi,Black,Hybrid,Manual,Dealer,2,7694859.0,12.0,15389718.0,1846766.16,13542951.84
1611,2025-01-08,Susan Patton,Individual,BMW X7,Mumbai,Red,Electric,Manual,Corporate,2,14775793.0,5.0,29551586.0,1477579.3,28074006.7
1612,2025-02-16,Sarah Young,Luxury,BMW i5,Kolkata,Red,Electric,Automatic,Dealer,3,9302478.0,12.0,27907434.0,3348892.08,24558541.92
1613,2023-09-02,Matthew Cruz,Luxury,BMW X5,Kochi,Black,Hybrid,Automatic,Dealer,1,10001988.0,10.0,10001988.0,1000198.8,9001789.2
1614,2024-12-29,Mr. Hector Nguyen PhD,Corporate,BMW X1,Kochi,Silver,Hybrid,Automatic,Dealer,1,5376104.0,0.0,5376104.0,0.0,5376104.0
1615,2024-12-01,Kathryn Gay,Luxury,BMW 5 Series,Kolkata,Grey,Hybrid,Manual,Online,3,7703771.0,12.0,23111313.0,2773357.56,20337955.44
1616,2024-07-29,Alexander Nichols,Corporate,BMW 7 Series,Pune,Blue,Diesel,Manual,Online,1,15535028.0,5.0,15535028.0,776751.4,14758276.6
1617,2026-05-15,Catherine Smith,Corporate,BMW 5 Series,Hyderabad,White,Electric,Automatic,Online,2,7046319.0,2.0,14092638.0,281852.76,13810785.24
1618,2024-03-15,Patricia Conner,Individual,BMW 5 Series,Jaipur,Black,Petrol,Manual,Dealer,1,7040578.0,10.0,7040578.0,704057.8,6336520.2
1619,2026-01-13,Kimberly Hayes,Luxury,BMW 3 Series,Jaipur,Grey,Electric,Automatic,Corporate,1,4526378.0,5.0,4526378.0,226318.9,4300059.1
1620,2023-10-03,Samantha Duke,Luxury,BMW X5,Bangalore,Red,Hybrid,Automatic,Dealer,1,10223068.0,12.0,10223068.0,1226768.16,8996299.84
1621,2023-12-16,Douglas Mahoney,Luxury,BMW X5,Bangalore,Red,Diesel,Manual,Dealer,3,10148737.0,5.0,30446211.0,1522310.55,28923900.45
1622,2025-03-09,Anne Thompson,Corporate,BMW i5,Hyderabad,Red,Petrol,Automatic,Online,2,10707839.0,0.0,21415678.0,0.0,21415678.0
1623,2024-01-09,Erica Bowman,Corporate,BMW 5 Series,Pune,Red,Diesel,Automatic,Dealer,1,7932422.0,10.0,7932422.0,793242.2,7139179.8
1624,2024-09-06,Elaine Kim,Individual,BMW i7,Hyderabad,Silver,Hybrid,Manual,Corporate,2,16571912.0,7.0,33143824.0,2320067.68,30823756.32
1625,2024-12-09,Ryan Williams,Individual,BMW i5,Bangalore,White,Diesel,Manual,Online,1,9709558.0,5.0,9709558.0,485477.9,9224080.1
1626,2023-11-20,Manuel Moore,Luxury,BMW 3 Series,Pune,Silver,Petrol,Automatic,Corporate,2,4622943.0,12.0,9245886.0,1109506.32,8136379.68
1627,2025-02-13,Mrs. Courtney Nguyen,Corporate,BMW X5,Jaipur,Red,Hybrid,Automatic,Online,3,11861379.0,12.0,35584137.0,4270096.44,31314040.56
1628,2025-08-14,Patrick Gill,Corporate,BMW 7 Series,Ahmedabad,Grey,Hybrid,Manual,Dealer,2,15661292.0,12.0,31322584.0,3758710.08,27563873.92
1629,2026-06-06,Steve Gonzalez,Corporate,BMW i4,Chennai,Red,Hybrid,Manual,Online,1,8030203.0,5.0,8030203.0,401510.15,7628692.85
1630,2023-10-20,Nicole Perez,Luxury,BMW X3,Chennai,Black,Electric,Automatic,Online,1,7606352.0,2.0,7606352.0,152127.04,7454224.96
1631,2024-12-06,Jane Hicks,Luxury,BMW 3 Series,Jaipur,Grey,Diesel,Manual,Dealer,1,4558642.0,5.0,4558642.0,227932.1,4330709.9
1632,2026-04-13,Diana Lopez,Individual,BMW X7,Jaipur,Blue,Petrol,Automatic,Online,1,14197750.0,10.0,14197750.0,1419775.0,12777975.0
1633,2024-10-17,Mr. Perry Navarro DDS,Luxury,BMW 7 Series,Mumbai,White,Hybrid,Automatic,Corporate,1,16686959.0,12.0,16686959.0,2002435.08,14684523.92
1634,2026-05-11,Jennifer Johnson,Individual,BMW i7,Chennai,Silver,Petrol,Manual,Dealer,2,14189724.0,2.0,28379448.0,567588.96,27811859.04
1635,2026-03-31,Justin Rogers,Individual,BMW X5,Hyderabad,Grey,Petrol,Automatic,Corporate,1,11135425.0,5.0,11135425.0,556771.25,10578653.75
1636,2024-12-11,Jessica Neal,Luxury,BMW X1,Kochi,Silver,Electric,Automatic,Corporate,2,6402014.0,7.0,12804028.0,896281.96,11907746.04
1637,2024-02-02,Donna Gutierrez,Individual,BMW X3,Kolkata,Grey,Hybrid,Manual,Online,1,7947624.0,7.0,7947624.0,556333.68,7391290.32
1638,2026-02-20,Crystal Perez,Individual,BMW X3,Kochi,Grey,Petrol,Manual,Corporate,3,6521872.0,12.0,19565616.0,2347873.92,17217742.08
1639,2025-11-01,Nancy Thomas,Individual,BMW X1,Bangalore,White,Hybrid,Automatic,Corporate,1,6337137.0,0.0,6337137.0,0.0,6337137.0
1640,2025-08-04,Nicole Watson,Luxury,BMW X5,Hyderabad,Silver,Hybrid,Manual,Online,3,10575835.0,12.0,31727505.0,3807300.6,27920204.4
1641,2024-11-19,Jason Martin,Luxury,BMW X3,Kochi,Grey,Diesel,Automatic,Online,1,7048403.0,0.0,7048403.0,0.0,7048403.0
1642,2023-11-29,Shawna Villarreal,Individual,BMW X1,Hyderabad,Grey,Petrol,Automatic,Dealer,1,6086797.0,7.0,6086797.0,426075.79,5660721.21
1643,2025-02-22,Aaron Gilbert,Corporate,BMW X7,Hyderabad,White,Hybrid,Manual,Corporate,3,12350677.0,0.0,37052031.0,0.0,37052031.0
1644,2025-01-30,Larry Evans,Individual,BMW 7 Series,Ahmedabad,White,Diesel,Manual,Corporate,3,14344368.0,10.0,43033104.0,4303310.4,38729793.6
1645,2023-11-14,Christopher Patel,Luxury,BMW 3 Series,Hyderabad,Blue,Hybrid,Automatic,Dealer,2,5215857.0,2.0,10431714.0,208634.28,10223079.72
1646,2025-10-09,Joan Lowe,Luxury,BMW X7,Kolkata,Black,Diesel,Automatic,Dealer,2,12642137.0,10.0,25284274.0,2528427.4,22755846.6
1647,2025-06-19,Julie Mccarthy,Individual,BMW X5,Ahmedabad,White,Electric,Automatic,Corporate,2,9606156.0,0.0,19212312.0,0.0,19212312.0
1648,2024-05-03,Ian Mendoza,Luxury,BMW X5,Chennai,Grey,Petrol,Automatic,Online,3,9967102.0,0.0,29901306.0,0.0,29901306.0
1649,2026-07-09,William Hamilton,Individual,BMW X5,Chennai,White,Petrol,Manual,Corporate,1,10101825.0,12.0,10101825.0,1212219.0,8889606.0
1650,2023-12-14,Jessica Simon,Individual,BMW 3 Series,Kolkata,White,Petrol,Automatic,Corporate,3,6112071.0,0.0,18336213.0,0.0,18336213.0
1651,2025-12-16,Luke Marshall,Luxury,BMW i4,Kochi,Silver,Hybrid,Manual,Dealer,2,8352222.0,5.0,16704444.0,835222.2,15869221.8
1652,2024-06-15,Kyle Nguyen,Corporate,BMW i4,Kochi,Grey,Hybrid,Automatic,Corporate,2,7524376.0,12.0,15048752.0,1805850.24,13242901.76
1653,2024-07-06,Benjamin Randall,Corporate,BMW X5,Mumbai,Silver,Diesel,Manual,Dealer,2,10105688.0,12.0,20211376.0,2425365.12,17786010.88
1654,2024-10-05,Brandon Hayes,Luxury,BMW X5,Chennai,Black,Hybrid,Manual,Corporate,2,11310834.0,2.0,22621668.0,452433.36,22169234.64
1655,2024-02-23,Corey Graham,Corporate,BMW X1,Kolkata,White,Hybrid,Manual,Online,3,5262194.0,5.0,15786582.0,789329.1,14997252.9
1656,2025-03-15,Keith Ortiz,Individual,BMW i4,Ahmedabad,Blue,Electric,Manual,Corporate,2,7814623.0,5.0,15629246.0,781462.3,14847783.7
1657,2025-09-20,Deborah Thomas,Corporate,BMW i5,Mumbai,White,Diesel,Manual,Corporate,1,9515914.0,12.0,9515914.0,1141909.68,8374004.32
1658,2025-07-22,Roger Haynes,Individual,BMW X7,Pune,Grey,Diesel,Manual,Corporate,2,14701131.0,2.0,29402262.0,588045.24,28814216.76
1659,2023-12-15,David Harris MD,Luxury,BMW i4,Delhi,White,Diesel,Manual,Dealer,2,8307775.0,0.0,16615550.0,0.0,16615550.0
1660,2025-04-19,Richard King,Luxury,BMW X7,Jaipur,Black,Diesel,Manual,Corporate,1,13811032.0,7.0,13811032.0,966772.24,12844259.76
1661,2026-02-13,John Brown,Corporate,BMW 7 Series,Delhi,Grey,Diesel,Automatic,Online,1,18725839.0,12.0,18725839.0,2247100.68,16478738.32
1662,2024-07-06,Denise Bryant,Individual,BMW i4,Mumbai,Red,Petrol,Automatic,Dealer,2,7273793.0,5.0,14547586.0,727379.3,13820206.7
1663,2024-01-30,Karen Pope,Individual,BMW 3 Series,Chennai,Black,Electric,Manual,Corporate,1,6429740.0,5.0,6429740.0,321487.0,6108253.0
1664,2024-09-17,Kelly Gutierrez,Corporate,BMW 7 Series,Mumbai,Red,Electric,Manual,Online,1,16580015.0,5.0,16580015.0,829000.75,15751014.25
1665,2024-09-08,Christian Ford,Corporate,BMW 7 Series,Delhi,White,Diesel,Automatic,Dealer,1,16543765.0,10.0,16543765.0,1654376.5,14889388.5
1666,2023-10-04,Martha Harris,Luxury,BMW i5,Kochi,Red,Hybrid,Manual,Dealer,1,9859161.0,10.0,9859161.0,985916.1,8873244.9
1667,2024-04-18,James Fox,Corporate,BMW 5 Series,Hyderabad,Black,Diesel,Manual,Online,2,8406698.0,0.0,16813396.0,0.0,16813396.0
1668,2026-02-09,Samantha Jenkins,Corporate,BMW i4,Hyderabad,Blue,Hybrid,Automatic,Dealer,3,7041846.0,12.0,21125538.0,2535064.56,18590473.44
1669,2026-01-09,Jeremy Massey,Individual,BMW i4,Kochi,Blue,Petrol,Automatic,Corporate,2,7721061.0,0.0,15442122.0,0.0,15442122.0
1670,2025-01-29,Dylan Potter,Luxury,BMW X3,Kolkata,White,Electric,Manual,Dealer,1,6813494.0,12.0,6813494.0,817619.28,5995874.72
1671,2025-09-05,Kimberly Love,Corporate,BMW X5,Kochi,Red,Hybrid,Automatic,Online,1,11575131.0,10.0,11575131.0,1157513.1,10417617.9
1672,2026-05-08,Linda Smith,Individual,BMW X1,Jaipur,Grey,Electric,Automatic,Corporate,3,5587718.0,0.0,16763154.0,0.0,16763154.0
1673,2023-12-01,Crystal Cortez,Luxury,BMW X1,Delhi,Blue,Petrol,Manual,Corporate,2,5551788.0,7.0,11103576.0,777250.32,10326325.68
1674,2024-11-25,Lynn Hodges,Corporate,BMW i4,Bangalore,White,Petrol,Automatic,Online,3,7698181.0,0.0,23094543.0,0.0,23094543.0
1675,2026-07-28,Joanne Meadows,Corporate,BMW X1,Ahmedabad,Silver,Electric,Manual,Online,2,5796953.0,0.0,11593906.0,0.0,11593906.0
1676,2026-02-05,Karen Watts,Luxury,BMW i5,Kolkata,White,Electric,Manual,Dealer,3,9853949.0,5.0,29561847.0,1478092.35,28083754.65
1677,2023-11-05,Debra Bishop,Luxury,BMW i4,Delhi,Silver,Petrol,Manual,Dealer,1,7559252.0,7.0,7559252.0,529147.64,7030104.36
1678,2024-06-10,Andrew Gilbert,Individual,BMW 3 Series,Hyderabad,Black,Diesel,Manual,Dealer,1,6190779.0,2.0,6190779.0,123815.58,6066963.42
1679,2025-04-30,Matthew Smith,Luxury,BMW i7,Mumbai,Black,Petrol,Manual,Dealer,1,17266845.0,0.0,17266845.0,0.0,17266845.0
1680,2025-03-04,Luis Ruiz,Individual,BMW 7 Series,Kochi,Silver,Petrol,Automatic,Corporate,3,17865160.0,5.0,53595480.0,2679774.0,50915706.0
1681,2025-07-22,Samuel Smith,Corporate,BMW 7 Series,Mumbai,Silver,Petrol,Automatic,Corporate,1,14680782.0,0.0,14680782.0,0.0,14680782.0
1682,2024-11-12,Justin Evans,Corporate,BMW X1,Mumbai,Grey,Electric,Automatic,Dealer,3,5104854.0,0.0,15314562.0,0.0,15314562.0
1683,2024-03-02,William Washington,Individual,BMW i4,Kochi,Blue,Petrol,Manual,Corporate,1,8481163.0,7.0,8481163.0,593681.41,7887481.59
1684,2024-06-20,Travis Copeland,Luxury,BMW 3 Series,Bangalore,White,Diesel,Automatic,Dealer,1,4868786.0,5.0,4868786.0,243439.3,4625346.7
1685,2024-11-23,Regina Thomas DDS,Luxury,BMW X1,Hyderabad,Grey,Electric,Manual,Corporate,1,5674036.0,2.0,5674036.0,113480.72,5560555.28
1686,2024-05-11,Caroline Garcia,Luxury,BMW X3,Mumbai,Silver,Diesel,Automatic,Corporate,2,7394484.0,5.0,14788968.0,739448.4,14049519.6
1687,2024-10-22,Monica Williams,Luxury,BMW X3,Delhi,Black,Hybrid,Manual,Dealer,1,6838195.0,0.0,6838195.0,0.0,6838195.0
1688,2023-12-31,Samuel Smith,Corporate,BMW i7,Kolkata,Grey,Petrol,Automatic,Corporate,3,14335341.0,12.0,43006023.0,5160722.76,37845300.24
1689,2025-05-03,Steven Thompson,Corporate,BMW X5,Kochi,Silver,Electric,Manual,Corporate,3,9776315.0,5.0,29328945.0,1466447.25,27862497.75
1690,2026-01-08,Michelle Delgado,Luxury,BMW i4,Pune,Blue,Diesel,Automatic,Dealer,2,8047936.0,7.0,16095872.0,1126711.04,14969160.96
1691,2024-09-14,Richard Brown,Corporate,BMW 3 Series,Pune,Blue,Hybrid,Manual,Online,2,5359271.0,7.0,10718542.0,750297.94,9968244.06
1692,2024-11-09,Brandon Young,Luxury,BMW 7 Series,Hyderabad,White,Electric,Manual,Dealer,2,17234346.0,0.0,34468692.0,0.0,34468692.0
1693,2024-10-26,Brian Bell,Individual,BMW X7,Pune,White,Diesel,Automatic,Dealer,2,12058511.0,12.0,24117022.0,2894042.64,21222979.36
1694,2024-11-30,Patricia Wilson,Corporate,BMW 3 Series,Kolkata,Blue,Diesel,Automatic,Online,1,5490460.0,5.0,5490460.0,274523.0,5215937.0
1695,2026-06-08,Sherry Quinn,Corporate,BMW 7 Series,Delhi,White,Hybrid,Manual,Online,2,18608102.0,2.0,37216204.0,744324.08,36471879.92
1696,2025-04-21,Renee Everett,Luxury,BMW 7 Series,Ahmedabad,Black,Electric,Manual,Online,2,14501306.0,0.0,29002612.0,0.0,29002612.0
1697,2024-06-06,Mark Friedman,Corporate,BMW 7 Series,Mumbai,Grey,Hybrid,Automatic,Corporate,2,18351696.0,2.0,36703392.0,734067.84,35969324.16
1698,2024-04-03,Lisa Rogers,Luxury,BMW 7 Series,Pune,Grey,Petrol,Automatic,Online,3,16605601.0,10.0,49816803.0,4981680.3,44835122.7
1699,2026-03-17,Robert Padilla,Corporate,BMW X5,Pune,Grey,Petrol,Automatic,Online,2,10037430.0,10.0,20074860.0,2007486.0,18067374.0
1700,2023-09-07,Catherine Gomez,Corporate,BMW X7,Mumbai,White,Electric,Manual,Corporate,2,12878522.0,12.0,25757044.0,3090845.28,22666198.72
1701,2024-05-12,Katherine Watts,Luxury,BMW X5,Kochi,White,Electric,Automatic,Corporate,3,10888569.0,2.0,32665707.0,653314.14,32012392.86
1702,2024-09-15,Steve Reyes Jr.,Corporate,BMW i7,Mumbai,Red,Hybrid,Automatic,Corporate,1,17411319.0,7.0,17411319.0,1218792.33,16192526.67
1703,2024-12-30,Kimberly Smith,Corporate,BMW 5 Series,Kolkata,Blue,Petrol,Manual,Corporate,1,8073267.0,10.0,8073267.0,807326.7,7265940.3
1704,2025-03-30,Bruce Cox,Individual,BMW X3,Bangalore,Blue,Diesel,Manual,Online,2,7442638.0,2.0,14885276.0,297705.52,14587570.48
1705,2026-06-08,Pamela Harris,Corporate,BMW X1,Mumbai,Blue,Hybrid,Automatic,Online,1,6327643.0,5.0,6327643.0,316382.15,6011260.85
1706,2023-08-25,Joanne Bryant,Corporate,BMW i4,Pune,Silver,Diesel,Automatic,Corporate,3,8268296.0,2.0,24804888.0,496097.76,24308790.24
1707,2025-12-22,Laura Wheeler,Luxury,BMW 3 Series,Mumbai,White,Hybrid,Manual,Dealer,3,5597863.0,5.0,16793589.0,839679.45,15953909.55
1708,2024-10-09,David Ingram,Individual,BMW X3,Delhi,Black,Petrol,Manual,Online,1,6928322.0,5.0,6928322.0,346416.1,6581905.9
1709,2026-07-15,Heather Vargas,Corporate,BMW i4,Hyderabad,Red,Diesel,Manual,Dealer,3,7936766.0,7.0,23810298.0,1666720.86,22143577.14
1710,2026-06-23,Craig Brooks,Individual,BMW X3,Ahmedabad,Red,Hybrid,Manual,Corporate,1,7078707.0,12.0,7078707.0,849444.84,6229262.16
1711,2024-06-25,Kimberly Thompson,Individual,BMW 7 Series,Pune,Blue,Hybrid,Manual,Online,1,14142239.0,0.0,14142239.0,0.0,14142239.0
1712,2025-09-15,Mary Larson,Individual,BMW X7,Jaipur,Silver,Electric,Manual,Online,3,12106809.0,7.0,36320427.0,2542429.89,33777997.11
1713,2024-07-14,Isaiah Ward,Luxury,BMW i7,Chennai,Red,Petrol,Automatic,Corporate,2,16699542.0,5.0,33399084.0,1669954.2,31729129.8
1714,2024-04-21,Frank Stark,Luxury,BMW 7 Series,Ahmedabad,White,Petrol,Automatic,Dealer,1,14535846.0,2.0,14535846.0,290716.92,14245129.08
1715,2024-07-16,Breanna Green,Corporate,BMW 5 Series,Pune,Grey,Electric,Automatic,Online,2,7248853.0,0.0,14497706.0,0.0,14497706.0
1716,2023-11-09,Michael Wheeler,Individual,BMW i5,Chennai,Grey,Diesel,Automatic,Online,2,10100332.0,12.0,20200664.0,2424079.68,17776584.32
1717,2025-12-20,Jamie Gentry,Luxury,BMW 7 Series,Bangalore,Black,Petrol,Automatic,Corporate,1,16187368.0,2.0,16187368.0,323747.36,15863620.64
1718,2024-10-26,Tammy Garza,Luxury,BMW X1,Ahmedabad,White,Diesel,Automatic,Online,1,5088908.0,2.0,5088908.0,101778.16,4987129.84
1719,2024-09-14,Alexandra Lopez,Luxury,BMW X5,Kolkata,Blue,Hybrid,Automatic,Corporate,1,11160142.0,10.0,11160142.0,1116014.2,10044127.8
1720,2024-04-17,Jeffrey Vasquez,Individual,BMW X7,Jaipur,Red,Petrol,Automatic,Corporate,1,12285051.0,2.0,12285051.0,245701.02,12039349.98
1721,2025-07-11,James Brooks,Corporate,BMW i4,Chennai,Red,Electric,Automatic,Dealer,3,7732706.0,0.0,23198118.0,0.0,23198118.0
1722,2026-03-09,Jessica Jenkins,Luxury,BMW 7 Series,Jaipur,Red,Electric,Manual,Online,3,14061655.0,12.0,42184965.0,5062195.8,37122769.2
1723,2024-11-22,Tyler Frazier,Corporate,BMW i5,Kolkata,Blue,Electric,Automatic,Online,1,9335257.0,10.0,9335257.0,933525.7,8401731.3
1724,2025-04-09,William Hawkins,Individual,BMW X7,Bangalore,Black,Hybrid,Manual,Dealer,2,14728238.0,7.0,29456476.0,2061953.32,27394522.68
1725,2023-12-26,Hannah Williams,Luxury,BMW 5 Series,Chennai,White,Diesel,Manual,Corporate,1,7312545.0,12.0,7312545.0,877505.4,6435039.6
1726,2025-09-18,Brian Parrish,Individual,BMW X1,Kochi,Black,Diesel,Manual,Corporate,2,5636214.0,7.0,11272428.0,789069.96,10483358.04
1727,2024-03-24,Isaiah King,Luxury,BMW 3 Series,Delhi,Blue,Diesel,Manual,Online,1,4525921.0,2.0,4525921.0,90518.42,4435402.58
1728,2025-03-16,Alvin Wright,Luxury,BMW X5,Ahmedabad,Grey,Hybrid,Manual,Dealer,3,11138942.0,2.0,33416826.0,668336.52,32748489.48
1729,2025-11-12,Danielle Benjamin,Corporate,BMW 5 Series,Kochi,Red,Petrol,Automatic,Dealer,1,6724943.0,0.0,6724943.0,0.0,6724943.0
1730,2023-08-14,James Solis,Corporate,BMW X3,Ahmedabad,White,Petrol,Automatic,Dealer,3,7299897.0,10.0,21899691.0,2189969.1,19709721.9
1731,2026-08-03,Melanie Anderson,Individual,BMW X1,Kolkata,Grey,Petrol,Manual,Dealer,1,5781862.0,5.0,5781862.0,289093.1,5492768.9
1732,2025-10-07,Cole Keller,Individual,BMW X3,Hyderabad,Black,Petrol,Manual,Dealer,2,7050975.0,2.0,14101950.0,282039.0,13819911.0
1733,2024-02-18,Carolyn Anderson,Individual,BMW 5 Series,Bangalore,Red,Electric,Manual,Corporate,1,8020034.0,7.0,8020034.0,561402.38,7458631.62
1734,2025-10-07,Rachel Allen,Corporate,BMW i7,Ahmedabad,White,Diesel,Automatic,Corporate,3,14265431.0,12.0,42796293.0,5135555.16,37660737.84
1735,2024-10-27,Melissa Oconnell,Individual,BMW X7,Chennai,Grey,Hybrid,Automatic,Corporate,2,12155865.0,7.0,24311730.0,1701821.1,22609908.9
1736,2025-03-18,Emily Griffith,Corporate,BMW 3 Series,Bangalore,Blue,Hybrid,Automatic,Dealer,2,6113827.0,12.0,12227654.0,1467318.48,10760335.52
1737,2025-09-12,Pamela Jones,Luxury,BMW X3,Mumbai,Black,Petrol,Manual,Corporate,3,6992450.0,7.0,20977350.0,1468414.5,19508935.5
1738,2024-01-20,Lori Le,Corporate,BMW i4,Mumbai,Black,Electric,Manual,Corporate,2,7099183.0,5.0,14198366.0,709918.3,13488447.7
1739,2023-09-22,Reginald Lawrence,Luxury,BMW 7 Series,Pune,Red,Diesel,Manual,Corporate,3,17114457.0,10.0,51343371.0,5134337.1,46209033.9
1740,2024-12-01,Nicole Holland,Corporate,BMW X5,Kolkata,Blue,Hybrid,Manual,Dealer,3,10229652.0,7.0,30688956.0,2148226.92,28540729.08
1741,2025-08-14,Anthony Davis,Corporate,BMW i4,Jaipur,Black,Electric,Automatic,Online,2,7855272.0,7.0,15710544.0,1099738.08,14610805.92
1742,2025-03-22,Sandra Jones,Luxury,BMW i4,Ahmedabad,Black,Electric,Automatic,Online,3,8130809.0,2.0,24392427.0,487848.54,23904578.46
1743,2023-08-18,Kelly Jackson,Corporate,BMW i5,Hyderabad,White,Hybrid,Automatic,Dealer,3,10784881.0,2.0,32354643.0,647092.86,31707550.14
1744,2025-06-07,Kelli Trevino,Luxury,BMW i5,Jaipur,Red,Petrol,Manual,Corporate,3,9088035.0,0.0,27264105.0,0.0,27264105.0
1745,2025-09-30,Amanda Byrd,Luxury,BMW 7 Series,Mumbai,Blue,Electric,Manual,Corporate,2,16809342.0,0.0,33618684.0,0.0,33618684.0
1746,2024-07-29,Nicholas Murphy,Luxury,BMW X7,Mumbai,Grey,Petrol,Automatic,Corporate,2,14420194.0,12.0,28840388.0,3460846.56,25379541.44
1747,2024-05-21,Maria Klein,Individual,BMW i4,Hyderabad,Black,Petrol,Manual,Dealer,1,8455303.0,12.0,8455303.0,1014636.36,7440666.64
1748,2024-02-14,John Williams,Individual,BMW X3,Mumbai,Red,Petrol,Automatic,Dealer,2,7351695.0,2.0,14703390.0,294067.8,14409322.2
1749,2026-06-27,Christian Stevenson,Corporate,BMW 3 Series,Delhi,Silver,Petrol,Automatic,Online,1,4753913.0,2.0,4753913.0,95078.26,4658834.74
1750,2026-05-18,Mr. Daniel Brown,Corporate,BMW 5 Series,Kolkata,Grey,Petrol,Manual,Online,2,8481545.0,12.0,16963090.0,2035570.8,14927519.2
1751,2026-07-10,Ashley Nguyen,Luxury,BMW X5,Mumbai,Red,Hybrid,Automatic,Online,2,10774173.0,10.0,21548346.0,2154834.6,19393511.4
1752,2025-01-17,Stephen Garcia,Luxury,BMW 3 Series,Ahmedabad,Blue,Hybrid,Manual,Dealer,2,5170316.0,0.0,10340632.0,0.0,10340632.0
1753,2024-12-03,Scott Yang,Individual,BMW X7,Kochi,Grey,Petrol,Manual,Online,2,14601440.0,12.0,29202880.0,3504345.6,25698534.4
1754,2026-01-23,Kristina Brown,Corporate,BMW 5 Series,Ahmedabad,Black,Diesel,Automatic,Online,3,7028810.0,0.0,21086430.0,0.0,21086430.0
1755,2025-01-10,Emily Lynn,Luxury,BMW X5,Mumbai,Blue,Hybrid,Automatic,Online,1,11468300.0,5.0,11468300.0,573415.0,10894885.0
1756,2024-10-12,Rachael Pacheco DVM,Individual,BMW 5 Series,Chennai,Silver,Petrol,Manual,Corporate,1,7934082.0,10.0,7934082.0,793408.2,7140673.8
1757,2025-12-25,David Vaughn,Luxury,BMW 7 Series,Ahmedabad,Grey,Petrol,Manual,Dealer,3,16304695.0,10.0,48914085.0,4891408.5,44022676.5
1758,2023-09-02,Andrew Rose,Luxury,BMW i5,Ahmedabad,White,Petrol,Manual,Online,2,9364733.0,5.0,18729466.0,936473.3,17792992.7
1759,2024-01-22,Dennis Vargas,Individual,BMW X7,Bangalore,White,Hybrid,Manual,Dealer,1,14880678.0,0.0,14880678.0,0.0,14880678.0
1760,2024-02-26,Jane Johnson,Corporate,BMW X7,Hyderabad,Blue,Diesel,Automatic,Corporate,2,15239943.0,0.0,30479886.0,0.0,30479886.0
1761,2025-05-31,Sheila Crawford,Individual,BMW i7,Ahmedabad,Silver,Petrol,Automatic,Dealer,3,14959373.0,7.0,44878119.0,3141468.33,41736650.67
1762,2024-07-29,Christopher Cook,Individual,BMW 7 Series,Kochi,Grey,Electric,Manual,Corporate,1,18720863.0,7.0,18720863.0,1310460.41,17410402.59
1763,2026-02-01,Elizabeth Mann,Corporate,BMW i5,Pune,Grey,Hybrid,Automatic,Online,3,10331339.0,0.0,30994017.0,0.0,30994017.0
1764,2024-01-05,Justin Reeves,Corporate,BMW i5,Kolkata,Blue,Electric,Manual,Corporate,1,9140380.0,0.0,9140380.0,0.0,9140380.0
1765,2025-01-26,Sharon Case,Corporate,BMW X1,Hyderabad,Black,Diesel,Automatic,Corporate,1,5253778.0,2.0,5253778.0,105075.56,5148702.44
1766,2024-03-04,Angelica Schmidt,Individual,BMW i5,Pune,Black,Diesel,Manual,Corporate,2,10168886.0,7.0,20337772.0,1423644.04,18914127.96
1767,2024-06-04,Joy Hoffman,Corporate,BMW 3 Series,Mumbai,White,Hybrid,Automatic,Dealer,1,4924562.0,5.0,4924562.0,246228.1,4678333.9
1768,2025-10-30,David Reyes,Individual,BMW i5,Chennai,Blue,Petrol,Manual,Online,3,9236459.0,12.0,27709377.0,3325125.24,24384251.76
1769,2026-04-12,Shawn Tran,Individual,BMW X1,Ahmedabad,Grey,Hybrid,Manual,Dealer,1,5447869.0,12.0,5447869.0,653744.28,4794124.72
1770,2024-11-08,Jessica Olson,Luxury,BMW 7 Series,Kolkata,Red,Petrol,Automatic,Dealer,3,18639173.0,12.0,55917519.0,6710102.28,49207416.72
1771,2023-09-28,Kyle Miller,Individual,BMW i5,Hyderabad,Red,Petrol,Automatic,Corporate,1,10806036.0,7.0,10806036.0,756422.52,10049613.48
1772,2026-01-22,Jason Savage,Individual,BMW X7,Pune,Grey,Petrol,Manual,Online,1,15932615.0,5.0,15932615.0,796630.75,15135984.25
1773,2023-10-20,Mary Jimenez,Luxury,BMW X7,Chennai,Blue,Hybrid,Manual,Dealer,3,12807846.0,12.0,38423538.0,4610824.56,33812713.44
1774,2025-12-20,Darren Taylor,Luxury,BMW 7 Series,Ahmedabad,Silver,Diesel,Automatic,Corporate,2,18274392.0,12.0,36548784.0,4385854.08,32162929.92
1775,2026-08-04,Annette Woods,Luxury,BMW X3,Ahmedabad,Black,Hybrid,Automatic,Dealer,2,6657402.0,10.0,13314804.0,1331480.4,11983323.6
1776,2025-04-09,Abigail Guzman,Corporate,BMW 7 Series,Chennai,Blue,Hybrid,Manual,Corporate,2,17099767.0,7.0,34199534.0,2393967.38,31805566.62
1777,2026-03-14,Steven Turner,Luxury,BMW i7,Pune,Red,Hybrid,Manual,Corporate,2,17855936.0,7.0,35711872.0,2499831.04,33212040.96
1778,2026-01-03,Mr. Daniel Buckley,Individual,BMW i5,Kochi,White,Hybrid,Manual,Corporate,3,10256911.0,10.0,30770733.0,3077073.3,27693659.7
1779,2024-07-26,Krista Johnson,Luxury,BMW i4,Pune,Silver,Petrol,Manual,Online,3,8117234.0,10.0,24351702.0,2435170.2,21916531.8
1780,2024-10-07,Jeffery Brown,Luxury,BMW X3,Delhi,Blue,Electric,Automatic,Dealer,3,7746618.0,2.0,23239854.0,464797.08,22775056.92
1781,2025-10-28,Henry Hines,Corporate,BMW X5,Delhi,Silver,Hybrid,Manual,Corporate,2,10304662.0,10.0,20609324.0,2060932.4,18548391.6
1782,2025-03-29,Laura Russell,Luxury,BMW X7,Mumbai,Silver,Electric,Automatic,Corporate,3,15222542.0,2.0,45667626.0,913352.52,44754273.48
1783,2025-08-29,Joseph Harrison,Luxury,BMW X5,Jaipur,Grey,Diesel,Automatic,Corporate,2,11819044.0,2.0,23638088.0,472761.76,23165326.24
1784,2024-06-02,Timothy Henry,Corporate,BMW X3,Mumbai,Blue,Diesel,Manual,Dealer,3,6931455.0,12.0,20794365.0,2495323.8,18299041.2
1785,2024-10-03,Nicholas Flowers,Corporate,BMW X7,Ahmedabad,Grey,Electric,Automatic,Corporate,2,15007489.0,10.0,30014978.0,3001497.8,27013480.2
1786,2024-10-13,Amber Costa,Individual,BMW 5 Series,Delhi,Grey,Petrol,Automatic,Online,2,6760947.0,10.0,13521894.0,1352189.4,12169704.6
1787,2023-10-07,James Berry,Corporate,BMW i4,Ahmedabad,Red,Hybrid,Automatic,Dealer,3,8154784.0,5.0,24464352.0,1223217.6,23241134.4
1788,2025-10-21,James Mendez,Individual,BMW X7,Ahmedabad,Grey,Hybrid,Manual,Dealer,1,14496750.0,7.0,14496750.0,1014772.5,13481977.5
1789,2026-06-11,Rebecca Schaefer,Luxury,BMW 7 Series,Bangalore,Black,Electric,Automatic,Corporate,1,17031097.0,0.0,17031097.0,0.0,17031097.0
1790,2025-03-01,Matthew Ponce,Luxury,BMW X3,Hyderabad,Grey,Diesel,Automatic,Corporate,3,6701097.0,12.0,20103291.0,2412394.92,17690896.08
1791,2023-10-30,Henry Howard,Corporate,BMW 3 Series,Chennai,Silver,Electric,Manual,Dealer,2,4733689.0,10.0,9467378.0,946737.8,8520640.2
1792,2025-10-18,Karen Gill,Individual,BMW X1,Mumbai,Blue,Electric,Automatic,Dealer,3,6296694.0,10.0,18890082.0,1889008.2,17001073.8
1793,2024-04-24,Corey Glover,Individual,BMW i5,Kochi,Grey,Diesel,Automatic,Dealer,1,9664205.0,2.0,9664205.0,193284.1,9470920.9
1794,2023-08-25,Justin Page,Individual,BMW i7,Kochi,Black,Diesel,Manual,Dealer,2,15131326.0,0.0,30262652.0,0.0,30262652.0
1795,2025-09-28,Wanda Burns,Individual,BMW i4,Kochi,Blue,Petrol,Automatic,Corporate,1,7347377.0,2.0,7347377.0,146947.54,7200429.46
1796,2024-03-09,Christine Morrison,Individual,BMW X3,Kolkata,Grey,Diesel,Automatic,Dealer,3,7715588.0,7.0,23146764.0,1620273.48,21526490.52
1797,2024-01-19,Mark Thompson,Luxury,BMW X7,Ahmedabad,Grey,Hybrid,Automatic,Online,1,13856095.0,12.0,13856095.0,1662731.4,12193363.6
1798,2025-02-08,Christina Church DVM,Luxury,BMW X1,Ahmedabad,Blue,Petrol,Manual,Corporate,3,5915722.0,5.0,17747166.0,887358.3,16859807.7
1799,2025-06-20,Sean Davis,Individual,BMW X7,Ahmedabad,White,Petrol,Manual,Online,1,14544071.0,5.0,14544071.0,727203.55,13816867.45
1800,2024-01-20,Jeffrey Hansen,Individual,BMW X1,Mumbai,Blue,Diesel,Manual,Online,2,5658949.0,7.0,11317898.0,792252.86,10525645.14
1801,2024-07-20,James Mason,Luxury,BMW i7,Ahmedabad,White,Petrol,Manual,Dealer,3,14101820.0,10.0,42305460.0,4230546.0,38074914.0
1802,2026-07-01,Jason Navarro,Luxury,BMW X7,Kochi,Black,Hybrid,Manual,Online,2,13447807.0,7.0,26895614.0,1882692.98,25012921.02
1803,2023-12-14,Jacqueline Hall,Corporate,BMW X7,Bangalore,White,Electric,Manual,Online,2,13834430.0,5.0,27668860.0,1383443.0,26285417.0
1804,2023-12-16,John Murphy,Corporate,BMW 7 Series,Hyderabad,Red,Diesel,Automatic,Online,3,15838252.0,12.0,47514756.0,5701770.72,41812985.28
1805,2024-10-18,Jessica Kim,Individual,BMW 3 Series,Mumbai,Black,Petrol,Manual,Corporate,3,4688686.0,2.0,14066058.0,281321.16,13784736.84
1806,2024-03-30,William Dominguez,Individual,BMW X3,Ahmedabad,Grey,Electric,Automatic,Online,2,6812537.0,2.0,13625074.0,272501.48,13352572.52
1807,2026-07-11,Kevin Allen,Corporate,BMW X3,Hyderabad,Black,Petrol,Automatic,Corporate,1,7591584.0,2.0,7591584.0,151831.68,7439752.32
1808,2026-06-30,Tammy Bush,Individual,BMW i4,Kolkata,White,Petrol,Automatic,Online,1,7352166.0,0.0,7352166.0,0.0,7352166.0
1809,2025-09-12,John Butler,Luxury,BMW 7 Series,Jaipur,Blue,Diesel,Automatic,Dealer,2,15041338.0,10.0,30082676.0,3008267.6,27074408.4
1810,2025-09-25,Leah Rich,Corporate,BMW X1,Chennai,Red,Petrol,Automatic,Dealer,1,5682576.0,5.0,5682576.0,284128.8,5398447.2
1811,2024-12-06,Maria Berry,Corporate,BMW 7 Series,Chennai,White,Electric,Manual,Dealer,1,17934818.0,2.0,17934818.0,358696.36,17576121.64
1812,2025-09-04,Jessica Swanson,Individual,BMW i4,Hyderabad,White,Diesel,Automatic,Online,1,8489416.0,12.0,8489416.0,1018729.92,7470686.08
1813,2023-09-26,Donald Delgado,Luxury,BMW 7 Series,Chennai,Grey,Hybrid,Manual,Online,2,16409229.0,10.0,32818458.0,3281845.8,29536612.2
1814,2024-11-14,Briana Garrison,Luxury,BMW i5,Pune,Silver,Hybrid,Manual,Online,3,10649168.0,10.0,31947504.0,3194750.4,28752753.6
1815,2026-05-26,Scott Freeman,Corporate,BMW 7 Series,Jaipur,White,Petrol,Manual,Dealer,1,18192011.0,0.0,18192011.0,0.0,18192011.0
1816,2026-05-06,Stephanie Roach,Corporate,BMW i7,Kolkata,Blue,Petrol,Manual,Dealer,2,15604624.0,5.0,31209248.0,1560462.4,29648785.6
1817,2026-04-18,Melissa Walker,Corporate,BMW 3 Series,Mumbai,Grey,Diesel,Manual,Dealer,3,5413388.0,2.0,16240164.0,324803.28,15915360.72
1818,2026-06-09,Carlos Bush,Luxury,BMW 7 Series,Chennai,Grey,Hybrid,Manual,Online,2,15904813.0,5.0,31809626.0,1590481.3,30219144.7
1819,2025-08-11,Daniel Hines,Luxury,BMW X5,Mumbai,Black,Diesel,Automatic,Dealer,1,11443218.0,7.0,11443218.0,801025.26,10642192.74
1820,2025-04-15,Michael Hernandez,Luxury,BMW X3,Pune,Grey,Hybrid,Automatic,Online,2,6611399.0,7.0,13222798.0,925595.86,12297202.14
1821,2024-05-22,Kevin Henry,Corporate,BMW X5,Jaipur,Grey,Petrol,Manual,Dealer,2,11813606.0,0.0,23627212.0,0.0,23627212.0
1822,2024-04-05,Timothy Valenzuela,Individual,BMW X3,Jaipur,White,Electric,Automatic,Corporate,1,6848012.0,0.0,6848012.0,0.0,6848012.0
1823,2026-05-18,Carrie Ramirez,Corporate,BMW X1,Jaipur,Grey,Electric,Manual,Corporate,1,5778602.0,7.0,5778602.0,404502.14,5374099.86
1824,2026-06-18,James Jacobs,Corporate,BMW X5,Delhi,Red,Petrol,Manual,Online,1,11043367.0,10.0,11043367.0,1104336.7,9939030.3
1825,2026-01-08,Tiffany Price,Corporate,BMW i5,Chennai,Silver,Petrol,Automatic,Online,3,10397374.0,12.0,31192122.0,3743054.64,27449067.36
1826,2025-10-04,Sean Raymond,Corporate,BMW i4,Delhi,Black,Hybrid,Manual,Dealer,1,7301888.0,2.0,7301888.0,146037.76,7155850.24
1827,2026-01-01,Tammy Cox,Corporate,BMW 3 Series,Chennai,White,Hybrid,Automatic,Dealer,1,5135248.0,2.0,5135248.0,102704.96,5032543.04
1828,2025-08-11,Brian Ball,Individual,BMW X7,Jaipur,Black,Petrol,Automatic,Online,2,14383148.0,2.0,28766296.0,575325.92,28190970.08
1829,2023-08-28,Joel Dixon,Individual,BMW i4,Bangalore,Silver,Hybrid,Automatic,Corporate,2,7459474.0,2.0,14918948.0,298378.96,14620569.04
1830,2026-03-24,Thomas Johnson,Luxury,BMW i4,Pune,Grey,Electric,Manual,Corporate,3,8293519.0,5.0,24880557.0,1244027.85,23636529.15
1831,2025-08-19,Richard Hudson,Individual,BMW X5,Jaipur,Silver,Electric,Automatic,Dealer,3,10152626.0,12.0,30457878.0,3654945.36,26802932.64
1832,2025-06-22,Jacob Preston,Individual,BMW X7,Ahmedabad,Blue,Hybrid,Manual,Corporate,2,13141641.0,10.0,26283282.0,2628328.2,23654953.8
1833,2024-12-01,Timothy Horton,Corporate,BMW X3,Delhi,White,Diesel,Automatic,Dealer,1,6723339.0,10.0,6723339.0,672333.9,6051005.1
1834,2023-12-20,Richard Campbell,Luxury,BMW 5 Series,Jaipur,Silver,Hybrid,Manual,Online,2,7560831.0,7.0,15121662.0,1058516.34,14063145.66
1835,2025-07-27,Courtney Coleman,Individual,BMW X3,Bangalore,Grey,Petrol,Manual,Online,1,7008547.0,10.0,7008547.0,700854.7,6307692.3
1836,2025-03-15,Luke Smith,Individual,BMW X7,Kolkata,Black,Electric,Manual,Online,2,12646115.0,7.0,25292230.0,1770456.1,23521773.9
1837,2024-05-01,Michael Shaw,Individual,BMW X1,Ahmedabad,White,Hybrid,Manual,Online,2,6031506.0,10.0,12063012.0,1206301.2,10856710.8
1838,2024-11-07,Derek Brown,Individual,BMW X1,Kochi,Red,Electric,Manual,Dealer,2,5345808.0,2.0,10691616.0,213832.32,10477783.68
1839,2023-10-18,Melissa Sweeney,Individual,BMW 5 Series,Bangalore,White,Hybrid,Manual,Corporate,3,8169740.0,0.0,24509220.0,0.0,24509220.0
1840,2025-12-18,Lori Green,Corporate,BMW 7 Series,Chennai,Black,Diesel,Manual,Corporate,2,14017509.0,2.0,28035018.0,560700.36,27474317.64
1841,2026-03-21,Craig Duncan,Individual,BMW X5,Kochi,Blue,Electric,Automatic,Corporate,1,9867086.0,2.0,9867086.0,197341.72,9669744.28
1842,2025-03-11,Christopher Walker,Individual,BMW 5 Series,Chennai,White,Hybrid,Manual,Online,1,7788413.0,2.0,7788413.0,155768.26,7632644.74
1843,2026-04-29,Tina Flores,Individual,BMW i7,Delhi,Red,Electric,Automatic,Online,3,16581321.0,0.0,49743963.0,0.0,49743963.0
1844,2024-01-24,Thomas Patel,Luxury,BMW i7,Delhi,Red,Petrol,Manual,Dealer,3,14660158.0,12.0,43980474.0,5277656.88,38702817.12
1845,2025-07-17,Curtis Hendrix,Corporate,BMW X3,Chennai,White,Hybrid,Manual,Corporate,2,7325005.0,12.0,14650010.0,1758001.2,12892008.8
1846,2025-02-05,Jessica Martinez,Luxury,BMW X3,Delhi,Grey,Diesel,Manual,Online,3,7870466.0,7.0,23611398.0,1652797.86,21958600.14
1847,2025-12-02,Kristin Holland,Individual,BMW X1,Mumbai,White,Petrol,Automatic,Corporate,1,5967388.0,12.0,5967388.0,716086.56,5251301.44
1848,2024-02-06,James West,Corporate,BMW 5 Series,Hyderabad,White,Petrol,Manual,Corporate,2,6725809.0,2.0,13451618.0,269032.36,13182585.64
1849,2026-02-10,Melissa Pacheco,Luxury,BMW X5,Kochi,Grey,Hybrid,Automatic,Corporate,3,10503504.0,7.0,31510512.0,2205735.84,29304776.16
1850,2025-08-10,Linda Zhang,Individual,BMW i5,Kochi,Grey,Petrol,Manual,Online,3,9634484.0,2.0,28903452.0,578069.04,28325382.96
1851,2023-10-22,Jennifer Sullivan,Corporate,BMW X1,Pune,Blue,Hybrid,Automatic,Online,1,5138528.0,0.0,5138528.0,0.0,5138528.0
1852,2024-02-13,George Vasquez,Luxury,BMW X7,Pune,Silver,Hybrid,Manual,Corporate,1,13885810.0,5.0,13885810.0,694290.5,13191519.5
1853,2024-06-02,Kathy Everett,Individual,BMW 7 Series,Chennai,Black,Hybrid,Manual,Dealer,2,15377234.0,7.0,30754468.0,2152812.76,28601655.24
1854,2025-03-11,Victoria Davis,Corporate,BMW 7 Series,Mumbai,Blue,Diesel,Automatic,Dealer,3,18301547.0,7.0,54904641.0,3843324.87,51061316.13
1855,2026-07-05,Laura Jones,Individual,BMW 3 Series,Pune,Blue,Electric,Automatic,Online,2,5991840.0,10.0,11983680.0,1198368.0,10785312.0
1856,2026-06-06,Jessica Cole,Luxury,BMW i5,Mumbai,Silver,Electric,Manual,Corporate,1,9442628.0,5.0,9442628.0,472131.4,8970496.6
1857,2024-08-10,Elizabeth Thomas,Luxury,BMW i7,Kochi,Black,Hybrid,Manual,Online,2,14824856.0,12.0,29649712.0,3557965.44,26091746.56
1858,2025-11-18,Jerry Garcia,Corporate,BMW 3 Series,Delhi,Red,Petrol,Manual,Online,1,5197524.0,7.0,5197524.0,363826.68,4833697.32
1859,2023-11-19,Anthony Duarte MD,Corporate,BMW i7,Kochi,White,Hybrid,Manual,Corporate,2,14968654.0,10.0,29937308.0,2993730.8,26943577.2
1860,2024-01-15,Barbara Mckenzie,Luxury,BMW 3 Series,Mumbai,Grey,Electric,Automatic,Dealer,3,5901803.0,5.0,17705409.0,885270.45,16820138.55
1861,2024-11-20,Dennis Farley,Individual,BMW 3 Series,Mumbai,Grey,Petrol,Manual,Dealer,2,6496506.0,2.0,12993012.0,259860.24,12733151.76
1862,2024-02-01,Jennifer Mendez,Corporate,BMW X3,Jaipur,Red,Electric,Automatic,Corporate,2,7646189.0,0.0,15292378.0,0.0,15292378.0
1863,2025-09-09,Robert Stephens,Luxury,BMW X1,Jaipur,Black,Diesel,Manual,Corporate,3,6386822.0,5.0,19160466.0,958023.3,18202442.7
1864,2025-10-26,Christian Smith,Corporate,BMW X5,Hyderabad,Black,Hybrid,Automatic,Corporate,3,11786160.0,2.0,35358480.0,707169.6,34651310.4
1865,2024-09-09,Duane Morris,Luxury,BMW X1,Ahmedabad,Silver,Electric,Automatic,Online,1,5043391.0,2.0,5043391.0,100867.82,4942523.18
1866,2025-07-02,John Soto,Individual,BMW X3,Kolkata,Silver,Diesel,Manual,Online,2,6839448.0,2.0,13678896.0,273577.92,13405318.08
1867,2024-09-18,Victoria Johnson,Individual,BMW X3,Jaipur,Black,Petrol,Automatic,Dealer,3,7950301.0,12.0,23850903.0,2862108.36,20988794.64
1868,2023-08-27,Miranda Turner,Luxury,BMW X1,Bangalore,Grey,Electric,Automatic,Corporate,1,5566338.0,0.0,5566338.0,0.0,5566338.0
1869,2024-02-16,Christopher Hernandez,Corporate,BMW i4,Jaipur,Red,Electric,Automatic,Dealer,2,7256057.0,12.0,14512114.0,1741453.68,12770660.32
1870,2024-10-11,Sandra Bell,Individual,BMW X5,Hyderabad,Blue,Petrol,Automatic,Dealer,1,11126889.0,10.0,11126889.0,1112688.9,10014200.1
1871,2023-10-27,Benjamin Yates,Luxury,BMW 7 Series,Pune,Red,Diesel,Manual,Online,3,15345027.0,12.0,46035081.0,5524209.72,40510871.28
1872,2025-10-02,Tanner Stevens,Individual,BMW 3 Series,Pune,Black,Hybrid,Automatic,Dealer,2,6289932.0,7.0,12579864.0,880590.48,11699273.52
1873,2024-02-27,Cheryl Guerrero,Luxury,BMW i7,Ahmedabad,Silver,Petrol,Automatic,Online,3,17244140.0,12.0,51732420.0,6207890.4,45524529.6
1874,2025-10-23,Derek Whitaker,Individual,BMW i5,Ahmedabad,Blue,Diesel,Automatic,Online,2,9812175.0,12.0,19624350.0,2354922.0,17269428.0
1875,2025-10-24,Sandra Olson,Corporate,BMW X1,Chennai,Silver,Electric,Manual,Corporate,2,6197346.0,0.0,12394692.0,0.0,12394692.0
1876,2025-04-18,Brenda Thompson,Luxury,BMW 3 Series,Pune,White,Petrol,Automatic,Dealer,2,6307759.0,0.0,12615518.0,0.0,12615518.0
1877,2024-06-22,Matthew Peters,Luxury,BMW i4,Ahmedabad,Blue,Petrol,Automatic,Online,3,8160952.0,12.0,24482856.0,2937942.72,21544913.28
1878,2026-05-10,Deanna Hicks,Corporate,BMW X1,Delhi,Black,Petrol,Automatic,Corporate,2,6126341.0,5.0,12252682.0,612634.1,11640047.9
1879,2024-09-13,Karen Bell,Luxury,BMW 7 Series,Delhi,Blue,Hybrid,Automatic,Online,1,17184157.0,5.0,17184157.0,859207.85,16324949.15
1880,2026-03-06,Carmen Garcia,Corporate,BMW 5 Series,Ahmedabad,Grey,Petrol,Automatic,Online,3,7146730.0,5.0,21440190.0,1072009.5,20368180.5
1881,2025-10-12,Michael Johnston,Individual,BMW 7 Series,Bangalore,Red,Petrol,Manual,Dealer,3,15152802.0,10.0,45458406.0,4545840.6,40912565.4
1882,2024-06-04,Breanna Alvarado,Individual,BMW X3,Pune,Red,Diesel,Automatic,Dealer,1,7167548.0,2.0,7167548.0,143350.96,7024197.04
1883,2025-09-22,Mindy Ponce,Individual,BMW X3,Delhi,Silver,Electric,Manual,Online,3,7653870.0,0.0,22961610.0,0.0,22961610.0
1884,2024-01-16,Mary Jones,Luxury,BMW 3 Series,Delhi,Silver,Electric,Manual,Dealer,2,6426943.0,0.0,12853886.0,0.0,12853886.0
1885,2023-10-27,Bailey English,Corporate,BMW 7 Series,Bangalore,Black,Hybrid,Automatic,Online,3,14791171.0,0.0,44373513.0,0.0,44373513.0
1886,2024-09-17,Scott Gordon,Corporate,BMW X7,Jaipur,Red,Diesel,Automatic,Dealer,2,12448333.0,2.0,24896666.0,497933.32,24398732.68
1887,2025-05-05,Samantha Griffin,Individual,BMW 7 Series,Kochi,Grey,Diesel,Automatic,Corporate,3,14871356.0,0.0,44614068.0,0.0,44614068.0
1888,2024-03-03,Matthew Hart,Corporate,BMW i5,Mumbai,Red,Electric,Automatic,Corporate,1,9855450.0,12.0,9855450.0,1182654.0,8672796.0
1889,2025-05-09,Deborah Sanchez,Luxury,BMW X1,Chennai,Silver,Hybrid,Automatic,Online,1,5901194.0,10.0,5901194.0,590119.4,5311074.6
1890,2025-02-26,Robert Smith,Individual,BMW X5,Hyderabad,Red,Electric,Manual,Corporate,3,11196682.0,7.0,33590046.0,2351303.22,31238742.78
1891,2023-11-10,Amanda Petersen,Corporate,BMW 5 Series,Kolkata,Grey,Petrol,Automatic,Corporate,3,7034772.0,10.0,21104316.0,2110431.6,18993884.4
1892,2023-11-13,Jesse Howell MD,Individual,BMW X1,Delhi,White,Petrol,Automatic,Corporate,1,6449761.0,10.0,6449761.0,644976.1,5804784.9
1893,2023-11-16,Brian Smith,Individual,BMW 3 Series,Mumbai,Silver,Petrol,Manual,Dealer,3,5024279.0,0.0,15072837.0,0.0,15072837.0
1894,2025-05-07,Christopher Anderson,Corporate,BMW X3,Bangalore,White,Petrol,Automatic,Dealer,1,7704970.0,12.0,7704970.0,924596.4,6780373.6
1895,2024-07-16,Heather Marshall,Corporate,BMW X5,Mumbai,Silver,Petrol,Manual,Online,1,11375166.0,2.0,11375166.0,227503.32,11147662.68
1896,2025-01-15,Jasmine Soto,Individual,BMW X7,Jaipur,Silver,Diesel,Automatic,Online,2,14853445.0,7.0,29706890.0,2079482.3,27627407.7
1897,2025-07-23,Tara Adams,Corporate,BMW X5,Mumbai,Blue,Hybrid,Automatic,Dealer,2,10518244.0,7.0,21036488.0,1472554.16,19563933.84
1898,2026-07-10,Ryan Thompson,Individual,BMW X7,Ahmedabad,Silver,Hybrid,Manual,Online,1,12665238.0,0.0,12665238.0,0.0,12665238.0
1899,2023-08-17,Christopher Stone,Corporate,BMW 5 Series,Delhi,White,Hybrid,Automatic,Corporate,2,6795064.0,5.0,13590128.0,679506.4,12910621.6
1900,2026-02-04,Karen Morton,Individual,BMW 5 Series,Kochi,Silver,Diesel,Manual,Corporate,2,7453006.0,5.0,14906012.0,745300.6,14160711.4
1901,2024-06-30,Angela Smith,Individual,BMW X3,Ahmedabad,Grey,Diesel,Manual,Dealer,2,7319136.0,2.0,14638272.0,292765.44,14345506.56
1902,2025-10-10,Erica Parker,Corporate,BMW X1,Ahmedabad,Red,Diesel,Automatic,Corporate,1,5806526.0,10.0,5806526.0,580652.6,5225873.4
1903,2025-09-02,Courtney Johnson,Individual,BMW X5,Jaipur,Blue,Electric,Manual,Dealer,3,10568755.0,0.0,31706265.0,0.0,31706265.0
1904,2026-04-23,Candice Blackwell,Luxury,BMW i7,Bangalore,White,Diesel,Manual,Dealer,2,15011774.0,5.0,30023548.0,1501177.4,28522370.6
1905,2025-11-28,Chad Fox,Corporate,BMW 7 Series,Chennai,Grey,Electric,Automatic,Dealer,3,16746234.0,10.0,50238702.0,5023870.2,45214831.8
1906,2024-04-29,John Khan,Luxury,BMW 7 Series,Bangalore,Blue,Electric,Automatic,Online,3,16569749.0,7.0,49709247.0,3479647.29,46229599.71
1907,2025-07-10,Robert Townsend,Individual,BMW i7,Kochi,Grey,Hybrid,Automatic,Online,2,16365679.0,0.0,32731358.0,0.0,32731358.0
1908,2025-09-01,Amanda Ryan,Individual,BMW 3 Series,Pune,Red,Electric,Manual,Online,2,5248432.0,2.0,10496864.0,209937.28,10286926.72
1909,2026-06-27,Angela Smith,Corporate,BMW i5,Chennai,Red,Diesel,Automatic,Dealer,1,10446467.0,0.0,10446467.0,0.0,10446467.0
1910,2024-01-03,Kathryn Moreno,Luxury,BMW X1,Ahmedabad,Black,Petrol,Manual,Dealer,3,5864781.0,12.0,17594343.0,2111321.16,15483021.84
1911,2025-11-26,April Simmons,Luxury,BMW X1,Mumbai,Black,Electric,Automatic,Online,2,5458165.0,0.0,10916330.0,0.0,10916330.0
1912,2024-12-09,Abigail Young,Individual,BMW 5 Series,Delhi,White,Petrol,Manual,Corporate,3,7848509.0,7.0,23545527.0,1648186.89,21897340.11
1913,2024-07-14,Angelica English,Corporate,BMW 5 Series,Bangalore,Red,Diesel,Automatic,Corporate,2,8189079.0,10.0,16378158.0,1637815.8,14740342.2
1914,2023-08-17,Christopher Parker,Individual,BMW X3,Jaipur,Silver,Petrol,Manual,Online,3,6850303.0,12.0,20550909.0,2466109.08,18084799.92
1915,2026-07-28,Ms. Andrea Joyce,Corporate,BMW X5,Bangalore,White,Electric,Automatic,Corporate,3,9872077.0,10.0,29616231.0,2961623.1,26654607.9
1916,2025-02-07,Geoffrey Wilson,Luxury,BMW X5,Pune,White,Petrol,Automatic,Corporate,3,11397317.0,12.0,34191951.0,4103034.12,30088916.88
1917,2024-11-20,Clarence Ward,Individual,BMW 3 Series,Delhi,White,Petrol,Automatic,Dealer,1,4903795.0,2.0,4903795.0,98075.9,4805719.1
1918,2025-12-16,Sarah Garcia,Luxury,BMW X1,Hyderabad,Silver,Hybrid,Automatic,Dealer,2,5618659.0,0.0,11237318.0,0.0,11237318.0
1919,2025-03-14,Thomas Parker,Individual,BMW 3 Series,Bangalore,Blue,Electric,Manual,Corporate,3,6021995.0,2.0,18065985.0,361319.7,17704665.3
1920,2025-04-02,Grant Gomez PhD,Luxury,BMW 5 Series,Hyderabad,White,Electric,Automatic,Dealer,2,7493483.0,0.0,14986966.0,0.0,14986966.0
1921,2025-06-19,Jacob Martin,Individual,BMW X7,Bangalore,Black,Diesel,Manual,Online,1,12355791.0,2.0,12355791.0,247115.82,12108675.18
1922,2023-12-12,Melissa Hansen,Individual,BMW X1,Hyderabad,Silver,Electric,Manual,Corporate,3,5558136.0,10.0,16674408.0,1667440.8,15006967.2
1923,2024-04-05,Jennifer Mills,Corporate,BMW i5,Kochi,White,Hybrid,Manual,Online,2,9452119.0,7.0,18904238.0,1323296.66,17580941.34
1924,2024-06-12,Tina Calhoun,Corporate,BMW i7,Mumbai,White,Hybrid,Manual,Corporate,3,17884819.0,0.0,53654457.0,0.0,53654457.0
1925,2025-02-04,Jamie Porter,Luxury,BMW i4,Bangalore,White,Petrol,Automatic,Corporate,1,8219289.0,12.0,8219289.0,986314.68,7232974.32
1926,2026-07-10,Russell Garrett,Luxury,BMW i5,Bangalore,Silver,Diesel,Automatic,Dealer,2,10174541.0,7.0,20349082.0,1424435.74,18924646.26
1927,2025-04-01,Lori Hughes,Luxury,BMW i5,Mumbai,Black,Petrol,Automatic,Corporate,1,10675504.0,2.0,10675504.0,213510.08,10461993.92
1928,2024-03-25,Renee Wood,Luxury,BMW 5 Series,Pune,Blue,Electric,Manual,Dealer,3,7601163.0,0.0,22803489.0,0.0,22803489.0
1929,2025-12-20,Megan Moses,Luxury,BMW 7 Series,Chennai,White,Diesel,Automatic,Dealer,2,17587981.0,2.0,35175962.0,703519.24,34472442.76
1930,2025-06-06,Robert Miller,Corporate,BMW i7,Ahmedabad,Silver,Petrol,Manual,Dealer,2,14299621.0,12.0,28599242.0,3431909.04,25167332.96
1931,2025-07-26,Andrew Brandt,Individual,BMW X3,Pune,Black,Petrol,Automatic,Online,1,6562830.0,0.0,6562830.0,0.0,6562830.0
1932,2026-02-25,Pamela Clark,Corporate,BMW 7 Series,Kochi,White,Hybrid,Automatic,Corporate,1,14680007.0,12.0,14680007.0,1761600.84,12918406.16
1933,2026-03-26,Bailey Smith,Luxury,BMW X5,Chennai,Blue,Electric,Manual,Dealer,3,9608386.0,2.0,28825158.0,576503.16,28248654.84
1934,2024-09-26,Matthew Smith,Luxury,BMW i5,Delhi,White,Petrol,Automatic,Corporate,2,10578168.0,5.0,21156336.0,1057816.8,20098519.2
1935,2024-01-10,Mary Cook,Individual,BMW i7,Jaipur,Red,Petrol,Automatic,Online,2,15999753.0,7.0,31999506.0,2239965.42,29759540.58
1936,2024-03-16,William Walters,Luxury,BMW i5,Kochi,Grey,Hybrid,Automatic,Online,1,10653205.0,5.0,10653205.0,532660.25,10120544.75
1937,2025-09-15,Anthony Wilson,Corporate,BMW i4,Chennai,Black,Electric,Automatic,Online,3,7092581.0,0.0,21277743.0,0.0,21277743.0
1938,2023-10-22,Patricia Perez,Corporate,BMW X5,Bangalore,Blue,Diesel,Manual,Corporate,3,11016101.0,10.0,33048303.0,3304830.3,29743472.7
1939,2025-04-10,Jonathan Burton,Corporate,BMW 5 Series,Mumbai,Red,Diesel,Manual,Corporate,1,7366065.0,5.0,7366065.0,368303.25,6997761.75
1940,2025-01-04,Charles Henderson,Luxury,BMW 3 Series,Pune,Grey,Petrol,Automatic,Online,1,5150382.0,10.0,5150382.0,515038.2,4635343.8
1941,2026-05-19,Ashley Carey,Individual,BMW 3 Series,Kolkata,Red,Hybrid,Manual,Corporate,1,4936032.0,7.0,4936032.0,345522.24,4590509.76
1942,2025-04-04,Grace Orr,Corporate,BMW i5,Hyderabad,Blue,Petrol,Automatic,Online,1,9263751.0,0.0,9263751.0,0.0,9263751.0
1943,2026-06-05,Karen Patterson,Luxury,BMW i5,Bangalore,Silver,Petrol,Manual,Corporate,3,10866895.0,10.0,32600685.0,3260068.5,29340616.5
1944,2023-11-21,Samuel Washington,Luxury,BMW X3,Hyderabad,White,Diesel,Manual,Dealer,2,7648143.0,7.0,15296286.0,1070740.02,14225545.98
1945,2025-08-30,David Rodriguez,Luxury,BMW i5,Bangalore,White,Petrol,Automatic,Online,2,9838249.0,2.0,19676498.0,393529.96,19282968.04
1946,2024-05-30,Lisa Rodriguez,Corporate,BMW i7,Delhi,Red,Electric,Manual,Dealer,1,17045021.0,10.0,17045021.0,1704502.1,15340518.9
1947,2024-08-10,Mr. Shane Morris DDS,Individual,BMW 3 Series,Mumbai,White,Electric,Manual,Dealer,2,6344332.0,12.0,12688664.0,1522639.68,11166024.32
1948,2023-12-03,Chad Mclaughlin,Individual,BMW X3,Delhi,Grey,Electric,Manual,Online,2,6672319.0,0.0,13344638.0,0.0,13344638.0
1949,2025-06-16,Jennifer Miller,Luxury,BMW X5,Delhi,White,Electric,Manual,Corporate,1,9677499.0,7.0,9677499.0,677424.93,9000074.07
1950,2025-12-19,Joe Clark,Corporate,BMW 7 Series,Delhi,Silver,Petrol,Manual,Online,3,15607861.0,0.0,46823583.0,0.0,46823583.0
1951,2026-01-20,Evan Brown,Luxury,BMW X7,Delhi,Red,Petrol,Automatic,Dealer,2,15620037.0,10.0,31240074.0,3124007.4,28116066.6
1952,2025-06-25,Amy Weiss,Corporate,BMW X5,Mumbai,Red,Diesel,Manual,Corporate,3,11832411.0,10.0,35497233.0,3549723.3,31947509.7
1953,2024-10-30,Dawn Harris,Luxury,BMW 7 Series,Ahmedabad,Blue,Petrol,Manual,Corporate,3,14516151.0,12.0,43548453.0,5225814.36,38322638.64
1954,2025-03-11,Rhonda Drake,Luxury,BMW 3 Series,Delhi,White,Electric,Automatic,Online,1,5000835.0,2.0,5000835.0,100016.7,4900818.3
1955,2025-01-22,Toni Logan,Individual,BMW i7,Pune,Grey,Diesel,Automatic,Dealer,3,17705584.0,0.0,53116752.0,0.0,53116752.0
1956,2025-12-10,Lauren Porter,Luxury,BMW 5 Series,Kochi,Silver,Petrol,Automatic,Dealer,3,7453667.0,7.0,22361001.0,1565270.07,20795730.93
1957,2025-06-04,Ryan Fowler,Individual,BMW X1,Kochi,White,Hybrid,Automatic,Online,3,5191718.0,12.0,15575154.0,1869018.48,13706135.52
1958,2026-03-24,Crystal Atkins,Luxury,BMW X5,Mumbai,Silver,Petrol,Automatic,Corporate,2,9664463.0,0.0,19328926.0,0.0,19328926.0
1959,2023-09-30,Steven Brown,Individual,BMW i4,Pune,Red,Hybrid,Automatic,Dealer,1,7816506.0,7.0,7816506.0,547155.42,7269350.58
1960,2025-02-26,David Alvarez,Luxury,BMW X1,Chennai,Blue,Hybrid,Automatic,Dealer,3,5061652.0,0.0,15184956.0,0.0,15184956.0
1961,2026-04-11,Laura Harrison,Corporate,BMW i7,Jaipur,Silver,Hybrid,Manual,Corporate,1,17876906.0,2.0,17876906.0,357538.12,17519367.88
1962,2024-09-02,Morgan Robinson,Luxury,BMW i4,Delhi,Silver,Hybrid,Automatic,Corporate,3,7594855.0,0.0,22784565.0,0.0,22784565.0
1963,2026-01-04,Rebecca Levine,Corporate,BMW X1,Kolkata,White,Petrol,Automatic,Corporate,3,5771552.0,5.0,17314656.0,865732.8,16448923.2
1964,2024-10-26,Marie Johnson,Luxury,BMW 5 Series,Bangalore,Red,Electric,Automatic,Online,3,8326287.0,12.0,24978861.0,2997463.32,21981397.68
1965,2026-03-23,Sean Castillo,Corporate,BMW X1,Mumbai,Blue,Petrol,Automatic,Dealer,3,5832573.0,7.0,17497719.0,1224840.33,16272878.67
1966,2025-07-22,Kyle Robertson,Individual,BMW 7 Series,Hyderabad,Red,Diesel,Automatic,Online,3,15808463.0,10.0,47425389.0,4742538.9,42682850.1
1967,2026-07-03,Lauren Martin,Luxury,BMW X3,Pune,Black,Electric,Automatic,Corporate,2,7208197.0,0.0,14416394.0,0.0,14416394.0
1968,2023-12-01,Lynn Sullivan,Luxury,BMW X3,Hyderabad,Silver,Petrol,Manual,Dealer,3,7589848.0,7.0,22769544.0,1593868.08,21175675.92
1969,2024-12-26,Brenda Hicks,Individual,BMW X5,Mumbai,Grey,Petrol,Automatic,Corporate,2,11565172.0,7.0,23130344.0,1619124.08,21511219.92
1970,2024-08-15,Lisa Jenkins,Corporate,BMW 7 Series,Kolkata,Black,Diesel,Manual,Online,1,14150733.0,2.0,14150733.0,283014.66,13867718.34
1971,2025-05-18,Julie Roach,Corporate,BMW i7,Bangalore,White,Hybrid,Automatic,Corporate,1,17431663.0,7.0,17431663.0,1220216.41,16211446.59
1972,2026-05-10,Danny Wilson,Corporate,BMW X1,Bangalore,Blue,Electric,Automatic,Corporate,1,5368067.0,5.0,5368067.0,268403.35,5099663.65
1973,2026-01-06,Stacey Smith,Luxury,BMW i5,Hyderabad,Grey,Hybrid,Manual,Corporate,3,9914862.0,0.0,29744586.0,0.0,29744586.0
1974,2024-05-04,Dr. Kristen Parker,Individual,BMW 7 Series,Kochi,Blue,Petrol,Automatic,Online,3,15768810.0,5.0,47306430.0,2365321.5,44941108.5
1975,2026-02-04,John Williams,Individual,BMW i5,Chennai,White,Electric,Manual,Online,3,10664743.0,7.0,31994229.0,2239596.03,29754632.97
1976,2024-08-01,Ruth Moyer,Luxury,BMW i5,Jaipur,White,Diesel,Manual,Corporate,2,9286251.0,0.0,18572502.0,0.0,18572502.0
1977,2024-12-03,Tamara Garrett,Luxury,BMW 5 Series,Chennai,Grey,Petrol,Automatic,Online,3,6714905.0,5.0,20144715.0,1007235.75,19137479.25
1978,2024-09-28,Bridget Riddle,Luxury,BMW i7,Kochi,Blue,Diesel,Automatic,Online,1,16967668.0,5.0,16967668.0,848383.4,16119284.6
1979,2023-12-30,Laura Hawkins,Luxury,BMW X3,Kochi,Silver,Hybrid,Manual,Online,2,6847290.0,10.0,13694580.0,1369458.0,12325122.0
1980,2025-03-08,Christopher Miller,Luxury,BMW i5,Kochi,Silver,Hybrid,Automatic,Online,3,10592775.0,12.0,31778325.0,3813399.0,27964926.0
1981,2023-10-25,Mr. Troy Clay,Corporate,BMW 7 Series,Jaipur,Silver,Diesel,Automatic,Corporate,3,17071744.0,7.0,51215232.0,3585066.24,47630165.76
1982,2024-07-02,Natalie Perkins,Individual,BMW 5 Series,Delhi,Red,Diesel,Automatic,Dealer,3,6544613.0,5.0,19633839.0,981691.95,18652147.05
1983,2024-09-19,Daniel Smith,Luxury,BMW 7 Series,Mumbai,Grey,Petrol,Manual,Corporate,1,16469871.0,7.0,16469871.0,1152890.97,15316980.03
1984,2026-02-02,Vickie Cruz,Corporate,BMW 3 Series,Jaipur,Silver,Petrol,Manual,Dealer,1,5491905.0,7.0,5491905.0,384433.35,5107471.65
1985,2024-01-24,Joshua Fernandez,Corporate,BMW i4,Hyderabad,Silver,Diesel,Automatic,Corporate,2,7452789.0,10.0,14905578.0,1490557.8,13415020.2
1986,2023-10-15,Jessica Hernandez,Individual,BMW i7,Pune,White,Petrol,Manual,Online,1,16727092.0,10.0,16727092.0,1672709.2,15054382.8
1987,2024-01-22,Kelly Bradley,Individual,BMW X7,Bangalore,Red,Hybrid,Manual,Corporate,3,12597504.0,10.0,37792512.0,3779251.2,34013260.8
1988,2025-06-07,Jason Blake,Luxury,BMW 7 Series,Kolkata,Silver,Diesel,Manual,Online,2,18953574.0,10.0,37907148.0,3790714.8,34116433.2
1989,2025-06-14,Sandra Johnson,Individual,BMW 5 Series,Jaipur,Blue,Hybrid,Automatic,Dealer,3,7302021.0,7.0,21906063.0,1533424.41,20372638.59
1990,2023-08-11,Daniel Walker,Luxury,BMW i5,Ahmedabad,Silver,Diesel,Automatic,Online,2,10696055.0,0.0,21392110.0,0.0,21392110.0
1991,2026-07-01,Bryan Hodges,Luxury,BMW i7,Pune,White,Electric,Manual,Dealer,1,17874807.0,5.0,17874807.0,893740.35,16981066.65
1992,2025-07-05,Jonathan Dougherty,Individual,BMW X1,Kochi,Silver,Petrol,Automatic,Online,3,5651674.0,5.0,16955022.0,847751.1,16107270.9
1993,2025-08-24,Eileen Townsend,Individual,BMW X1,Chennai,Grey,Hybrid,Manual,Dealer,3,5013659.0,10.0,15040977.0,1504097.7,13536879.3
1994,2024-06-11,Adam Krause,Individual,BMW 5 Series,Kolkata,Black,Diesel,Manual,Dealer,1,7556753.0,0.0,7556753.0,0.0,7556753.0
1995,2023-09-16,Jared Goodwin,Corporate,BMW 5 Series,Kolkata,Silver,Electric,Automatic,Corporate,1,7606902.0,10.0,7606902.0,760690.2,6846211.8
1996,2023-11-15,Kristi Parker DVM,Individual,BMW i7,Bangalore,Black,Hybrid,Manual,Corporate,3,17598028.0,5.0,52794084.0,2639704.2,50154379.8
1997,2026-02-07,Timothy Bauer,Individual,BMW i5,Mumbai,Silver,Hybrid,Automatic,Corporate,3,10828382.0,7.0,32485146.0,2273960.22,30211185.78
1998,2024-04-03,Megan Rodriguez,Luxury,BMW X5,Mumbai,Grey,Hybrid,Manual,Online,2,10673567.0,0.0,21347134.0,0.0,21347134.0
1999,2024-02-06,Alfred Lambert,Luxury,BMW X7,Hyderabad,White,Hybrid,Manual,Dealer,3,12244032.0,7.0,36732096.0,2571246.72,34160849.28
2000,2024-08-20,Caitlyn Williams,Corporate,BMW i7,Hyderabad,Black,Hybrid,Manual,Dealer,1,15445149.0,10.0,15445149.0,1544514.9,13900634.1
2001,2024-07-26,Robert Simmons,Individual,BMW 7 Series,Kochi,Grey,Electric,Automatic,Dealer,2,14560309.0,0.0,29120618.0,0.0,29120618.0
2002,2024-11-03,Steven Cabrera,Individual,BMW X1,Ahmedabad,Blue,Electric,Automatic,Online,1,5486776.0,2.0,5486776.0,109735.52,5377040.48
2003,2024-03-12,Crystal Martin,Individual,BMW X7,Bangalore,Grey,Petrol,Automatic,Corporate,3,13959548.0,0.0,41878644.0,0.0,41878644.0
2004,2026-02-09,Cindy Rivera,Corporate,BMW 5 Series,Bangalore,Grey,Petrol,Automatic,Dealer,1,7764429.0,0.0,7764429.0,0.0,7764429.0
2005,2024-07-28,Teresa Mcmillan,Individual,BMW i5,Pune,Red,Electric,Manual,Dealer,2,9277571.0,7.0,18555142.0,1298859.94,17256282.06
2006,2025-03-27,Margaret Morris,Luxury,BMW X1,Ahmedabad,Blue,Electric,Manual,Dealer,3,5155893.0,10.0,15467679.0,1546767.9,13920911.1
2007,2026-06-23,Stephanie Mitchell,Individual,BMW 7 Series,Kochi,Grey,Electric,Automatic,Online,1,16709710.0,2.0,16709710.0,334194.2,16375515.8
2008,2024-12-19,Robert Martin,Corporate,BMW X3,Delhi,White,Electric,Automatic,Online,1,6610939.0,7.0,6610939.0,462765.73,6148173.27
2009,2025-05-18,David Andersen,Individual,BMW i5,Bangalore,Silver,Hybrid,Automatic,Dealer,1,10945494.0,7.0,10945494.0,766184.58,10179309.42
2010,2026-06-16,Mary Evans,Luxury,BMW 3 Series,Hyderabad,Red,Diesel,Automatic,Dealer,1,5840211.0,7.0,5840211.0,408814.77,5431396.23
2011,2025-07-21,Jennifer Willis,Luxury,BMW X3,Jaipur,Red,Electric,Manual,Corporate,1,7380526.0,10.0,7380526.0,738052.6,6642473.4
2012,2025-12-22,Joseph Ross,Luxury,BMW i7,Ahmedabad,Red,Diesel,Automatic,Dealer,2,14980898.0,2.0,29961796.0,599235.92,29362560.08
2013,2026-08-10,Colleen Wilkins,Corporate,BMW i5,Pune,White,Hybrid,Automatic,Corporate,1,9856529.0,5.0,9856529.0,492826.45,9363702.55
2014,2024-10-08,Amanda Gardner,Corporate,BMW i7,Jaipur,Grey,Petrol,Manual,Corporate,3,17016471.0,7.0,51049413.0,3573458.91,47475954.09
2015,2025-06-05,Joshua Snyder,Corporate,BMW 3 Series,Kolkata,Grey,Diesel,Automatic,Dealer,2,6305446.0,2.0,12610892.0,252217.84,12358674.16
2016,2026-03-29,Monica Fields,Luxury,BMW X7,Jaipur,White,Diesel,Automatic,Online,1,12602425.0,12.0,12602425.0,1512291.0,11090134.0
2017,2025-02-15,David Chavez,Corporate,BMW X5,Hyderabad,Silver,Electric,Automatic,Corporate,2,9861503.0,12.0,19723006.0,2366760.72,17356245.28
2018,2024-03-25,Lawrence Harrell,Luxury,BMW i4,Bangalore,Red,Diesel,Automatic,Corporate,2,8440213.0,7.0,16880426.0,1181629.82,15698796.18
2019,2024-04-16,Jody Barrett,Luxury,BMW 7 Series,Bangalore,Red,Hybrid,Manual,Dealer,1,18786692.0,5.0,18786692.0,939334.6,17847357.4
2020,2024-01-23,Briana Frazier,Luxury,BMW i5,Kochi,White,Hybrid,Manual,Dealer,3,10120423.0,5.0,30361269.0,1518063.45,28843205.55
2021,2024-06-22,Amanda Davis,Luxury,BMW 7 Series,Hyderabad,Red,Diesel,Manual,Corporate,2,14316989.0,0.0,28633978.0,0.0,28633978.0
2022,2024-01-04,Bethany Peterson,Luxury,BMW X3,Jaipur,Blue,Electric,Automatic,Dealer,3,7112090.0,2.0,21336270.0,426725.4,20909544.6
2023,2026-06-05,Douglas Carroll,Luxury,BMW X3,Pune,Red,Hybrid,Automatic,Corporate,3,7447626.0,10.0,22342878.0,2234287.8,20108590.2
2024,2023-10-26,John Martinez,Corporate,BMW i4,Bangalore,Red,Hybrid,Manual,Online,1,7748552.0,2.0,7748552.0,154971.04,7593580.96
2025,2025-05-17,David Brown,Corporate,BMW X1,Jaipur,Red,Hybrid,Manual,Dealer,1,6377255.0,0.0,6377255.0,0.0,6377255.0
2026,2025-12-03,Cameron Holland,Corporate,BMW i7,Bangalore,Grey,Hybrid,Manual,Corporate,3,17017418.0,12.0,51052254.0,6126270.48,44925983.52
2027,2024-05-01,James Dawson,Corporate,BMW 7 Series,Kochi,Grey,Diesel,Automatic,Corporate,2,18820034.0,10.0,37640068.0,3764006.8,33876061.2
2028,2025-06-30,Dawn Johnson,Corporate,BMW i7,Mumbai,Silver,Electric,Automatic,Corporate,3,16071596.0,0.0,48214788.0,0.0,48214788.0
2029,2023-09-13,Dr. Samantha Gonzalez DVM,Corporate,BMW 7 Series,Mumbai,Blue,Petrol,Manual,Online,1,17092719.0,12.0,17092719.0,2051126.28,15041592.72
2030,2024-06-29,Melanie Martin,Individual,BMW i7,Pune,Black,Petrol,Automatic,Online,2,16875666.0,10.0,33751332.0,3375133.2,30376198.8
2031,2025-06-12,Vincent Vasquez,Individual,BMW i5,Hyderabad,Blue,Electric,Manual,Corporate,3,10632379.0,5.0,31897137.0,1594856.85,30302280.15
2032,2023-10-10,Sandra Bender,Individual,BMW X7,Ahmedabad,White,Electric,Manual,Corporate,2,14489717.0,2.0,28979434.0,579588.68,28399845.32
2033,2025-02-10,Joann Watts,Individual,BMW X1,Hyderabad,Red,Electric,Manual,Dealer,3,6433457.0,12.0,19300371.0,2316044.52,16984326.48
2034,2025-08-17,Brandon Williams,Individual,BMW i5,Kochi,Grey,Diesel,Manual,Corporate,1,10959864.0,5.0,10959864.0,547993.2,10411870.8
2035,2026-02-28,Paige Williams,Corporate,BMW X5,Hyderabad,Grey,Diesel,Manual,Dealer,2,11735732.0,12.0,23471464.0,2816575.68,20654888.32
2036,2024-01-22,Kimberly Brewer,Luxury,BMW i7,Hyderabad,Silver,Diesel,Manual,Corporate,3,15693036.0,2.0,47079108.0,941582.16,46137525.84
2037,2024-02-21,Jennifer Anderson,Corporate,BMW X5,Bangalore,Red,Hybrid,Manual,Dealer,3,10437651.0,0.0,31312953.0,0.0,31312953.0
2038,2023-08-27,Bradley Nichols,Corporate,BMW i4,Jaipur,Blue,Petrol,Manual,Corporate,2,7551235.0,10.0,15102470.0,1510247.0,13592223.0
2039,2025-10-27,John Torres,Individual,BMW X3,Delhi,Blue,Petrol,Automatic,Online,1,6970195.0,2.0,6970195.0,139403.9,6830791.1
2040,2025-05-20,Deanna Padilla,Corporate,BMW i7,Ahmedabad,Red,Electric,Automatic,Dealer,1,14691283.0,2.0,14691283.0,293825.66,14397457.34
2041,2025-07-14,Jade Lewis,Corporate,BMW 5 Series,Pune,Black,Electric,Manual,Dealer,2,6940791.0,5.0,13881582.0,694079.1,13187502.9
2042,2025-01-19,William Barber,Luxury,BMW X5,Pune,Silver,Diesel,Manual,Dealer,1,10348495.0,2.0,10348495.0,206969.9,10141525.1
2043,2023-11-29,Kathy Brown,Corporate,BMW X7,Ahmedabad,White,Hybrid,Manual,Dealer,3,15052789.0,0.0,45158367.0,0.0,45158367.0
2044,2025-12-08,Daniel Johnston,Individual,BMW 3 Series,Kochi,Silver,Petrol,Manual,Dealer,1,5057327.0,12.0,5057327.0,606879.24,4450447.76
2045,2025-05-27,Anthony Glover,Luxury,BMW X5,Hyderabad,Red,Petrol,Manual,Dealer,2,11415257.0,10.0,22830514.0,2283051.4,20547462.6
2046,2024-10-27,Ryan Marshall,Individual,BMW i7,Hyderabad,Blue,Electric,Automatic,Corporate,2,17178295.0,0.0,34356590.0,0.0,34356590.0
2047,2025-08-05,Glenn Reid,Luxury,BMW i5,Jaipur,White,Diesel,Manual,Online,2,10796112.0,7.0,21592224.0,1511455.68,20080768.32
2048,2025-02-06,Heather Schultz,Corporate,BMW X7,Chennai,Grey,Hybrid,Manual,Online,3,13360863.0,10.0,40082589.0,4008258.9,36074330.1
2049,2025-08-01,Jennifer Alexander,Luxury,BMW 7 Series,Hyderabad,Red,Electric,Manual,Corporate,3,18133166.0,5.0,54399498.0,2719974.9,51679523.1
2050,2024-04-08,Philip Sampson,Luxury,BMW X5,Kochi,Silver,Electric,Automatic,Dealer,2,11269847.0,5.0,22539694.0,1126984.7,21412709.3
2051,2024-08-03,Monique Richards,Individual,BMW X3,Kochi,Grey,Electric,Automatic,Dealer,1,6748843.0,12.0,6748843.0,809861.16,5938981.84
2052,2026-05-26,Marc Garcia,Individual,BMW 3 Series,Chennai,Silver,Diesel,Automatic,Dealer,2,4827036.0,5.0,9654072.0,482703.6,9171368.4
2053,2025-01-22,Kevin Nguyen,Corporate,BMW 7 Series,Bangalore,White,Petrol,Manual,Online,2,16734507.0,0.0,33469014.0,0.0,33469014.0
2054,2024-07-07,Karen Moore,Corporate,BMW 3 Series,Jaipur,Grey,Diesel,Automatic,Online,3,4928010.0,12.0,14784030.0,1774083.6,13009946.4
2055,2025-12-22,Elizabeth Long,Corporate,BMW X3,Jaipur,Grey,Hybrid,Automatic,Corporate,3,7600568.0,7.0,22801704.0,1596119.28,21205584.72
2056,2024-11-02,Stephanie Sparks,Individual,BMW X1,Kolkata,Silver,Electric,Manual,Corporate,3,5941630.0,7.0,17824890.0,1247742.3,16577147.7
2057,2025-12-30,Kaylee Guerrero,Corporate,BMW 3 Series,Hyderabad,Silver,Diesel,Manual,Dealer,3,5268174.0,12.0,15804522.0,1896542.64,13907979.36
2058,2026-07-24,Jeffrey Meza,Individual,BMW 5 Series,Jaipur,Red,Petrol,Automatic,Dealer,1,6958099.0,12.0,6958099.0,834971.88,6123127.12
2059,2025-09-06,Jennifer Cox,Individual,BMW 7 Series,Mumbai,Silver,Electric,Automatic,Online,3,15201354.0,0.0,45604062.0,0.0,45604062.0
2060,2023-08-19,Ryan Edwards,Individual,BMW 3 Series,Bangalore,Blue,Hybrid,Automatic,Corporate,1,5589660.0,7.0,5589660.0,391276.2,5198383.8
2061,2026-05-20,James Carter,Luxury,BMW i5,Ahmedabad,White,Hybrid,Manual,Corporate,1,9723532.0,10.0,9723532.0,972353.2,8751178.8
2062,2024-11-15,Jennifer Hendricks,Corporate,BMW 5 Series,Ahmedabad,Grey,Hybrid,Manual,Corporate,1,6871072.0,5.0,6871072.0,343553.6,6527518.4
2063,2025-01-05,Zachary Watts,Corporate,BMW X5,Jaipur,Grey,Diesel,Automatic,Dealer,2,10614134.0,2.0,21228268.0,424565.36,20803702.64
2064,2026-06-08,Donald Cannon,Luxury,BMW i7,Bangalore,Grey,Hybrid,Automatic,Dealer,3,16142988.0,12.0,48428964.0,5811475.68,42617488.32
2065,2023-08-23,Kristen Miller,Individual,BMW X7,Chennai,Grey,Petrol,Manual,Dealer,1,14304241.0,12.0,14304241.0,1716508.92,12587732.08
2066,2025-11-18,William Oconnor,Individual,BMW i4,Mumbai,Silver,Diesel,Automatic,Online,2,7415909.0,12.0,14831818.0,1779818.16,13051999.84
2067,2025-06-08,Thomas Mills,Individual,BMW 7 Series,Hyderabad,Red,Diesel,Manual,Dealer,3,15301841.0,10.0,45905523.0,4590552.3,41314970.7
2068,2024-10-25,Michael Ford,Luxury,BMW X7,Pune,Silver,Electric,Automatic,Corporate,3,14756694.0,0.0,44270082.0,0.0,44270082.0
2069,2025-11-30,Hailey Scott,Corporate,BMW 7 Series,Mumbai,Blue,Diesel,Automatic,Corporate,2,15397238.0,12.0,30794476.0,3695337.12,27099138.88
2070,2026-03-20,Jaime Williams,Individual,BMW X3,Delhi,Silver,Hybrid,Manual,Dealer,1,7376348.0,7.0,7376348.0,516344.36,6860003.64
2071,2023-10-16,Haley Griffin,Luxury,BMW X7,Delhi,Blue,Electric,Manual,Online,1,13036560.0,10.0,13036560.0,1303656.0,11732904.0
2072,2025-06-23,Elizabeth Knox,Individual,BMW i7,Bangalore,Red,Hybrid,Automatic,Corporate,2,14756906.0,10.0,29513812.0,2951381.2,26562430.8
2073,2023-11-06,Brianna Schroeder,Luxury,BMW 7 Series,Ahmedabad,Blue,Diesel,Manual,Online,1,14586216.0,0.0,14586216.0,0.0,14586216.0
2074,2024-10-14,Robin Morse,Individual,BMW 5 Series,Mumbai,White,Diesel,Automatic,Dealer,3,7528291.0,5.0,22584873.0,1129243.65,21455629.35
2075,2024-05-06,Ryan Hughes,Individual,BMW 5 Series,Hyderabad,Silver,Petrol,Automatic,Dealer,2,8163531.0,7.0,16327062.0,1142894.34,15184167.66
2076,2023-12-09,Timothy Williams,Corporate,BMW 3 Series,Delhi,Red,Hybrid,Manual,Corporate,3,6095925.0,7.0,18287775.0,1280144.25,17007630.75
2077,2023-10-01,Alice Perez,Individual,BMW X1,Pune,White,Diesel,Manual,Dealer,3,6399529.0,5.0,19198587.0,959929.35,18238657.65
2078,2024-01-08,Carly Mathews,Individual,BMW X1,Chennai,Grey,Petrol,Manual,Online,2,5583281.0,2.0,11166562.0,223331.24,10943230.76
2079,2024-09-26,Debbie Pope,Individual,BMW 5 Series,Pune,Silver,Petrol,Automatic,Corporate,1,8251507.0,2.0,8251507.0,165030.14,8086476.86
2080,2025-05-23,Laura Murray,Individual,BMW i7,Hyderabad,Silver,Electric,Automatic,Online,3,17268287.0,10.0,51804861.0,5180486.1,46624374.9
2081,2024-09-06,Garrett Morgan,Luxury,BMW X1,Ahmedabad,Red,Diesel,Automatic,Dealer,3,5581297.0,12.0,16743891.0,2009266.92,14734624.08
2082,2024-10-31,Kimberly Mason,Luxury,BMW 3 Series,Kochi,White,Hybrid,Automatic,Dealer,2,5371543.0,0.0,10743086.0,0.0,10743086.0
2083,2026-05-12,Trevor Jones,Individual,BMW 7 Series,Kolkata,Silver,Diesel,Automatic,Dealer,3,14406146.0,2.0,43218438.0,864368.76,42354069.24
2084,2024-11-09,Karen Phillips,Luxury,BMW 5 Series,Ahmedabad,White,Petrol,Automatic,Corporate,2,7360066.0,12.0,14720132.0,1766415.84,12953716.16
2085,2026-07-12,Wendy Simmons,Individual,BMW 5 Series,Bangalore,Black,Diesel,Automatic,Dealer,2,6736369.0,7.0,13472738.0,943091.66,12529646.34
2086,2024-07-06,Wesley Morris,Individual,BMW i7,Chennai,Blue,Hybrid,Automatic,Corporate,1,15872719.0,12.0,15872719.0,1904726.28,13967992.72
2087,2024-10-03,Bradley Villa,Individual,BMW X1,Chennai,Grey,Hybrid,Manual,Corporate,3,5615749.0,2.0,16847247.0,336944.94,16510302.06
2088,2025-10-18,Adam White,Corporate,BMW 3 Series,Hyderabad,Blue,Petrol,Automatic,Dealer,3,5454924.0,12.0,16364772.0,1963772.64,14400999.36
2089,2025-10-14,Lauren Ayala DDS,Corporate,BMW 5 Series,Bangalore,Silver,Hybrid,Automatic,Dealer,1,7096535.0,10.0,7096535.0,709653.5,6386881.5
2090,2025-08-09,Kelsey Flynn DDS,Individual,BMW i7,Pune,Blue,Hybrid,Automatic,Corporate,1,14564696.0,10.0,14564696.0,1456469.6,13108226.4
2091,2024-10-04,Courtney Clark,Luxury,BMW X1,Pune,Black,Petrol,Automatic,Corporate,3,5733951.0,7.0,17201853.0,1204129.71,15997723.29
2092,2023-12-31,Jody Thomas,Individual,BMW i7,Kochi,Red,Hybrid,Automatic,Dealer,1,15448036.0,12.0,15448036.0,1853764.32,13594271.68
2093,2025-10-02,Sheila Wood,Luxury,BMW i4,Bangalore,Grey,Electric,Manual,Online,2,7297541.0,2.0,14595082.0,291901.64,14303180.36
2094,2024-07-10,Joseph Williams,Luxury,BMW X7,Delhi,Black,Electric,Automatic,Dealer,1,15198459.0,2.0,15198459.0,303969.18,14894489.82
2095,2025-09-30,Bryan Cooper,Corporate,BMW 3 Series,Hyderabad,Black,Electric,Automatic,Dealer,1,5510517.0,7.0,5510517.0,385736.19,5124780.81
2096,2025-08-15,Kelly Johnson,Luxury,BMW i5,Ahmedabad,Red,Petrol,Manual,Corporate,1,9582863.0,2.0,9582863.0,191657.26,9391205.74
2097,2026-07-04,Isaac Cochran,Individual,BMW 5 Series,Kolkata,Grey,Diesel,Automatic,Online,3,7393803.0,0.0,22181409.0,0.0,22181409.0
2098,2024-03-14,Yolanda Bennett,Luxury,BMW i5,Bangalore,White,Petrol,Automatic,Corporate,2,9718044.0,5.0,19436088.0,971804.4,18464283.6
2099,2024-07-19,Sarah Johnson,Corporate,BMW X3,Chennai,Black,Electric,Manual,Corporate,1,7023653.0,0.0,7023653.0,0.0,7023653.0
2100,2025-07-11,Jennifer Walker,Luxury,BMW i4,Pune,Black,Electric,Manual,Corporate,2,7887491.0,10.0,15774982.0,1577498.2,14197483.8
2101,2025-02-15,Timothy Taylor,Individual,BMW X5,Pune,White,Electric,Manual,Dealer,2,10695559.0,2.0,21391118.0,427822.36,20963295.64
2102,2024-08-16,Amy Miller,Luxury,BMW X3,Ahmedabad,Black,Petrol,Automatic,Dealer,1,7410551.0,0.0,7410551.0,0.0,7410551.0
2103,2024-06-19,Alexandra Harper,Corporate,BMW 3 Series,Mumbai,Red,Diesel,Automatic,Online,3,4555879.0,7.0,13667637.0,956734.59,12710902.41
2104,2026-03-04,Deborah Reid,Luxury,BMW X3,Bangalore,Red,Petrol,Automatic,Dealer,1,7525474.0,7.0,7525474.0,526783.18,6998690.82
2105,2025-08-16,Tonya Cox,Luxury,BMW X5,Ahmedabad,Black,Petrol,Manual,Dealer,1,9950477.0,10.0,9950477.0,995047.7,8955429.3
2106,2024-06-24,David Boyd,Individual,BMW i4,Bangalore,Grey,Hybrid,Automatic,Dealer,3,7409963.0,0.0,22229889.0,0.0,22229889.0
2107,2024-03-18,Erika Higgins,Corporate,BMW i4,Mumbai,Blue,Electric,Manual,Online,1,7696546.0,0.0,7696546.0,0.0,7696546.0
2108,2024-07-22,Tracy Murphy,Luxury,BMW X1,Kolkata,White,Petrol,Automatic,Online,1,5366960.0,12.0,5366960.0,644035.2,4722924.8
2109,2023-11-20,Tiffany Baldwin,Luxury,BMW 7 Series,Pune,Blue,Hybrid,Manual,Online,3,18460153.0,12.0,55380459.0,6645655.08,48734803.92
2110,2026-06-26,James Phillips,Individual,BMW i7,Delhi,Black,Petrol,Manual,Corporate,1,16081105.0,2.0,16081105.0,321622.1,15759482.9
2111,2024-04-26,Lucas Skinner,Corporate,BMW X1,Kochi,Blue,Hybrid,Manual,Dealer,1,5844271.0,7.0,5844271.0,409098.97,5435172.03
2112,2025-07-30,Alexander Wise,Individual,BMW 5 Series,Pune,White,Diesel,Manual,Dealer,1,7727142.0,10.0,7727142.0,772714.2,6954427.8
2113,2025-08-19,Stephanie Sanders,Luxury,BMW 3 Series,Delhi,Black,Electric,Manual,Corporate,2,5345119.0,7.0,10690238.0,748316.66,9941921.34
2114,2024-06-19,Benjamin Mason,Individual,BMW 3 Series,Bangalore,Grey,Hybrid,Manual,Online,1,6167452.0,0.0,6167452.0,0.0,6167452.0
2115,2025-02-02,Sydney Barnes,Luxury,BMW 3 Series,Chennai,Red,Diesel,Automatic,Corporate,3,6070814.0,5.0,18212442.0,910622.1,17301819.9
2116,2023-09-07,Angela Glass,Individual,BMW X3,Kochi,Silver,Petrol,Manual,Dealer,2,6506347.0,2.0,13012694.0,260253.88,12752440.12
2117,2024-08-28,Wendy Bray,Corporate,BMW X3,Kochi,Red,Electric,Manual,Corporate,3,7776849.0,0.0,23330547.0,0.0,23330547.0
2118,2025-12-10,Shane Steele,Luxury,BMW i5,Ahmedabad,Black,Diesel,Manual,Online,1,10339831.0,12.0,10339831.0,1240779.72,9099051.28
2119,2025-08-01,James Morgan,Corporate,BMW 5 Series,Kolkata,Silver,Electric,Automatic,Online,3,7301576.0,10.0,21904728.0,2190472.8,19714255.2
2120,2024-03-24,Benjamin Kent MD,Luxury,BMW 5 Series,Hyderabad,Black,Hybrid,Manual,Online,2,6953579.0,5.0,13907158.0,695357.9,13211800.1
2121,2023-08-27,Gregory Perez,Luxury,BMW X1,Mumbai,White,Diesel,Manual,Corporate,2,5365314.0,7.0,10730628.0,751143.96,9979484.04
2122,2026-05-25,David Thomas,Corporate,BMW 5 Series,Kochi,Silver,Electric,Automatic,Corporate,1,7435472.0,0.0,7435472.0,0.0,7435472.0
2123,2026-04-17,Daniel Snyder,Individual,BMW 7 Series,Chennai,Red,Hybrid,Automatic,Dealer,2,15798033.0,0.0,31596066.0,0.0,31596066.0
2124,2026-05-23,Dawn Chavez,Individual,BMW X7,Chennai,Silver,Petrol,Manual,Corporate,1,15527524.0,12.0,15527524.0,1863302.88,13664221.12
2125,2025-06-09,Dustin Robinson,Individual,BMW 5 Series,Mumbai,Red,Hybrid,Automatic,Dealer,3,7274639.0,12.0,21823917.0,2618870.04,19205046.96
2126,2025-04-13,Patrick Hamilton,Individual,BMW i4,Chennai,Red,Electric,Automatic,Corporate,3,8127223.0,12.0,24381669.0,2925800.28,21455868.72
2127,2024-03-12,Sarah Morse,Corporate,BMW X7,Delhi,White,Petrol,Manual,Corporate,3,13275546.0,2.0,39826638.0,796532.76,39030105.24
2128,2023-11-26,Richard Porter,Luxury,BMW i5,Mumbai,Blue,Hybrid,Automatic,Dealer,2,10197657.0,10.0,20395314.0,2039531.4,18355782.6
2129,2023-09-01,Kayla Moon,Corporate,BMW 3 Series,Chennai,Grey,Hybrid,Manual,Corporate,3,5044212.0,0.0,15132636.0,0.0,15132636.0
2130,2026-05-28,Robert Carter,Luxury,BMW 5 Series,Hyderabad,Red,Petrol,Manual,Online,1,8266051.0,7.0,8266051.0,578623.57,7687427.43
2131,2024-08-15,Jeff Skinner,Luxury,BMW 5 Series,Bangalore,Grey,Electric,Automatic,Corporate,1,8459051.0,10.0,8459051.0,845905.1,7613145.9
2132,2026-07-27,Sara George,Luxury,BMW X7,Jaipur,Grey,Hybrid,Manual,Corporate,3,15790860.0,2.0,47372580.0,947451.6,46425128.4
2133,2025-09-10,Warren Oconnor,Individual,BMW 3 Series,Delhi,White,Petrol,Manual,Corporate,3,4590460.0,5.0,13771380.0,688569.0,13082811.0
2134,2025-12-17,Allison Collins,Corporate,BMW X7,Bangalore,Grey,Diesel,Automatic,Online,2,13487342.0,0.0,26974684.0,0.0,26974684.0
2135,2024-07-24,Jessica Schmidt,Corporate,BMW i5,Jaipur,Grey,Electric,Automatic,Corporate,2,9470036.0,12.0,18940072.0,2272808.64,16667263.36
2136,2024-07-07,Lindsay Howard,Luxury,BMW X7,Hyderabad,Red,Hybrid,Manual,Online,3,13228301.0,0.0,39684903.0,0.0,39684903.0
2137,2024-11-20,Christine Wall,Corporate,BMW X7,Jaipur,Red,Hybrid,Automatic,Online,3,13042934.0,5.0,39128802.0,1956440.1,37172361.9
2138,2024-06-25,Casey Brown,Individual,BMW i5,Delhi,Black,Diesel,Manual,Online,1,9318115.0,7.0,9318115.0,652268.05,8665846.95
2139,2024-10-24,Kevin Morton,Luxury,BMW 7 Series,Hyderabad,Silver,Hybrid,Manual,Corporate,3,16982748.0,2.0,50948244.0,1018964.88,49929279.12
2140,2024-01-07,Lori Fuentes,Luxury,BMW 7 Series,Chennai,Blue,Hybrid,Automatic,Dealer,3,18215551.0,2.0,54646653.0,1092933.06,53553719.94
2141,2025-08-12,Roberta Bell,Corporate,BMW X7,Hyderabad,White,Hybrid,Automatic,Dealer,2,13084360.0,7.0,26168720.0,1831810.4,24336909.6
2142,2025-10-13,Monique Vazquez,Corporate,BMW i7,Bangalore,White,Petrol,Automatic,Corporate,2,14374055.0,0.0,28748110.0,0.0,28748110.0
2143,2024-02-06,Andrew Chase,Individual,BMW i7,Hyderabad,Grey,Petrol,Automatic,Online,1,17442468.0,12.0,17442468.0,2093096.16,15349371.84
2144,2026-02-26,James Hull,Luxury,BMW X7,Chennai,Black,Electric,Manual,Corporate,1,13433315.0,2.0,13433315.0,268666.3,13164648.7
2145,2025-10-02,Natalie Khan,Corporate,BMW 5 Series,Kolkata,White,Electric,Manual,Online,3,7197199.0,0.0,21591597.0,0.0,21591597.0
2146,2025-02-28,Sheri Duke,Individual,BMW 7 Series,Delhi,Grey,Electric,Automatic,Corporate,3,15044963.0,0.0,45134889.0,0.0,45134889.0
2147,2024-02-26,Amanda Sheppard,Luxury,BMW X3,Delhi,Grey,Petrol,Manual,Online,3,6559254.0,7.0,19677762.0,1377443.34,18300318.66
2148,2025-07-23,Michael Perez,Corporate,BMW 5 Series,Jaipur,Red,Petrol,Automatic,Online,3,6765871.0,5.0,20297613.0,1014880.65,19282732.35
2149,2024-11-03,Misty Sanchez,Luxury,BMW i5,Hyderabad,Grey,Electric,Manual,Dealer,2,9203210.0,0.0,18406420.0,0.0,18406420.0
2150,2026-05-06,Julie Bailey,Luxury,BMW X1,Pune,Silver,Hybrid,Manual,Online,1,6305576.0,7.0,6305576.0,441390.32,5864185.68
2151,2025-10-21,Christy Bryant,Corporate,BMW i7,Jaipur,Red,Hybrid,Manual,Corporate,1,16589591.0,12.0,16589591.0,1990750.92,14598840.08
2152,2023-10-17,Joan Hall,Corporate,BMW X7,Kochi,Blue,Electric,Manual,Corporate,3,13310092.0,0.0,39930276.0,0.0,39930276.0
2153,2026-01-25,Matthew Case,Luxury,BMW 3 Series,Bangalore,Silver,Diesel,Automatic,Online,3,4760291.0,2.0,14280873.0,285617.46,13995255.54
2154,2026-05-30,Peter Fuller,Corporate,BMW X5,Mumbai,Blue,Petrol,Automatic,Dealer,3,11100084.0,0.0,33300252.0,0.0,33300252.0
2155,2024-04-04,Cynthia Davis,Corporate,BMW X7,Chennai,Red,Hybrid,Automatic,Online,3,12952397.0,10.0,38857191.0,3885719.1,34971471.9
2156,2024-04-23,Jonathan Martin,Corporate,BMW X1,Kolkata,Black,Electric,Manual,Corporate,3,6487628.0,2.0,19462884.0,389257.68,19073626.32
2157,2024-08-03,Traci Wilson,Corporate,BMW 3 Series,Kolkata,Black,Electric,Automatic,Corporate,1,5518184.0,0.0,5518184.0,0.0,5518184.0
2158,2024-08-07,Emily Taylor,Luxury,BMW i7,Delhi,Grey,Hybrid,Manual,Corporate,1,14750476.0,5.0,14750476.0,737523.8,14012952.2
2159,2023-08-21,Kevin Hernandez,Corporate,BMW i7,Kolkata,Black,Electric,Manual,Dealer,2,15809171.0,7.0,31618342.0,2213283.94,29405058.06
2160,2025-12-12,Christopher Savage,Luxury,BMW 3 Series,Delhi,Grey,Hybrid,Manual,Dealer,2,5160073.0,5.0,10320146.0,516007.3,9804138.7
2161,2026-01-22,Tracey Griffin,Corporate,BMW i7,Ahmedabad,White,Diesel,Automatic,Dealer,2,17282113.0,5.0,34564226.0,1728211.3,32836014.7
2162,2025-12-24,Stephanie Knight,Corporate,BMW X1,Pune,White,Diesel,Manual,Corporate,2,5541250.0,7.0,11082500.0,775775.0,10306725.0
2163,2024-11-15,Lisa Cooper,Individual,BMW X3,Chennai,Blue,Electric,Automatic,Dealer,2,6727328.0,12.0,13454656.0,1614558.72,11840097.28
2164,2026-04-11,Sean Collins,Individual,BMW X7,Hyderabad,White,Diesel,Manual,Online,1,15588543.0,0.0,15588543.0,0.0,15588543.0
2165,2025-04-04,Steven Smith,Corporate,BMW X7,Ahmedabad,Blue,Hybrid,Automatic,Corporate,3,14910635.0,7.0,44731905.0,3131233.35,41600671.65
2166,2025-10-16,Kimberly Richardson,Individual,BMW 5 Series,Kolkata,White,Electric,Automatic,Online,1,6558193.0,0.0,6558193.0,0.0,6558193.0
2167,2024-08-25,Joseph White,Luxury,BMW i5,Delhi,Grey,Petrol,Automatic,Dealer,3,10118639.0,12.0,30355917.0,3642710.04,26713206.96
2168,2026-04-22,Jacob Dixon,Individual,BMW 5 Series,Ahmedabad,Grey,Hybrid,Automatic,Dealer,3,7734823.0,7.0,23204469.0,1624312.83,21580156.17
2169,2026-08-09,Bonnie Adams,Individual,BMW 7 Series,Kochi,Black,Electric,Manual,Corporate,2,18995620.0,7.0,37991240.0,2659386.8,35331853.2
2170,2024-09-12,Stephanie Martinez,Luxury,BMW X7,Delhi,Grey,Petrol,Automatic,Dealer,1,15576658.0,12.0,15576658.0,1869198.96,13707459.04
2171,2024-08-06,Kimberly Gallagher,Individual,BMW 7 Series,Chennai,White,Hybrid,Manual,Online,3,15710361.0,5.0,47131083.0,2356554.15,44774528.85
2172,2024-12-30,Brooke Soto,Corporate,BMW X5,Kochi,Grey,Electric,Automatic,Online,3,11118453.0,0.0,33355359.0,0.0,33355359.0
2173,2024-08-30,Morgan Cunningham,Corporate,BMW i5,Hyderabad,Silver,Diesel,Manual,Online,1,9649619.0,0.0,9649619.0,0.0,9649619.0
2174,2026-02-02,Becky Leonard,Corporate,BMW X3,Chennai,Blue,Electric,Manual,Corporate,3,6565925.0,7.0,19697775.0,1378844.25,18318930.75
2175,2026-01-09,Kathleen Clarke,Individual,BMW i4,Pune,Black,Diesel,Automatic,Corporate,1,7305433.0,0.0,7305433.0,0.0,7305433.0
2176,2025-09-20,Kimberly Ramos,Corporate,BMW i4,Delhi,Silver,Hybrid,Automatic,Online,3,8126730.0,12.0,24380190.0,2925622.8,21454567.2
2177,2025-12-29,Maria Middleton,Individual,BMW X7,Mumbai,Silver,Diesel,Manual,Dealer,3,13018780.0,5.0,39056340.0,1952817.0,37103523.0
2178,2024-11-08,James Williams,Corporate,BMW X1,Jaipur,White,Petrol,Manual,Corporate,2,6130146.0,12.0,12260292.0,1471235.04,10789056.96
2179,2025-05-18,Katherine Gray,Corporate,BMW 3 Series,Jaipur,Grey,Diesel,Automatic,Online,1,4627461.0,10.0,4627461.0,462746.1,4164714.9
2180,2026-07-07,Heather Edwards,Luxury,BMW X1,Chennai,Blue,Diesel,Manual,Dealer,3,5810786.0,2.0,17432358.0,348647.16,17083710.84
2181,2025-03-11,Nicholas Hamilton,Luxury,BMW X5,Mumbai,Silver,Petrol,Automatic,Online,1,10781710.0,0.0,10781710.0,0.0,10781710.0
2182,2025-12-18,Kevin Freeman,Individual,BMW i4,Ahmedabad,Black,Hybrid,Manual,Online,2,8059389.0,10.0,16118778.0,1611877.8,14506900.2
2183,2023-10-20,John Hodges,Luxury,BMW X3,Delhi,Blue,Hybrid,Automatic,Dealer,2,7905146.0,5.0,15810292.0,790514.6,15019777.4
2184,2026-03-26,Jeffrey Thompson,Luxury,BMW i5,Pune,Red,Diesel,Manual,Corporate,1,10443750.0,7.0,10443750.0,731062.5,9712687.5
2185,2024-01-05,Derrick Wilkinson,Luxury,BMW 5 Series,Chennai,Silver,Electric,Automatic,Corporate,3,7845924.0,12.0,23537772.0,2824532.64,20713239.36
2186,2024-12-26,Louis Miller,Luxury,BMW 5 Series,Hyderabad,Red,Electric,Manual,Corporate,2,7625396.0,10.0,15250792.0,1525079.2,13725712.8
2187,2023-09-14,Stacy Washington,Corporate,BMW i7,Kolkata,White,Petrol,Manual,Online,3,16459228.0,10.0,49377684.0,4937768.4,44439915.6
2188,2024-08-17,Sergio Moore,Corporate,BMW i7,Hyderabad,Blue,Hybrid,Automatic,Online,2,17512773.0,0.0,35025546.0,0.0,35025546.0
2189,2025-03-20,James Johnson,Individual,BMW X1,Chennai,Red,Hybrid,Manual,Online,3,5187782.0,10.0,15563346.0,1556334.6,14007011.4
2190,2024-11-10,Jason Phillips,Luxury,BMW 7 Series,Mumbai,Red,Hybrid,Automatic,Dealer,3,18670332.0,2.0,56010996.0,1120219.92,54890776.08
2191,2025-01-06,Michael Smith,Corporate,BMW X1,Kochi,Silver,Hybrid,Automatic,Dealer,1,5216433.0,0.0,5216433.0,0.0,5216433.0
2192,2025-06-12,Billy Wagner,Individual,BMW i7,Mumbai,Black,Diesel,Automatic,Dealer,3,14723108.0,10.0,44169324.0,4416932.4,39752391.6
2193,2024-12-21,Gregory Serrano,Individual,BMW 3 Series,Bangalore,White,Petrol,Automatic,Corporate,1,4531253.0,2.0,4531253.0,90625.06,4440627.94
2194,2024-09-21,Manuel Duke,Luxury,BMW i5,Kolkata,Black,Petrol,Automatic,Corporate,2,9967435.0,7.0,19934870.0,1395440.9,18539429.1
2195,2023-10-22,Daniel Hayes,Individual,BMW i7,Jaipur,Silver,Hybrid,Automatic,Corporate,3,17856873.0,7.0,53570619.0,3749943.33,49820675.67
2196,2025-07-24,Tommy Diaz,Luxury,BMW 5 Series,Delhi,Black,Electric,Automatic,Dealer,2,6897097.0,7.0,13794194.0,965593.58,12828600.42
2197,2026-07-02,Justin Lee,Corporate,BMW i5,Delhi,White,Petrol,Automatic,Online,2,10947323.0,12.0,21894646.0,2627357.52,19267288.48
2198,2024-06-10,Vanessa Barrera,Luxury,BMW X7,Jaipur,Blue,Electric,Manual,Online,1,14690706.0,2.0,14690706.0,293814.12,14396891.88
2199,2025-08-31,Donald Russell,Individual,BMW 5 Series,Chennai,Black,Hybrid,Manual,Dealer,1,6507654.0,12.0,6507654.0,780918.48,5726735.52
2200,2024-04-21,Brian Singleton,Corporate,BMW X5,Delhi,Grey,Hybrid,Automatic,Dealer,3,10881704.0,10.0,32645112.0,3264511.2,29380600.8
2201,2024-04-27,Matthew Garcia,Individual,BMW 3 Series,Kolkata,Grey,Electric,Automatic,Dealer,3,5407753.0,7.0,16223259.0,1135628.13,15087630.87
2202,2024-08-21,Christie Anderson,Individual,BMW X7,Pune,Black,Diesel,Manual,Online,1,13254477.0,12.0,13254477.0,1590537.24,11663939.76
2203,2025-01-22,Debbie Lane,Individual,BMW i5,Pune,Red,Electric,Manual,Corporate,2,9210913.0,10.0,18421826.0,1842182.6,16579643.4
2204,2025-07-31,Katherine Harris,Corporate,BMW i7,Chennai,Grey,Hybrid,Automatic,Corporate,3,15540501.0,2.0,46621503.0,932430.06,45689072.94
2205,2024-09-20,Joseph Scott,Corporate,BMW 7 Series,Kolkata,Red,Hybrid,Automatic,Corporate,3,18481998.0,10.0,55445994.0,5544599.4,49901394.6
2206,2024-09-14,Carol Leon,Luxury,BMW i4,Chennai,Grey,Petrol,Manual,Corporate,1,8107200.0,10.0,8107200.0,810720.0,7296480.0
2207,2024-05-07,Rebecca Berg,Corporate,BMW i4,Kochi,Blue,Hybrid,Automatic,Online,2,7152353.0,0.0,14304706.0,0.0,14304706.0
2208,2024-08-29,Gabrielle Green,Individual,BMW 5 Series,Kochi,Silver,Diesel,Automatic,Dealer,2,7453094.0,0.0,14906188.0,0.0,14906188.0
2209,2025-09-02,Justin Hayes,Individual,BMW 7 Series,Kolkata,Red,Diesel,Manual,Online,2,17007372.0,12.0,34014744.0,4081769.28,29932974.72
2210,2025-04-07,Greg Allen,Corporate,BMW 5 Series,Jaipur,Blue,Diesel,Automatic,Online,1,8292604.0,10.0,8292604.0,829260.4,7463343.6
2211,2026-02-12,Jennifer Richard,Luxury,BMW X5,Jaipur,Grey,Hybrid,Manual,Dealer,1,10818498.0,7.0,10818498.0,757294.86,10061203.14
2212,2025-03-31,Manuel Hudson,Luxury,BMW 7 Series,Ahmedabad,White,Petrol,Automatic,Corporate,2,16489720.0,10.0,32979440.0,3297944.0,29681496.0
2213,2024-07-10,Andrew Dennis,Corporate,BMW i5,Hyderabad,Silver,Hybrid,Automatic,Online,1,9587896.0,10.0,9587896.0,958789.6,8629106.4
2214,2025-03-24,Robert Dillon Jr.,Individual,BMW 7 Series,Hyderabad,Blue,Petrol,Manual,Corporate,3,15182066.0,7.0,45546198.0,3188233.86,42357964.14
2215,2025-05-06,Paul Lopez,Corporate,BMW X3,Pune,Red,Electric,Manual,Online,1,7058683.0,0.0,7058683.0,0.0,7058683.0
2216,2024-02-07,Dawn Ford,Corporate,BMW 3 Series,Pune,Black,Diesel,Automatic,Online,3,5412507.0,2.0,16237521.0,324750.42,15912770.58
2217,2026-04-08,Michael Hensley,Luxury,BMW 3 Series,Kochi,Black,Hybrid,Automatic,Online,3,4537878.0,0.0,13613634.0,0.0,13613634.0
2218,2026-06-25,Miguel Gregory,Corporate,BMW X7,Delhi,White,Diesel,Automatic,Online,1,15987269.0,7.0,15987269.0,1119108.83,14868160.17
2219,2025-09-06,Rebecca Sullivan,Individual,BMW 7 Series,Jaipur,Blue,Electric,Automatic,Dealer,3,15366965.0,10.0,46100895.0,4610089.5,41490805.5
2220,2023-10-31,Lee Rivera,Individual,BMW i4,Jaipur,White,Electric,Manual,Dealer,3,8367237.0,2.0,25101711.0,502034.22,24599676.78
2221,2024-07-25,Morgan Hamilton,Individual,BMW 7 Series,Kolkata,Blue,Petrol,Manual,Dealer,2,14608073.0,10.0,29216146.0,2921614.6,26294531.4
2222,2026-06-21,Lindsey Garcia,Luxury,BMW X5,Jaipur,Red,Electric,Automatic,Dealer,1,9747471.0,0.0,9747471.0,0.0,9747471.0
2223,2024-01-03,John Alexander,Luxury,BMW i4,Bangalore,White,Hybrid,Automatic,Dealer,1,8377697.0,5.0,8377697.0,418884.85,7958812.15
2224,2024-11-27,Sara Salazar,Individual,BMW X5,Mumbai,White,Diesel,Automatic,Online,1,11347963.0,10.0,11347963.0,1134796.3,10213166.7
2225,2024-05-15,Kenneth Gordon,Corporate,BMW 5 Series,Kolkata,Black,Petrol,Manual,Corporate,2,7744971.0,12.0,15489942.0,1858793.04,13631148.96
2226,2025-01-12,Jason Smith,Individual,BMW 5 Series,Jaipur,Silver,Electric,Manual,Corporate,2,7703770.0,10.0,15407540.0,1540754.0,13866786.0
2227,2025-03-24,James Snow,Corporate,BMW 7 Series,Kochi,Red,Diesel,Manual,Dealer,2,18378039.0,7.0,36756078.0,2572925.46,34183152.54
2228,2026-06-21,Michelle Krause,Corporate,BMW i7,Delhi,Grey,Petrol,Automatic,Dealer,2,15170330.0,0.0,30340660.0,0.0,30340660.0
2229,2025-10-06,Cassidy Miller,Corporate,BMW X3,Jaipur,Black,Petrol,Manual,Dealer,1,6673313.0,12.0,6673313.0,800797.56,5872515.44
2230,2025-10-14,Samantha Howard,Individual,BMW 7 Series,Pune,Grey,Diesel,Automatic,Online,3,18710038.0,10.0,56130114.0,5613011.4,50517102.6
2231,2025-06-03,James Butler,Individual,BMW X3,Mumbai,Red,Diesel,Manual,Online,2,7254855.0,5.0,14509710.0,725485.5,13784224.5
2232,2024-04-14,Craig Wilson,Corporate,BMW i5,Chennai,Grey,Petrol,Manual,Dealer,2,9850671.0,10.0,19701342.0,1970134.2,17731207.8
2233,2026-06-29,Robert Thomas,Individual,BMW i7,Jaipur,Blue,Diesel,Manual,Online,3,14918675.0,5.0,44756025.0,2237801.25,42518223.75
2234,2025-09-22,Christian Casey,Corporate,BMW X1,Kolkata,White,Petrol,Manual,Dealer,2,6322510.0,7.0,12645020.0,885151.4,11759868.6
2235,2024-11-28,Holly Henry,Luxury,BMW i4,Ahmedabad,Grey,Electric,Manual,Online,3,7580282.0,0.0,22740846.0,0.0,22740846.0
2236,2025-08-04,Jared Dyer,Luxury,BMW X5,Bangalore,White,Diesel,Automatic,Dealer,2,11027658.0,2.0,22055316.0,441106.32,21614209.68
2237,2025-11-25,Nathan Wilson,Luxury,BMW i5,Pune,Black,Hybrid,Manual,Dealer,2,10892288.0,0.0,21784576.0,0.0,21784576.0
2238,2026-07-24,Kelly Ford,Luxury,BMW i7,Bangalore,Black,Petrol,Manual,Online,1,17730763.0,0.0,17730763.0,0.0,17730763.0
2239,2023-11-10,Paul Allen,Luxury,BMW 5 Series,Kochi,Blue,Electric,Manual,Online,1,7940068.0,2.0,7940068.0,158801.36,7781266.64
2240,2023-09-08,Matthew Davis,Corporate,BMW 3 Series,Hyderabad,Grey,Electric,Automatic,Online,3,4852720.0,0.0,14558160.0,0.0,14558160.0
2241,2024-06-06,Jason Martin,Corporate,BMW 5 Series,Hyderabad,White,Diesel,Manual,Corporate,1,6501363.0,12.0,6501363.0,780163.56,5721199.44
2242,2025-02-04,Kelli Burke,Corporate,BMW X5,Chennai,Silver,Petrol,Automatic,Dealer,1,9544357.0,7.0,9544357.0,668104.99,8876252.01
2243,2024-03-16,Kevin Dominguez,Luxury,BMW X5,Mumbai,Silver,Electric,Manual,Corporate,2,10267946.0,12.0,20535892.0,2464307.04,18071584.96
2244,2024-06-07,Brian Tucker,Luxury,BMW X5,Chennai,Grey,Petrol,Manual,Dealer,2,11337363.0,0.0,22674726.0,0.0,22674726.0
2245,2026-03-18,Renee Brock,Individual,BMW 7 Series,Ahmedabad,Blue,Electric,Automatic,Corporate,3,18990890.0,0.0,56972670.0,0.0,56972670.0
2246,2025-06-03,Lori Cobb,Luxury,BMW 5 Series,Chennai,Silver,Diesel,Manual,Dealer,2,6520390.0,5.0,13040780.0,652039.0,12388741.0
2247,2024-11-06,Joseph Turner,Individual,BMW X1,Kochi,Blue,Diesel,Automatic,Online,1,5248549.0,5.0,5248549.0,262427.45,4986121.55
2248,2025-01-22,Travis Gray,Luxury,BMW 3 Series,Jaipur,Black,Petrol,Manual,Corporate,3,5782565.0,5.0,17347695.0,867384.75,16480310.25
2249,2023-10-23,Taylor Patel,Corporate,BMW 5 Series,Mumbai,Red,Diesel,Manual,Dealer,2,7871414.0,10.0,15742828.0,1574282.8,14168545.2
2250,2025-06-27,Katherine Manning,Individual,BMW X5,Kochi,Blue,Hybrid,Automatic,Dealer,1,10928024.0,0.0,10928024.0,0.0,10928024.0
2251,2025-02-25,Christine Martinez,Luxury,BMW X7,Ahmedabad,Silver,Petrol,Manual,Online,3,14388213.0,0.0,43164639.0,0.0,43164639.0
2252,2023-10-28,Jessica Woods,Corporate,BMW i5,Chennai,Silver,Hybrid,Manual,Dealer,3,9154534.0,7.0,27463602.0,1922452.14,25541149.86
2253,2024-10-22,Caitlyn Farmer,Luxury,BMW X1,Ahmedabad,Silver,Diesel,Automatic,Dealer,2,6050576.0,12.0,12101152.0,1452138.24,10649013.76
2254,2023-10-03,Susan Douglas,Individual,BMW i7,Delhi,Blue,Diesel,Automatic,Online,3,15286631.0,12.0,45859893.0,5503187.16,40356705.84
2255,2024-08-29,Sarah English,Individual,BMW i4,Ahmedabad,Blue,Petrol,Automatic,Corporate,1,7790577.0,5.0,7790577.0,389528.85,7401048.15
2256,2026-05-30,Brenda Collier,Individual,BMW X5,Chennai,Grey,Electric,Manual,Online,2,9805674.0,2.0,19611348.0,392226.96,19219121.04
2257,2024-09-27,Lori Gordon,Luxury,BMW 7 Series,Delhi,Blue,Diesel,Automatic,Dealer,2,14887245.0,10.0,29774490.0,2977449.0,26797041.0
2258,2026-01-27,Jasmine Poole,Individual,BMW i7,Hyderabad,Blue,Petrol,Automatic,Corporate,1,14917861.0,5.0,14917861.0,745893.05,14171967.95
2259,2023-08-18,Alexis Brooks,Individual,BMW 3 Series,Kochi,Silver,Petrol,Manual,Dealer,3,4583537.0,7.0,13750611.0,962542.77,12788068.23
2260,2024-02-05,Caleb Lee,Individual,BMW i5,Jaipur,Blue,Diesel,Automatic,Dealer,2,10915799.0,10.0,21831598.0,2183159.8,19648438.2
2261,2026-07-02,Sara Blake,Luxury,BMW 5 Series,Kolkata,White,Petrol,Manual,Online,2,7323304.0,2.0,14646608.0,292932.16,14353675.84
2262,2023-09-29,Wendy Mercado,Individual,BMW i4,Pune,Grey,Electric,Automatic,Dealer,3,8179800.0,10.0,24539400.0,2453940.0,22085460.0
2263,2024-07-16,Andrew Hawkins,Individual,BMW i7,Kochi,White,Hybrid,Automatic,Dealer,2,17234085.0,5.0,34468170.0,1723408.5,32744761.5
2264,2025-05-19,Yvette Austin,Corporate,BMW X7,Hyderabad,White,Hybrid,Manual,Corporate,1,15344284.0,12.0,15344284.0,1841314.08,13502969.92
2265,2024-12-10,Adrian Rogers,Corporate,BMW 7 Series,Bangalore,Black,Diesel,Automatic,Dealer,2,16146095.0,7.0,32292190.0,2260453.3,30031736.7
2266,2024-01-06,Stephen Stanton,Individual,BMW 5 Series,Pune,Silver,Petrol,Automatic,Online,1,8265495.0,2.0,8265495.0,165309.9,8100185.1
2267,2025-02-15,David Holmes,Luxury,BMW 7 Series,Bangalore,Red,Petrol,Manual,Dealer,1,15433753.0,5.0,15433753.0,771687.65,14662065.35
2268,2024-03-12,Rachel Miller,Luxury,BMW X5,Kochi,Black,Hybrid,Automatic,Online,2,9896207.0,0.0,19792414.0,0.0,19792414.0
2269,2025-06-23,Brian Dorsey,Luxury,BMW X5,Jaipur,Red,Electric,Manual,Online,1,11809388.0,12.0,11809388.0,1417126.56,10392261.44
2270,2026-04-11,Melissa Greene DDS,Individual,BMW 7 Series,Bangalore,Black,Petrol,Manual,Online,3,17202097.0,10.0,51606291.0,5160629.1,46445661.9
2271,2023-09-11,Michelle Smith,Luxury,BMW i5,Kochi,Red,Hybrid,Automatic,Corporate,1,10799524.0,0.0,10799524.0,0.0,10799524.0
2272,2025-03-25,David Ortiz,Luxury,BMW i4,Hyderabad,Blue,Petrol,Automatic,Dealer,2,8067585.0,5.0,16135170.0,806758.5,15328411.5
2273,2024-02-03,Denise Nelson,Luxury,BMW 7 Series,Ahmedabad,White,Diesel,Manual,Dealer,1,15363262.0,0.0,15363262.0,0.0,15363262.0
2274,2023-12-22,Chad Valentine,Corporate,BMW X1,Hyderabad,Blue,Petrol,Manual,Online,1,6389332.0,0.0,6389332.0,0.0,6389332.0
2275,2025-10-19,Rebecca Smith,Corporate,BMW X3,Mumbai,Silver,Petrol,Automatic,Online,3,6776151.0,10.0,20328453.0,2032845.3,18295607.7
2276,2024-06-10,Lindsay Conner,Individual,BMW i7,Kochi,Black,Diesel,Automatic,Dealer,1,16980221.0,12.0,16980221.0,2037626.52,14942594.48
2277,2025-08-12,Heather Huerta,Individual,BMW X1,Chennai,White,Diesel,Automatic,Corporate,3,5580907.0,12.0,16742721.0,2009126.52,14733594.48
2278,2024-03-04,Joanne Smith,Luxury,BMW i4,Ahmedabad,Black,Diesel,Manual,Dealer,1,7753245.0,12.0,7753245.0,930389.4,6822855.6
2279,2023-08-21,Amanda Torres,Corporate,BMW 3 Series,Hyderabad,Blue,Petrol,Manual,Online,1,5555576.0,7.0,5555576.0,388890.32,5166685.68
2280,2024-01-01,Mark Powell,Corporate,BMW X1,Chennai,Silver,Diesel,Manual,Online,1,6430639.0,5.0,6430639.0,321531.95,6109107.05
2281,2025-02-10,Amanda Bush,Individual,BMW X5,Kolkata,Red,Diesel,Automatic,Corporate,1,11951831.0,10.0,11951831.0,1195183.1,10756647.9
2282,2025-04-10,Mrs. Dawn Good,Corporate,BMW 3 Series,Hyderabad,Silver,Petrol,Manual,Online,1,5754547.0,7.0,5754547.0,402818.29,5351728.71
2283,2026-03-03,Michael Moore,Individual,BMW i7,Chennai,Silver,Diesel,Automatic,Online,1,17609620.0,10.0,17609620.0,1760962.0,15848658.0
2284,2024-05-08,Jade Nelson,Individual,BMW X1,Jaipur,Grey,Hybrid,Automatic,Corporate,1,5578616.0,10.0,5578616.0,557861.6,5020754.4
2285,2026-01-05,Richard Edwards,Corporate,BMW 5 Series,Mumbai,Grey,Petrol,Automatic,Online,1,8468986.0,7.0,8468986.0,592829.02,7876156.98
2286,2024-05-25,John Walker IV,Individual,BMW i5,Pune,Grey,Petrol,Manual,Corporate,2,10764205.0,7.0,21528410.0,1506988.7,20021421.3
2287,2023-11-15,Sandra Martin,Individual,BMW X7,Hyderabad,Grey,Electric,Manual,Online,3,12352794.0,10.0,37058382.0,3705838.2,33352543.8
2288,2024-04-03,David Mcguire,Corporate,BMW i7,Delhi,Silver,Petrol,Manual,Online,2,17266536.0,5.0,34533072.0,1726653.6,32806418.4
2289,2024-01-23,Michael Johnson,Individual,BMW X1,Delhi,White,Hybrid,Manual,Online,1,6268062.0,12.0,6268062.0,752167.44,5515894.56
2290,2025-05-16,Sydney Rosario,Individual,BMW i7,Kolkata,White,Diesel,Manual,Online,2,14701601.0,2.0,29403202.0,588064.04,28815137.96
2291,2026-07-09,Donna Martinez,Luxury,BMW 5 Series,Bangalore,White,Hybrid,Automatic,Online,1,7119745.0,5.0,7119745.0,355987.25,6763757.75
2292,2025-06-02,Breanna Howell,Luxury,BMW i5,Pune,Black,Petrol,Manual,Corporate,3,9559006.0,2.0,28677018.0,573540.36,28103477.64
2293,2026-05-23,Jessica Wells,Luxury,BMW i7,Bangalore,White,Diesel,Manual,Dealer,3,17103387.0,7.0,51310161.0,3591711.27,47718449.73
2294,2023-10-15,Daniel Ortiz,Individual,BMW i7,Kochi,White,Diesel,Manual,Dealer,2,16863444.0,5.0,33726888.0,1686344.4,32040543.6
2295,2023-12-08,Misty Gomez,Individual,BMW X3,Ahmedabad,Black,Electric,Automatic,Dealer,2,6891452.0,12.0,13782904.0,1653948.48,12128955.52
2296,2023-10-06,Brandon Martin,Luxury,BMW X3,Mumbai,Black,Petrol,Manual,Corporate,3,6572843.0,2.0,19718529.0,394370.58,19324158.42
2297,2024-10-18,Heidi Johnson,Luxury,BMW i4,Kolkata,Blue,Electric,Manual,Online,2,7058698.0,12.0,14117396.0,1694087.52,12423308.48
2298,2025-04-03,Michelle Price,Individual,BMW i7,Delhi,Grey,Electric,Manual,Online,2,16094549.0,7.0,32189098.0,2253236.86,29935861.14
2299,2025-05-19,Adrienne Stewart,Luxury,BMW X1,Kolkata,Blue,Hybrid,Manual,Corporate,3,5777453.0,7.0,17332359.0,1213265.13,16119093.87
2300,2025-11-12,Sarah Thomas,Individual,BMW i5,Kolkata,White,Electric,Automatic,Dealer,1,10692177.0,7.0,10692177.0,748452.39,9943724.61
2301,2025-11-22,Tyler Sims,Luxury,BMW X5,Delhi,Silver,Petrol,Manual,Online,1,11051637.0,10.0,11051637.0,1105163.7,9946473.3
2302,2023-09-03,Ronald Lawrence,Corporate,BMW i5,Bangalore,Grey,Diesel,Manual,Corporate,2,10708688.0,2.0,21417376.0,428347.52,20989028.48
2303,2025-09-12,Jason Guerrero,Corporate,BMW X7,Kolkata,Black,Diesel,Automatic,Online,2,13267044.0,2.0,26534088.0,530681.76,26003406.24
2304,2023-10-24,Jason Wright,Corporate,BMW 7 Series,Mumbai,Black,Electric,Automatic,Dealer,3,17086527.0,10.0,51259581.0,5125958.1,46133622.9
2305,2024-09-22,Andrea Dixon,Individual,BMW X3,Chennai,Red,Diesel,Automatic,Online,2,7900263.0,12.0,15800526.0,1896063.12,13904462.88
2306,2023-08-24,Jacob Williams,Luxury,BMW 5 Series,Delhi,White,Petrol,Manual,Online,2,8128966.0,5.0,16257932.0,812896.6,15445035.4
2307,2025-05-14,Kelly Johnson,Corporate,BMW X1,Ahmedabad,Black,Petrol,Automatic,Corporate,1,5473967.0,12.0,5473967.0,656876.04,4817090.96
2308,2024-12-27,Gregory Juarez,Luxury,BMW X5,Hyderabad,Blue,Hybrid,Automatic,Online,1,10095963.0,0.0,10095963.0,0.0,10095963.0
2309,2025-01-14,Desiree Montoya,Luxury,BMW X5,Hyderabad,Blue,Diesel,Manual,Online,2,10377092.0,12.0,20754184.0,2490502.08,18263681.92
2310,2025-05-09,Julie Lam,Corporate,BMW X3,Delhi,Grey,Petrol,Automatic,Dealer,3,7926642.0,12.0,23779926.0,2853591.12,20926334.88
2311,2026-03-08,David Anderson,Corporate,BMW 7 Series,Chennai,Silver,Diesel,Automatic,Online,2,18437882.0,5.0,36875764.0,1843788.2,35031975.8
2312,2023-11-08,Wendy Kirby,Individual,BMW i4,Hyderabad,Silver,Electric,Manual,Dealer,2,8210695.0,7.0,16421390.0,1149497.3,15271892.7
2313,2024-05-31,Dale Whitaker,Individual,BMW i4,Chennai,Silver,Petrol,Manual,Online,2,7233780.0,0.0,14467560.0,0.0,14467560.0
2314,2024-08-04,Craig Carter,Individual,BMW i5,Bangalore,Silver,Petrol,Automatic,Dealer,2,9051561.0,5.0,18103122.0,905156.1,17197965.9
2315,2025-09-16,Kelly Krause,Luxury,BMW i4,Hyderabad,White,Electric,Manual,Dealer,1,7268484.0,5.0,7268484.0,363424.2,6905059.8
2316,2024-07-16,Craig Parker,Corporate,BMW 5 Series,Kolkata,White,Petrol,Automatic,Corporate,3,6555511.0,5.0,19666533.0,983326.65,18683206.35
2317,2023-08-21,Joseph Stein,Luxury,BMW 5 Series,Ahmedabad,Black,Diesel,Manual,Online,1,6844936.0,2.0,6844936.0,136898.72,6708037.28
2318,2024-02-15,Kevin Dawson,Luxury,BMW X5,Hyderabad,Silver,Petrol,Automatic,Corporate,2,11673058.0,2.0,23346116.0,466922.32,22879193.68
2319,2026-05-29,Michael Lynch,Individual,BMW i4,Mumbai,Blue,Electric,Automatic,Dealer,1,7721356.0,12.0,7721356.0,926562.72,6794793.28
2320,2024-01-05,Michelle Kemp,Individual,BMW 7 Series,Hyderabad,Red,Diesel,Automatic,Online,1,17713585.0,12.0,17713585.0,2125630.2,15587954.8
2321,2024-06-03,Thomas Carter,Corporate,BMW X5,Ahmedabad,White,Diesel,Manual,Dealer,2,10431385.0,2.0,20862770.0,417255.4,20445514.6
2322,2025-03-23,Raymond Collins,Individual,BMW i5,Pune,Black,Petrol,Manual,Corporate,2,9072893.0,7.0,18145786.0,1270205.02,16875580.98
2323,2026-05-20,Maureen Cunningham,Individual,BMW 7 Series,Kolkata,White,Diesel,Manual,Dealer,1,18176135.0,10.0,18176135.0,1817613.5,16358521.5
2324,2026-02-27,Janet Baker,Luxury,BMW 3 Series,Ahmedabad,Black,Electric,Automatic,Corporate,1,4761475.0,7.0,4761475.0,333303.25,4428171.75
2325,2026-02-04,Diana Ingram,Luxury,BMW i5,Hyderabad,Silver,Hybrid,Manual,Online,1,10480771.0,7.0,10480771.0,733653.97,9747117.03
2326,2025-03-14,Melissa Cherry,Individual,BMW X7,Ahmedabad,Blue,Diesel,Automatic,Dealer,2,12840136.0,7.0,25680272.0,1797619.04,23882652.96
2327,2024-06-19,Bradley Holt,Corporate,BMW 7 Series,Hyderabad,Black,Petrol,Manual,Dealer,3,15353802.0,10.0,46061406.0,4606140.6,41455265.4
2328,2026-05-23,Joshua Rogers,Luxury,BMW X5,Jaipur,Silver,Diesel,Automatic,Online,1,11874284.0,12.0,11874284.0,1424914.08,10449369.92
2329,2025-06-14,Bradley Barton,Luxury,BMW X7,Chennai,Blue,Diesel,Manual,Dealer,1,13581365.0,10.0,13581365.0,1358136.5,12223228.5
2330,2025-06-28,Alexander Rivera,Luxury,BMW X7,Mumbai,Grey,Diesel,Automatic,Dealer,3,15494342.0,12.0,46483026.0,5577963.12,40905062.88
2331,2025-11-03,Richard Banks,Individual,BMW i5,Chennai,Grey,Electric,Automatic,Dealer,2,9569494.0,12.0,19138988.0,2296678.56,16842309.44
2332,2026-06-26,Andrew Thompson,Individual,BMW i4,Pune,Black,Electric,Automatic,Corporate,3,7480489.0,5.0,22441467.0,1122073.35,21319393.65
2333,2024-12-23,Samuel Powell,Luxury,BMW 5 Series,Mumbai,Grey,Petrol,Manual,Online,2,8124807.0,2.0,16249614.0,324992.28,15924621.72
2334,2024-10-01,Brian Ball,Luxury,BMW X1,Kochi,Grey,Petrol,Manual,Online,3,5993057.0,5.0,17979171.0,898958.55,17080212.45
2335,2024-08-28,Daniel Henry,Luxury,BMW i4,Chennai,Red,Petrol,Automatic,Corporate,2,7758187.0,5.0,15516374.0,775818.7,14740555.3
2336,2024-04-10,Nicholas Butler,Luxury,BMW 5 Series,Pune,Blue,Petrol,Automatic,Corporate,2,6681357.0,12.0,13362714.0,1603525.68,11759188.32
2337,2024-02-24,Stephen Townsend,Luxury,BMW X5,Pune,Red,Petrol,Manual,Dealer,2,11296274.0,0.0,22592548.0,0.0,22592548.0
2338,2026-01-01,Jordan Bailey,Corporate,BMW i7,Pune,Blue,Diesel,Automatic,Dealer,3,15891040.0,7.0,47673120.0,3337118.4,44336001.6
2339,2024-11-10,Eric Carey,Luxury,BMW 7 Series,Chennai,White,Petrol,Automatic,Corporate,1,16127526.0,7.0,16127526.0,1128926.82,14998599.18
2340,2025-05-09,Teresa Gallegos,Individual,BMW i4,Bangalore,Black,Diesel,Manual,Dealer,3,7285118.0,12.0,21855354.0,2622642.48,19232711.52
2341,2025-11-05,Dylan Steele,Luxury,BMW i7,Mumbai,Red,Hybrid,Manual,Corporate,3,17153687.0,7.0,51461061.0,3602274.27,47858786.73
2342,2023-10-15,Justin Stewart,Individual,BMW i4,Kolkata,Grey,Diesel,Automatic,Online,3,7076201.0,10.0,21228603.0,2122860.3,19105742.7
2343,2026-03-17,John Wilson,Luxury,BMW i4,Ahmedabad,White,Diesel,Manual,Online,1,7485122.0,10.0,7485122.0,748512.2,6736609.8
2344,2024-01-16,Eric Ibarra,Corporate,BMW 3 Series,Ahmedabad,Red,Hybrid,Manual,Dealer,3,5211183.0,10.0,15633549.0,1563354.9,14070194.1
2345,2025-05-07,Amy Ross,Luxury,BMW X1,Kochi,White,Petrol,Automatic,Online,3,6464406.0,5.0,19393218.0,969660.9,18423557.1
2346,2024-11-09,Christopher Cole,Individual,BMW X5,Delhi,Silver,Electric,Automatic,Dealer,1,10290106.0,10.0,10290106.0,1029010.6,9261095.4
2347,2025-12-27,Maureen Campos,Corporate,BMW 7 Series,Chennai,Black,Electric,Automatic,Online,1,15329926.0,10.0,15329926.0,1532992.6,13796933.4
2348,2025-12-11,David Sexton,Individual,BMW X7,Delhi,Grey,Electric,Manual,Corporate,3,13186100.0,12.0,39558300.0,4746996.0,34811304.0
2349,2025-01-04,Jack Kline,Corporate,BMW 3 Series,Chennai,Grey,Hybrid,Manual,Corporate,2,4794189.0,10.0,9588378.0,958837.8,8629540.2
2350,2024-04-01,Derek Noble,Individual,BMW X7,Ahmedabad,Grey,Hybrid,Manual,Online,2,13681553.0,10.0,27363106.0,2736310.6,24626795.4
2351,2025-02-25,Felicia Harris,Individual,BMW X1,Kolkata,Black,Electric,Manual,Dealer,2,5728883.0,12.0,11457766.0,1374931.92,10082834.08
2352,2025-01-09,Michelle Simmons,Individual,BMW X7,Mumbai,White,Hybrid,Automatic,Corporate,2,13480603.0,12.0,26961206.0,3235344.72,23725861.28
2353,2024-08-31,Elizabeth Conrad,Individual,BMW X7,Delhi,White,Hybrid,Manual,Dealer,2,14369975.0,10.0,28739950.0,2873995.0,25865955.0
2354,2025-05-02,George Bush,Individual,BMW i7,Pune,Grey,Diesel,Manual,Dealer,3,14576101.0,12.0,43728303.0,5247396.36,38480906.64
2355,2026-06-10,Mary Newman,Individual,BMW X5,Kochi,White,Electric,Manual,Dealer,3,11454342.0,0.0,34363026.0,0.0,34363026.0
2356,2026-01-30,Summer Russell,Individual,BMW i5,Hyderabad,White,Hybrid,Manual,Dealer,2,9970294.0,12.0,19940588.0,2392870.56,17547717.44
2357,2025-11-04,Linda Ashley,Corporate,BMW X5,Kochi,Red,Electric,Manual,Online,3,10716267.0,10.0,32148801.0,3214880.1,28933920.9
2358,2025-08-05,Catherine Bryant,Corporate,BMW X7,Kolkata,Blue,Electric,Automatic,Corporate,2,13040244.0,5.0,26080488.0,1304024.4,24776463.6
2359,2024-09-16,Jacob Harris,Luxury,BMW X3,Bangalore,Grey,Diesel,Automatic,Online,3,7140370.0,0.0,21421110.0,0.0,21421110.0
2360,2025-11-11,Brent Mercer,Corporate,BMW X3,Kochi,Red,Electric,Manual,Dealer,2,7445585.0,2.0,14891170.0,297823.4,14593346.6
2361,2026-03-12,Jeffrey Wilson,Individual,BMW i5,Jaipur,Black,Electric,Manual,Corporate,1,9359320.0,2.0,9359320.0,187186.4,9172133.6
2362,2025-10-09,Henry Miles,Individual,BMW i4,Mumbai,Silver,Electric,Automatic,Dealer,3,8207161.0,10.0,24621483.0,2462148.3,22159334.7
2363,2026-02-03,Jean Richard,Individual,BMW 5 Series,Chennai,White,Petrol,Automatic,Online,3,8375307.0,7.0,25125921.0,1758814.47,23367106.53
2364,2025-12-30,William Ware,Luxury,BMW 3 Series,Ahmedabad,Blue,Diesel,Manual,Corporate,2,5185398.0,10.0,10370796.0,1037079.6,9333716.4
2365,2023-08-30,Olivia Lynch,Individual,BMW X7,Pune,White,Diesel,Automatic,Dealer,2,13412130.0,10.0,26824260.0,2682426.0,24141834.0
2366,2025-10-07,Jared Williams,Individual,BMW 3 Series,Delhi,Blue,Hybrid,Automatic,Corporate,3,5083296.0,7.0,15249888.0,1067492.16,14182395.84
2367,2024-03-24,Kimberly Williams,Individual,BMW i7,Mumbai,White,Electric,Automatic,Dealer,1,16376381.0,0.0,16376381.0,0.0,16376381.0
2368,2026-04-19,Juan Miller,Corporate,BMW X1,Ahmedabad,Red,Hybrid,Automatic,Corporate,2,5699019.0,5.0,11398038.0,569901.9,10828136.1
2369,2024-09-10,Carolyn Rodriguez,Corporate,BMW X5,Ahmedabad,Black,Diesel,Automatic,Corporate,3,9509717.0,7.0,28529151.0,1997040.57,26532110.43
2370,2025-12-04,Anthony Allen,Corporate,BMW X5,Jaipur,Silver,Electric,Manual,Dealer,1,10751348.0,5.0,10751348.0,537567.4,10213780.6
2371,2023-11-09,Melinda Patterson,Corporate,BMW 5 Series,Bangalore,Blue,Petrol,Automatic,Dealer,3,6967292.0,10.0,20901876.0,2090187.6,18811688.4
2372,2024-11-19,Joseph Owens,Individual,BMW X1,Kolkata,White,Petrol,Automatic,Online,3,5330451.0,12.0,15991353.0,1918962.36,14072390.64
2373,2026-02-16,Abigail Mcdaniel,Corporate,BMW i4,Delhi,White,Petrol,Automatic,Dealer,2,7384012.0,7.0,14768024.0,1033761.68,13734262.32
2374,2023-12-08,Joel Harrison,Individual,BMW i4,Kochi,Silver,Hybrid,Automatic,Corporate,3,7871755.0,12.0,23615265.0,2833831.8,20781433.2
2375,2024-02-22,Reginald Morris,Luxury,BMW X5,Hyderabad,Red,Petrol,Automatic,Dealer,2,11886898.0,7.0,23773796.0,1664165.72,22109630.28
2376,2026-03-25,Corey Jenkins DDS,Corporate,BMW i4,Ahmedabad,Blue,Diesel,Automatic,Dealer,1,7599882.0,7.0,7599882.0,531991.74,7067890.26
2377,2024-07-16,Kelly Kane,Individual,BMW X5,Chennai,Blue,Petrol,Automatic,Corporate,1,10150812.0,10.0,10150812.0,1015081.2,9135730.8
2378,2023-09-23,Kevin Avery,Luxury,BMW i7,Delhi,White,Hybrid,Manual,Dealer,2,15770517.0,5.0,31541034.0,1577051.7,29963982.3
2379,2026-05-18,Yolanda Collins,Individual,BMW X1,Mumbai,Red,Diesel,Automatic,Dealer,3,5279920.0,2.0,15839760.0,316795.2,15522964.8
2380,2025-03-06,Rhonda Baldwin,Individual,BMW 7 Series,Pune,White,Diesel,Automatic,Dealer,3,17366119.0,0.0,52098357.0,0.0,52098357.0
2381,2025-04-03,Carl Torres,Luxury,BMW X1,Mumbai,Grey,Petrol,Automatic,Online,2,5531919.0,7.0,11063838.0,774468.66,10289369.34
2382,2024-05-14,Holly Moreno,Corporate,BMW i4,Pune,White,Hybrid,Manual,Dealer,2,7022452.0,7.0,14044904.0,983143.28,13061760.72
2383,2024-09-11,Bryan Bishop,Individual,BMW 3 Series,Hyderabad,White,Petrol,Automatic,Dealer,3,5082995.0,5.0,15248985.0,762449.25,14486535.75
2384,2026-04-18,Beverly Zimmerman,Individual,BMW i7,Jaipur,White,Diesel,Automatic,Online,2,17227862.0,7.0,34455724.0,2411900.68,32043823.32
2385,2024-10-15,Richard Allen,Individual,BMW 7 Series,Chennai,Grey,Petrol,Automatic,Online,3,15065821.0,5.0,45197463.0,2259873.15,42937589.85
2386,2024-03-05,Samantha Clay,Luxury,BMW 7 Series,Hyderabad,Blue,Petrol,Manual,Online,2,15110674.0,0.0,30221348.0,0.0,30221348.0
2387,2024-04-10,Andrew Torres,Corporate,BMW X3,Jaipur,Grey,Hybrid,Manual,Online,3,7470079.0,0.0,22410237.0,0.0,22410237.0
2388,2025-07-31,Marilyn Moreno,Corporate,BMW 5 Series,Kochi,Blue,Petrol,Manual,Corporate,3,8149745.0,2.0,24449235.0,488984.7,23960250.3
2389,2023-12-22,Jordan Jackson,Corporate,BMW i5,Mumbai,Silver,Hybrid,Automatic,Corporate,2,10125799.0,2.0,20251598.0,405031.96,19846566.04
2390,2026-05-07,Jonathan Robbins,Corporate,BMW 5 Series,Hyderabad,Black,Electric,Manual,Corporate,2,6826215.0,10.0,13652430.0,1365243.0,12287187.0
2391,2025-05-16,Mrs. Misty Rocha DVM,Individual,BMW X3,Delhi,White,Diesel,Manual,Corporate,3,7563535.0,12.0,22690605.0,2722872.6,19967732.4
2392,2024-08-08,Shannon Morgan,Individual,BMW X1,Ahmedabad,Black,Diesel,Automatic,Dealer,1,6202514.0,2.0,6202514.0,124050.28,6078463.72
2393,2024-09-29,Daniel Charles,Luxury,BMW 5 Series,Jaipur,White,Electric,Manual,Corporate,3,7460264.0,0.0,22380792.0,0.0,22380792.0
2394,2025-07-01,Frank Clark,Luxury,BMW 3 Series,Bangalore,Blue,Petrol,Automatic,Dealer,1,5452976.0,7.0,5452976.0,381708.32,5071267.68
2395,2026-01-31,Samuel Morales,Luxury,BMW X5,Bangalore,Blue,Electric,Automatic,Online,3,11965231.0,10.0,35895693.0,3589569.3,32306123.7
2396,2026-04-07,Marissa Andrews,Luxury,BMW 5 Series,Ahmedabad,White,Hybrid,Manual,Online,1,6713959.0,2.0,6713959.0,134279.18,6579679.82
2397,2024-06-11,Heather Byrd,Corporate,BMW X1,Mumbai,White,Petrol,Manual,Dealer,2,6169280.0,2.0,12338560.0,246771.2,12091788.8
2398,2024-10-27,Craig Hancock,Luxury,BMW 7 Series,Bangalore,Silver,Electric,Manual,Corporate,1,17151436.0,7.0,17151436.0,1200600.52,15950835.48
2399,2024-07-11,Alex Rhodes,Individual,BMW X7,Mumbai,Silver,Petrol,Automatic,Online,1,15811664.0,12.0,15811664.0,1897399.68,13914264.32
2400,2024-01-18,John Frank,Individual,BMW X3,Delhi,Red,Hybrid,Manual,Online,1,7428657.0,5.0,7428657.0,371432.85,7057224.15
2401,2024-06-30,Nancy Peterson,Individual,BMW i4,Chennai,Red,Hybrid,Manual,Corporate,1,7348567.0,5.0,7348567.0,367428.35,6981138.65
2402,2025-06-30,Chelsea Turner,Corporate,BMW X5,Mumbai,Red,Diesel,Manual,Corporate,2,11379866.0,5.0,22759732.0,1137986.6,21621745.4
2403,2025-07-26,Chad Briggs,Individual,BMW X1,Hyderabad,Grey,Diesel,Manual,Online,3,6253536.0,5.0,18760608.0,938030.4,17822577.6
2404,2024-09-25,Shane Gray II,Corporate,BMW i4,Ahmedabad,Blue,Diesel,Automatic,Dealer,1,7668795.0,2.0,7668795.0,153375.9,7515419.1
2405,2025-11-23,Gina Smith,Luxury,BMW X7,Pune,Red,Diesel,Automatic,Online,1,14276403.0,2.0,14276403.0,285528.06,13990874.94
2406,2026-05-26,Henry Ramirez,Corporate,BMW i7,Hyderabad,Black,Petrol,Manual,Dealer,3,14632959.0,5.0,43898877.0,2194943.85,41703933.15
2407,2023-12-10,Ryan Berry,Corporate,BMW 3 Series,Hyderabad,Silver,Hybrid,Automatic,Dealer,2,5740281.0,5.0,11480562.0,574028.1,10906533.9
2408,2024-03-09,Arthur Oconnor,Individual,BMW i4,Hyderabad,Red,Electric,Automatic,Online,2,8354241.0,2.0,16708482.0,334169.64,16374312.36
2409,2023-08-16,Brittany Gutierrez,Individual,BMW X7,Bangalore,Red,Petrol,Manual,Dealer,3,13406033.0,5.0,40218099.0,2010904.95,38207194.05
2410,2024-10-26,Susan Harris,Luxury,BMW X1,Bangalore,Black,Petrol,Manual,Corporate,3,5467738.0,10.0,16403214.0,1640321.4,14762892.6
2411,2024-05-22,Jennifer Wilson MD,Individual,BMW X1,Hyderabad,White,Diesel,Automatic,Dealer,3,5134704.0,0.0,15404112.0,0.0,15404112.0
2412,2025-11-05,Laura Rogers,Corporate,BMW X5,Delhi,Silver,Electric,Automatic,Corporate,3,11644806.0,0.0,34934418.0,0.0,34934418.0
2413,2025-03-31,Mrs. Melissa Guerrero,Luxury,BMW X7,Jaipur,Black,Petrol,Automatic,Online,2,14095069.0,5.0,28190138.0,1409506.9,26780631.1
2414,2026-07-14,Lori Morgan,Luxury,BMW X3,Jaipur,Blue,Electric,Automatic,Dealer,1,7626660.0,7.0,7626660.0,533866.2,7092793.8
2415,2025-08-04,Aaron Morales,Individual,BMW 3 Series,Kolkata,Grey,Hybrid,Manual,Online,3,4872582.0,10.0,14617746.0,1461774.6,13155971.4
2416,2025-02-16,Veronica Salazar,Corporate,BMW i5,Pune,Silver,Hybrid,Manual,Corporate,3,10627260.0,7.0,31881780.0,2231724.6,29650055.4
2417,2024-07-08,Valerie Brown,Luxury,BMW X3,Bangalore,White,Diesel,Manual,Dealer,2,7749469.0,12.0,15498938.0,1859872.56,13639065.44
2418,2025-09-17,Victoria Baxter,Individual,BMW 5 Series,Kochi,White,Diesel,Automatic,Dealer,3,6795508.0,7.0,20386524.0,1427056.68,18959467.32
2419,2024-03-17,Michael Sherman,Luxury,BMW 3 Series,Delhi,Blue,Diesel,Manual,Dealer,1,5947406.0,0.0,5947406.0,0.0,5947406.0
2420,2024-08-25,Stephen Lee,Corporate,BMW 5 Series,Delhi,Red,Petrol,Automatic,Corporate,2,8036664.0,10.0,16073328.0,1607332.8,14465995.2
2421,2023-08-31,Jared Smith,Luxury,BMW i4,Hyderabad,Red,Electric,Automatic,Dealer,3,7851970.0,10.0,23555910.0,2355591.0,21200319.0
2422,2025-06-07,Isaiah King,Corporate,BMW i5,Mumbai,Black,Petrol,Automatic,Online,3,9232560.0,10.0,27697680.0,2769768.0,24927912.0
2423,2024-05-15,Dr. Alicia Garrison,Individual,BMW X7,Chennai,White,Petrol,Automatic,Online,3,15093301.0,12.0,45279903.0,5433588.36,39846314.64
2424,2025-01-30,Edward Bennett,Individual,BMW X1,Hyderabad,Red,Hybrid,Automatic,Dealer,2,6130871.0,2.0,12261742.0,245234.84,12016507.16
2425,2025-06-19,Jessica Rodriguez,Corporate,BMW X5,Chennai,White,Diesel,Automatic,Corporate,1,10870016.0,5.0,10870016.0,543500.8,10326515.2
2426,2024-05-28,Lindsey Perez,Corporate,BMW 7 Series,Kolkata,Red,Petrol,Automatic,Online,3,15433748.0,10.0,46301244.0,4630124.4,41671119.6
2427,2024-11-06,Matthew Brown,Luxury,BMW i5,Kolkata,White,Diesel,Automatic,Dealer,2,9343962.0,7.0,18687924.0,1308154.68,17379769.32
2428,2023-09-17,Andrew Huang,Corporate,BMW i5,Kochi,White,Diesel,Manual,Corporate,2,10872666.0,12.0,21745332.0,2609439.84,19135892.16
2429,2025-05-31,Mark Harper,Corporate,BMW 5 Series,Jaipur,Silver,Hybrid,Automatic,Online,3,7205109.0,0.0,21615327.0,0.0,21615327.0
2430,2024-08-22,Sean White,Individual,BMW 5 Series,Mumbai,Black,Petrol,Automatic,Dealer,3,7410276.0,5.0,22230828.0,1111541.4,21119286.6
2431,2025-11-04,Nicole Guzman,Luxury,BMW i5,Hyderabad,Red,Diesel,Automatic,Corporate,1,9421789.0,12.0,9421789.0,1130614.68,8291174.32
2432,2023-08-13,Shannon Soto,Corporate,BMW i5,Mumbai,Silver,Petrol,Manual,Corporate,1,9732593.0,7.0,9732593.0,681281.51,9051311.49
2433,2026-05-19,Nathan Mcintyre,Corporate,BMW 3 Series,Kolkata,Grey,Petrol,Automatic,Corporate,2,6497888.0,7.0,12995776.0,909704.32,12086071.68
2434,2026-01-18,Peter Smith,Individual,BMW X5,Kochi,Red,Petrol,Manual,Dealer,1,10200650.0,12.0,10200650.0,1224078.0,8976572.0
2435,2024-01-30,Christine Carlson,Luxury,BMW i7,Hyderabad,Grey,Petrol,Manual,Corporate,3,15959112.0,7.0,47877336.0,3351413.52,44525922.48
2436,2024-07-20,Amber Mercado,Corporate,BMW 5 Series,Pune,Red,Diesel,Manual,Corporate,2,7744493.0,10.0,15488986.0,1548898.6,13940087.4
2437,2024-02-01,Christopher Hernandez,Corporate,BMW i4,Hyderabad,Silver,Diesel,Manual,Online,1,8416745.0,12.0,8416745.0,1010009.4,7406735.6
2438,2025-08-05,Richard Gillespie,Corporate,BMW X7,Jaipur,Blue,Petrol,Automatic,Online,1,13612593.0,10.0,13612593.0,1361259.3,12251333.7
2439,2026-05-09,Mary Howard,Corporate,BMW X1,Delhi,Red,Diesel,Manual,Dealer,3,6293403.0,10.0,18880209.0,1888020.9,16992188.1
2440,2025-04-08,Jason Jacobs,Luxury,BMW i7,Delhi,Silver,Petrol,Manual,Online,2,16815059.0,12.0,33630118.0,4035614.16,29594503.84
2441,2025-07-27,Lauren Johnson,Luxury,BMW 7 Series,Kochi,Silver,Hybrid,Automatic,Online,2,14188532.0,5.0,28377064.0,1418853.2,26958210.8
2442,2025-02-04,Pamela Osborne,Individual,BMW X7,Kochi,Red,Hybrid,Manual,Corporate,1,13277219.0,7.0,13277219.0,929405.33,12347813.67
2443,2024-05-14,Lance Higgins,Luxury,BMW 3 Series,Jaipur,Blue,Hybrid,Manual,Online,3,6139651.0,7.0,18418953.0,1289326.71,17129626.29
2444,2025-06-24,Jeremy Taylor,Individual,BMW i7,Kochi,Black,Diesel,Manual,Online,2,15192132.0,5.0,30384264.0,1519213.2,28865050.8
2445,2025-09-26,Robert Garcia,Corporate,BMW i4,Mumbai,Silver,Electric,Automatic,Corporate,2,7606025.0,10.0,15212050.0,1521205.0,13690845.0
2446,2023-10-06,David Frazier,Corporate,BMW i7,Jaipur,Grey,Electric,Automatic,Online,3,17390789.0,0.0,52172367.0,0.0,52172367.0
2447,2025-09-27,Joseph Morrison,Corporate,BMW X5,Chennai,Red,Hybrid,Automatic,Dealer,3,10199044.0,12.0,30597132.0,3671655.84,26925476.16
2448,2024-11-15,Patrick Moore,Corporate,BMW 5 Series,Chennai,Grey,Petrol,Manual,Online,2,6843988.0,2.0,13687976.0,273759.52,13414216.48
2449,2024-05-07,Brandon Moore Jr.,Luxury,BMW i5,Kochi,Red,Diesel,Manual,Online,1,10891068.0,0.0,10891068.0,0.0,10891068.0
2450,2025-05-17,Erin Norton,Corporate,BMW X5,Jaipur,Red,Diesel,Automatic,Online,1,9937779.0,0.0,9937779.0,0.0,9937779.0
2451,2024-07-02,Krista Williams,Luxury,BMW X3,Jaipur,Red,Hybrid,Manual,Dealer,1,7655667.0,10.0,7655667.0,765566.7,6890100.3
2452,2025-01-15,Rachel Romero,Individual,BMW i5,Pune,White,Hybrid,Manual,Dealer,1,9872402.0,0.0,9872402.0,0.0,9872402.0
2453,2025-12-17,Francisco Knight,Individual,BMW 3 Series,Mumbai,Silver,Hybrid,Manual,Corporate,3,4596310.0,5.0,13788930.0,689446.5,13099483.5
2454,2025-10-28,Amy Herrera,Individual,BMW i7,Pune,Blue,Hybrid,Manual,Corporate,1,16705532.0,0.0,16705532.0,0.0,16705532.0
2455,2023-11-21,William Morgan,Corporate,BMW X3,Kochi,Silver,Electric,Manual,Corporate,2,6901776.0,10.0,13803552.0,1380355.2,12423196.8
2456,2025-07-29,Shannon Hardy,Individual,BMW 3 Series,Jaipur,Black,Petrol,Manual,Online,2,6096289.0,12.0,12192578.0,1463109.36,10729468.64
2457,2024-05-20,Michael Soto,Individual,BMW 3 Series,Chennai,Grey,Electric,Automatic,Dealer,3,4736975.0,2.0,14210925.0,284218.5,13926706.5
2458,2026-06-05,Kristi Cherry,Corporate,BMW X3,Delhi,Red,Petrol,Manual,Online,2,7135470.0,2.0,14270940.0,285418.8,13985521.2
2459,2024-02-23,Joseph Wallace,Corporate,BMW X5,Kolkata,White,Electric,Automatic,Dealer,2,11843047.0,5.0,23686094.0,1184304.7,22501789.3
2460,2025-12-15,Elizabeth Mitchell,Individual,BMW 7 Series,Bangalore,Red,Hybrid,Manual,Online,2,16714614.0,10.0,33429228.0,3342922.8,30086305.2
2461,2025-06-25,Dr. Jennifer Bailey,Individual,BMW X7,Hyderabad,Red,Petrol,Manual,Dealer,1,12772745.0,0.0,12772745.0,0.0,12772745.0
2462,2024-07-17,Shannon Chapman,Corporate,BMW X3,Ahmedabad,Blue,Hybrid,Manual,Corporate,2,6561655.0,7.0,13123310.0,918631.7,12204678.3
2463,2024-01-17,Andrew Hayden,Individual,BMW X3,Pune,Red,Hybrid,Manual,Dealer,3,7280906.0,2.0,21842718.0,436854.36,21405863.64
2464,2024-07-03,Sharon Alexander,Corporate,BMW X1,Jaipur,Grey,Petrol,Automatic,Online,2,5472329.0,0.0,10944658.0,0.0,10944658.0
2465,2024-10-31,Mark Rogers,Luxury,BMW X5,Mumbai,Red,Petrol,Automatic,Dealer,1,9926256.0,12.0,9926256.0,1191150.72,8735105.28
2466,2025-05-23,Emily Ingram,Luxury,BMW X7,Hyderabad,Black,Hybrid,Automatic,Dealer,1,14761580.0,0.0,14761580.0,0.0,14761580.0
2467,2024-09-05,Anna Richard,Luxury,BMW i4,Ahmedabad,Red,Diesel,Manual,Online,2,7329363.0,5.0,14658726.0,732936.3,13925789.7
2468,2025-06-29,Tammy Cook,Luxury,BMW X5,Jaipur,Red,Electric,Automatic,Online,1,10861991.0,2.0,10861991.0,217239.82,10644751.18
2469,2025-07-20,Denise James,Corporate,BMW 7 Series,Pune,Red,Electric,Manual,Corporate,2,14850631.0,0.0,29701262.0,0.0,29701262.0
2470,2025-12-27,Jason Peters,Corporate,BMW 5 Series,Ahmedabad,Black,Petrol,Manual,Corporate,1,6639586.0,5.0,6639586.0,331979.3,6307606.7
2471,2026-07-30,Sarah Huang,Corporate,BMW 5 Series,Delhi,Blue,Hybrid,Automatic,Corporate,2,7440020.0,5.0,14880040.0,744002.0,14136038.0
2472,2026-04-25,Samantha Adams,Corporate,BMW X1,Pune,Red,Electric,Automatic,Dealer,2,5296004.0,7.0,10592008.0,741440.56,9850567.44
2473,2025-09-11,Robert Fleming,Corporate,BMW X5,Kochi,Grey,Diesel,Manual,Corporate,3,10759466.0,10.0,32278398.0,3227839.8,29050558.2
2474,2026-02-11,Joshua Murphy,Individual,BMW X1,Chennai,Red,Petrol,Automatic,Dealer,1,5699127.0,7.0,5699127.0,398938.89,5300188.11
2475,2024-11-26,Lisa Hahn,Luxury,BMW i5,Mumbai,Silver,Diesel,Automatic,Corporate,1,9883499.0,0.0,9883499.0,0.0,9883499.0
2476,2025-06-07,Joshua Johnson,Corporate,BMW i7,Hyderabad,Grey,Diesel,Automatic,Dealer,1,15791487.0,10.0,15791487.0,1579148.7,14212338.3
2477,2025-10-13,Erica Thomas,Corporate,BMW i4,Jaipur,Blue,Hybrid,Automatic,Corporate,1,7996604.0,0.0,7996604.0,0.0,7996604.0
2478,2024-10-22,David Rodriguez,Corporate,BMW 5 Series,Pune,Silver,Electric,Manual,Corporate,1,6880715.0,7.0,6880715.0,481650.05,6399064.95
2479,2023-12-18,Paul Acosta,Corporate,BMW X1,Pune,Black,Petrol,Automatic,Online,2,5474850.0,10.0,10949700.0,1094970.0,9854730.0
2480,2024-04-01,Cassandra Fernandez,Corporate,BMW i4,Mumbai,Grey,Petrol,Manual,Corporate,2,7613495.0,7.0,15226990.0,1065889.3,14161100.7
2481,2024-02-04,Robert Ali,Individual,BMW X7,Hyderabad,Black,Electric,Automatic,Online,2,14485082.0,10.0,28970164.0,2897016.4,26073147.6
2482,2024-11-13,Lucas Jacobson,Corporate,BMW 7 Series,Kochi,Silver,Hybrid,Manual,Dealer,2,18828413.0,7.0,37656826.0,2635977.82,35020848.18
2483,2024-11-19,Kim Brown,Individual,BMW i7,Kochi,Silver,Petrol,Automatic,Corporate,3,16412209.0,0.0,49236627.0,0.0,49236627.0
2484,2026-05-12,Kathleen Marks,Luxury,BMW i7,Jaipur,Red,Petrol,Automatic,Corporate,2,15427255.0,2.0,30854510.0,617090.2,30237419.8
2485,2025-11-10,Albert King,Corporate,BMW X5,Hyderabad,Red,Hybrid,Manual,Dealer,3,9899296.0,0.0,29697888.0,0.0,29697888.0
2486,2025-04-10,Patricia Ortiz,Luxury,BMW X3,Kolkata,Red,Electric,Manual,Online,3,7080775.0,10.0,21242325.0,2124232.5,19118092.5
2487,2023-11-16,Carlos Valenzuela,Luxury,BMW i4,Hyderabad,Blue,Electric,Automatic,Corporate,2,8176586.0,7.0,16353172.0,1144722.04,15208449.96
2488,2026-01-10,Dylan Aguilar,Luxury,BMW 5 Series,Kochi,Black,Hybrid,Manual,Corporate,1,6607672.0,2.0,6607672.0,132153.44,6475518.56
2489,2025-11-16,Debra Anderson,Individual,BMW i7,Bangalore,Red,Diesel,Manual,Online,1,17439336.0,5.0,17439336.0,871966.8,16567369.2
2490,2023-12-19,Jeremy Bright,Individual,BMW 3 Series,Pune,Blue,Electric,Manual,Online,3,6074149.0,10.0,18222447.0,1822244.7,16400202.3
2491,2026-04-27,Patricia Reynolds,Individual,BMW X1,Kolkata,Grey,Petrol,Automatic,Corporate,1,6040899.0,10.0,6040899.0,604089.9,5436809.1
2492,2024-11-07,Danielle Valenzuela,Individual,BMW X1,Chennai,Blue,Hybrid,Automatic,Corporate,3,5440234.0,10.0,16320702.0,1632070.2,14688631.8
2493,2024-05-28,Timothy Sullivan,Individual,BMW X1,Kochi,Blue,Electric,Automatic,Corporate,3,6031136.0,0.0,18093408.0,0.0,18093408.0
2494,2026-03-21,Matthew Brown,Corporate,BMW i7,Kochi,Grey,Hybrid,Automatic,Online,1,16643565.0,0.0,16643565.0,0.0,16643565.0
2495,2025-03-25,Amanda Sparks,Individual,BMW 7 Series,Jaipur,White,Diesel,Manual,Corporate,2,17567049.0,10.0,35134098.0,3513409.8,31620688.2
2496,2024-06-13,Tiffany Robinson,Individual,BMW X5,Jaipur,Grey,Petrol,Manual,Dealer,1,11758469.0,12.0,11758469.0,1411016.28,10347452.72
2497,2025-04-16,Anthony Martinez,Individual,BMW X7,Chennai,Black,Diesel,Automatic,Dealer,3,15129491.0,0.0,45388473.0,0.0,45388473.0
2498,2024-12-22,Michael Holt,Corporate,BMW i5,Hyderabad,Blue,Diesel,Manual,Dealer,3,10788516.0,7.0,32365548.0,2265588.36,30099959.64
2499,2025-07-19,Jay Smith,Luxury,BMW X1,Kolkata,Silver,Electric,Automatic,Corporate,3,5088630.0,0.0,15265890.0,0.0,15265890.0
2500,2025-06-05,David Paul,Luxury,BMW 5 Series,Chennai,White,Electric,Automatic,Online,2,7094347.0,0.0,14188694.0,0.0,14188694.0
2501,2026-01-31,Jeremy Brown,Corporate,BMW X1,Kolkata,Red,Hybrid,Automatic,Online,2,5146127.0,12.0,10292254.0,1235070.48,9057183.52
2502,2025-11-02,Megan Dean,Individual,BMW 7 Series,Ahmedabad,Blue,Hybrid,Automatic,Online,1,14661575.0,12.0,14661575.0,1759389.0,12902186.0
2503,2025-01-03,Joshua Pittman DDS,Corporate,BMW X1,Kochi,Silver,Electric,Manual,Dealer,3,5126570.0,0.0,15379710.0,0.0,15379710.0
2504,2025-07-23,Rebecca Duffy,Corporate,BMW X5,Delhi,Black,Electric,Manual,Dealer,3,11388958.0,2.0,34166874.0,683337.48,33483536.52
2505,2026-04-05,Glenn Morris,Corporate,BMW i7,Ahmedabad,Blue,Petrol,Automatic,Online,1,16382783.0,5.0,16382783.0,819139.15,15563643.85
2506,2024-01-09,Larry Ritter,Corporate,BMW X1,Kolkata,Silver,Diesel,Automatic,Online,3,6423636.0,0.0,19270908.0,0.0,19270908.0
2507,2026-06-19,Hannah Hensley,Corporate,BMW 7 Series,Ahmedabad,Red,Hybrid,Manual,Dealer,1,14236332.0,10.0,14236332.0,1423633.2,12812698.8
2508,2024-06-08,Michael Munoz,Corporate,BMW X5,Mumbai,Black,Hybrid,Manual,Dealer,1,10737257.0,10.0,10737257.0,1073725.7,9663531.3
2509,2025-04-17,Teresa Mcgee,Luxury,BMW X7,Bangalore,Silver,Hybrid,Manual,Dealer,1,12146640.0,10.0,12146640.0,1214664.0,10931976.0
2510,2024-04-29,Richard Roberts,Individual,BMW X5,Jaipur,Black,Electric,Automatic,Dealer,2,10756668.0,5.0,21513336.0,1075666.8,20437669.2
2511,2025-10-10,Christopher Burton,Individual,BMW i5,Jaipur,White,Petrol,Manual,Online,1,9002563.0,7.0,9002563.0,630179.41,8372383.59
2512,2025-11-08,Brenda Brown,Luxury,BMW X7,Mumbai,Black,Electric,Manual,Online,1,13770921.0,10.0,13770921.0,1377092.1,12393828.9
2513,2026-04-16,Bonnie Hughes,Individual,BMW i4,Bangalore,Red,Electric,Automatic,Corporate,3,8109117.0,2.0,24327351.0,486547.02,23840803.98
2514,2024-05-14,Nicholas Lamb,Luxury,BMW X7,Kochi,Grey,Hybrid,Manual,Corporate,1,15344067.0,7.0,15344067.0,1074084.69,14269982.31
2515,2024-09-15,Hannah Harris,Corporate,BMW i7,Chennai,Red,Electric,Manual,Online,1,16389359.0,2.0,16389359.0,327787.18,16061571.82
2516,2025-03-19,Tamara Snyder,Corporate,BMW X5,Bangalore,Silver,Hybrid,Automatic,Dealer,2,10494593.0,10.0,20989186.0,2098918.6,18890267.4
2517,2025-02-17,Tammy Hodges MD,Corporate,BMW i4,Delhi,Grey,Petrol,Automatic,Online,1,7412186.0,12.0,7412186.0,889462.32,6522723.68
2518,2026-08-07,Sarah Fry,Individual,BMW 3 Series,Mumbai,Red,Petrol,Manual,Corporate,1,5139771.0,10.0,5139771.0,513977.1,4625793.9
2519,2024-08-15,Allison Henderson,Individual,BMW i4,Ahmedabad,Red,Diesel,Automatic,Online,3,8367132.0,5.0,25101396.0,1255069.8,23846326.2
2520,2026-03-30,Alicia Murray,Luxury,BMW X3,Ahmedabad,Black,Diesel,Automatic,Dealer,1,7442684.0,5.0,7442684.0,372134.2,7070549.8
2521,2024-04-17,Lisa Carey,Individual,BMW i7,Bangalore,Red,Hybrid,Automatic,Corporate,2,17951368.0,2.0,35902736.0,718054.72,35184681.28
2522,2023-08-13,David Ramirez,Individual,BMW 7 Series,Kolkata,White,Petrol,Manual,Corporate,2,15117700.0,5.0,30235400.0,1511770.0,28723630.0
2523,2024-07-29,Laura Lucas,Corporate,BMW 7 Series,Mumbai,Silver,Electric,Manual,Dealer,3,14712968.0,0.0,44138904.0,0.0,44138904.0
2524,2026-01-15,Amanda Taylor,Luxury,BMW 3 Series,Delhi,Black,Petrol,Manual,Corporate,2,6089561.0,0.0,12179122.0,0.0,12179122.0
2525,2025-01-21,Scott Johnson,Luxury,BMW X3,Bangalore,Blue,Electric,Automatic,Corporate,1,7684945.0,2.0,7684945.0,153698.9,7531246.1
2526,2025-03-31,Kyle Lynch,Luxury,BMW 5 Series,Chennai,Red,Electric,Automatic,Dealer,2,7803137.0,12.0,15606274.0,1872752.88,13733521.12
2527,2025-12-25,Christian Williams,Luxury,BMW 7 Series,Delhi,Red,Hybrid,Automatic,Online,2,18563286.0,0.0,37126572.0,0.0,37126572.0
2528,2024-03-27,Deborah Nguyen,Corporate,BMW X3,Kochi,White,Electric,Automatic,Online,1,7353276.0,2.0,7353276.0,147065.52,7206210.48
2529,2024-09-20,Rhonda Jackson,Corporate,BMW 7 Series,Hyderabad,Silver,Diesel,Automatic,Dealer,1,16429446.0,5.0,16429446.0,821472.3,15607973.7
2530,2025-02-02,William Johnson,Corporate,BMW 5 Series,Jaipur,Black,Diesel,Manual,Corporate,3,8237358.0,0.0,24712074.0,0.0,24712074.0
2531,2025-03-25,Matthew Perry,Individual,BMW X7,Bangalore,Black,Hybrid,Automatic,Corporate,2,14883761.0,2.0,29767522.0,595350.44,29172171.56
2532,2023-09-26,Michelle James,Individual,BMW X7,Ahmedabad,Black,Diesel,Automatic,Corporate,3,14912770.0,2.0,44738310.0,894766.2,43843543.8
2533,2024-05-05,Sue Collins,Individual,BMW X5,Mumbai,White,Petrol,Manual,Online,2,11139652.0,12.0,22279304.0,2673516.48,19605787.52
2534,2023-10-12,Jennifer Hill,Individual,BMW i5,Kochi,Grey,Hybrid,Manual,Dealer,1,9065383.0,5.0,9065383.0,453269.15,8612113.85
2535,2024-03-24,Joseph Davis,Corporate,BMW 5 Series,Ahmedabad,Red,Petrol,Automatic,Dealer,1,7010436.0,5.0,7010436.0,350521.8,6659914.2
2536,2025-10-21,Brent Lewis,Individual,BMW i7,Ahmedabad,Silver,Hybrid,Automatic,Dealer,1,14375286.0,0.0,14375286.0,0.0,14375286.0
2537,2025-05-26,Andrew Johnson,Luxury,BMW 5 Series,Mumbai,Black,Hybrid,Automatic,Online,2,7633585.0,10.0,15267170.0,1526717.0,13740453.0
2538,2024-12-10,Kent Stewart,Luxury,BMW i4,Hyderabad,Blue,Electric,Manual,Online,1,7389310.0,0.0,7389310.0,0.0,7389310.0
2539,2024-08-15,Erika Powell,Individual,BMW 5 Series,Ahmedabad,Red,Petrol,Manual,Online,3,6732698.0,2.0,20198094.0,403961.88,19794132.12
2540,2024-01-23,Scott Turner,Corporate,BMW X3,Delhi,White,Diesel,Manual,Dealer,2,7013547.0,0.0,14027094.0,0.0,14027094.0
2541,2023-10-28,James Olson,Corporate,BMW 7 Series,Pune,Grey,Petrol,Automatic,Dealer,1,15209844.0,12.0,15209844.0,1825181.28,13384662.72
2542,2024-03-07,Robert Patterson,Corporate,BMW X1,Kochi,Silver,Petrol,Manual,Corporate,1,5565975.0,2.0,5565975.0,111319.5,5454655.5
2543,2026-02-07,Gregory Garza,Corporate,BMW i4,Ahmedabad,Black,Diesel,Automatic,Corporate,2,7378105.0,10.0,14756210.0,1475621.0,13280589.0
2544,2025-05-23,Melissa Curtis MD,Luxury,BMW X5,Pune,Grey,Hybrid,Automatic,Online,1,9895830.0,2.0,9895830.0,197916.6,9697913.4
2545,2023-10-19,Jamie Browning,Corporate,BMW i7,Delhi,Silver,Diesel,Manual,Corporate,3,17020738.0,0.0,51062214.0,0.0,51062214.0
2546,2026-02-26,Jesse Baker,Individual,BMW X5,Kochi,Grey,Petrol,Automatic,Dealer,2,11765133.0,0.0,23530266.0,0.0,23530266.0
2547,2023-10-22,James Holland,Luxury,BMW i7,Bangalore,Black,Diesel,Manual,Online,3,15340789.0,10.0,46022367.0,4602236.7,41420130.3
2548,2025-06-29,Larry Williams,Individual,BMW X3,Kochi,Grey,Hybrid,Manual,Dealer,2,7623781.0,5.0,15247562.0,762378.1,14485183.9
2549,2026-05-20,Haley Welch,Corporate,BMW i4,Kolkata,Red,Electric,Manual,Online,1,7123286.0,10.0,7123286.0,712328.6,6410957.4
2550,2026-01-09,Anthony Nolan,Luxury,BMW 3 Series,Jaipur,Silver,Petrol,Automatic,Dealer,1,6071189.0,7.0,6071189.0,424983.23,5646205.77
2551,2023-12-21,Rachel Thomas MD,Individual,BMW i4,Delhi,Black,Hybrid,Manual,Dealer,3,8299628.0,2.0,24898884.0,497977.68,24400906.32
2552,2026-02-05,Katherine Jones,Individual,BMW X7,Kochi,White,Hybrid,Automatic,Online,3,15091105.0,10.0,45273315.0,4527331.5,40745983.5
2553,2023-11-19,Jessica Lee,Individual,BMW X1,Delhi,Grey,Electric,Manual,Corporate,2,6133159.0,10.0,12266318.0,1226631.8,11039686.2
2554,2025-09-19,Christian Davis,Corporate,BMW 7 Series,Bangalore,Grey,Electric,Manual,Dealer,3,15879060.0,10.0,47637180.0,4763718.0,42873462.0
2555,2024-07-23,Jaclyn Warren,Individual,BMW 7 Series,Chennai,White,Hybrid,Automatic,Online,1,15410733.0,2.0,15410733.0,308214.66,15102518.34
2556,2025-03-19,David Cohen,Luxury,BMW X5,Chennai,Black,Petrol,Automatic,Corporate,1,10372991.0,0.0,10372991.0,0.0,10372991.0
2557,2024-06-17,Jennifer Jackson,Individual,BMW X7,Mumbai,Silver,Hybrid,Manual,Corporate,2,15327255.0,12.0,30654510.0,3678541.2,26975968.8
2558,2023-10-01,Sandra Banks,Corporate,BMW 5 Series,Kochi,Red,Petrol,Automatic,Dealer,1,6510127.0,10.0,6510127.0,651012.7,5859114.3
2559,2025-08-26,Lindsay Hampton,Individual,BMW X7,Chennai,Grey,Diesel,Automatic,Corporate,3,12097067.0,0.0,36291201.0,0.0,36291201.0
2560,2025-09-25,Alexis Butler,Corporate,BMW i4,Mumbai,Silver,Hybrid,Automatic,Dealer,3,7957866.0,10.0,23873598.0,2387359.8,21486238.2
2561,2024-03-10,John Walker,Corporate,BMW i5,Pune,Red,Hybrid,Manual,Online,3,9629568.0,0.0,28888704.0,0.0,28888704.0
2562,2024-09-13,Kevin Jones,Individual,BMW X1,Chennai,Red,Electric,Automatic,Online,1,5106246.0,10.0,5106246.0,510624.6,4595621.4
2563,2023-08-11,Jessica Leblanc,Corporate,BMW 5 Series,Bangalore,Black,Petrol,Automatic,Dealer,1,8016267.0,7.0,8016267.0,561138.69,7455128.31
2564,2025-08-09,Charles Mckee,Luxury,BMW i7,Jaipur,Blue,Electric,Automatic,Online,2,16708521.0,12.0,33417042.0,4010045.04,29406996.96
2565,2025-04-03,David Bell,Corporate,BMW 7 Series,Chennai,Silver,Petrol,Automatic,Dealer,3,15586391.0,5.0,46759173.0,2337958.65,44421214.35
2566,2026-01-03,Judy Coleman,Corporate,BMW X5,Mumbai,Black,Hybrid,Manual,Corporate,2,10664901.0,7.0,21329802.0,1493086.14,19836715.86
2567,2025-02-09,Martha Curtis,Corporate,BMW i7,Kochi,Silver,Electric,Manual,Online,2,15050181.0,10.0,30100362.0,3010036.2,27090325.8
2568,2024-02-23,Darren Higgins,Individual,BMW 7 Series,Chennai,White,Electric,Automatic,Corporate,1,14801032.0,10.0,14801032.0,1480103.2,13320928.8
2569,2023-11-12,Corey Evans,Luxury,BMW i5,Bangalore,White,Diesel,Manual,Online,3,10444347.0,2.0,31333041.0,626660.82,30706380.18
2570,2026-07-22,Jose Lucero,Corporate,BMW 3 Series,Hyderabad,Black,Electric,Automatic,Online,2,6367897.0,2.0,12735794.0,254715.88,12481078.12
2571,2026-06-24,Franklin Beasley,Corporate,BMW X5,Hyderabad,Silver,Diesel,Manual,Dealer,1,11461126.0,5.0,11461126.0,573056.3,10888069.7
2572,2026-08-05,Jason Foster,Luxury,BMW X1,Pune,Blue,Petrol,Automatic,Dealer,1,5953016.0,0.0,5953016.0,0.0,5953016.0
2573,2025-01-17,Mr. James Smith,Individual,BMW i5,Hyderabad,Black,Petrol,Manual,Corporate,3,10156915.0,5.0,30470745.0,1523537.25,28947207.75
2574,2026-03-13,Donald Craig,Individual,BMW 7 Series,Pune,Blue,Hybrid,Automatic,Dealer,3,16902052.0,0.0,50706156.0,0.0,50706156.0
2575,2026-03-17,Billy Nguyen,Individual,BMW i4,Kochi,Blue,Hybrid,Manual,Dealer,1,7362582.0,0.0,7362582.0,0.0,7362582.0
2576,2023-12-21,John Mahoney,Individual,BMW 5 Series,Hyderabad,White,Hybrid,Automatic,Dealer,1,7677671.0,10.0,7677671.0,767767.1,6909903.9
2577,2024-12-24,Brittany Adams,Corporate,BMW 7 Series,Mumbai,Silver,Hybrid,Automatic,Dealer,3,15066630.0,12.0,45199890.0,5423986.8,39775903.2
2578,2023-11-23,Mark Pratt,Luxury,BMW 7 Series,Chennai,Blue,Petrol,Manual,Online,3,16218719.0,12.0,48656157.0,5838738.84,42817418.16
2579,2024-03-09,Isaac Shah,Corporate,BMW X7,Pune,Blue,Hybrid,Automatic,Corporate,3,12941152.0,5.0,38823456.0,1941172.8,36882283.2
2580,2026-04-24,Julia Rodriguez,Individual,BMW 7 Series,Hyderabad,Silver,Electric,Manual,Dealer,2,17689360.0,2.0,35378720.0,707574.4,34671145.6
2581,2024-09-07,Vincent Barnes,Luxury,BMW i7,Bangalore,Blue,Hybrid,Automatic,Online,1,15396268.0,0.0,15396268.0,0.0,15396268.0
2582,2025-06-10,Jeremy Rogers,Corporate,BMW i4,Hyderabad,Red,Hybrid,Automatic,Online,1,7544154.0,5.0,7544154.0,377207.7,7166946.3
2583,2026-08-05,Bob Wallace,Luxury,BMW i5,Hyderabad,Silver,Diesel,Manual,Dealer,2,9342217.0,0.0,18684434.0,0.0,18684434.0
2584,2024-07-12,Deborah Sparks,Luxury,BMW X7,Ahmedabad,Grey,Hybrid,Manual,Online,3,12015910.0,7.0,36047730.0,2523341.1,33524388.9
2585,2023-12-03,Scott Conway,Luxury,BMW 7 Series,Hyderabad,Grey,Hybrid,Manual,Online,1,16315775.0,10.0,16315775.0,1631577.5,14684197.5
2586,2024-01-25,Howard Nguyen,Luxury,BMW i7,Delhi,Silver,Diesel,Automatic,Dealer,2,15985184.0,0.0,31970368.0,0.0,31970368.0
2587,2025-08-12,Herbert Charles,Corporate,BMW X5,Chennai,Red,Electric,Manual,Dealer,2,9653089.0,0.0,19306178.0,0.0,19306178.0
2588,2026-06-01,Patrick Wall,Luxury,BMW 7 Series,Mumbai,Blue,Petrol,Manual,Online,2,16627370.0,2.0,33254740.0,665094.8,32589645.2
2589,2024-06-01,Claudia Davis,Corporate,BMW X7,Jaipur,Black,Electric,Manual,Corporate,1,12639045.0,2.0,12639045.0,252780.9,12386264.1
2590,2025-04-23,Jodi Carpenter,Luxury,BMW X5,Hyderabad,White,Petrol,Manual,Corporate,2,10997019.0,10.0,21994038.0,2199403.8,19794634.2
2591,2025-03-04,Karen Curtis,Luxury,BMW X3,Delhi,Black,Hybrid,Automatic,Corporate,1,7848087.0,0.0,7848087.0,0.0,7848087.0
2592,2023-10-22,Kendra Fitzpatrick,Corporate,BMW 5 Series,Jaipur,Black,Hybrid,Automatic,Dealer,2,6807760.0,2.0,13615520.0,272310.4,13343209.6
2593,2025-09-11,Stephanie Morris,Luxury,BMW X5,Kochi,White,Petrol,Manual,Online,3,10705863.0,10.0,32117589.0,3211758.9,28905830.1
2594,2024-08-06,David Oliver,Individual,BMW i5,Chennai,Black,Electric,Automatic,Dealer,2,9849664.0,5.0,19699328.0,984966.4,18714361.6
2595,2026-05-07,Carrie Stout,Luxury,BMW 7 Series,Bangalore,White,Electric,Automatic,Dealer,2,15350547.0,5.0,30701094.0,1535054.7,29166039.3
2596,2024-05-17,Levi Harris,Individual,BMW X1,Chennai,Black,Electric,Manual,Dealer,3,5248436.0,7.0,15745308.0,1102171.56,14643136.44
2597,2026-05-26,Jeffery Manning,Individual,BMW i4,Hyderabad,Silver,Hybrid,Automatic,Dealer,3,7210722.0,12.0,21632166.0,2595859.92,19036306.08
2598,2025-08-12,Nicholas Fox,Individual,BMW 7 Series,Chennai,Grey,Petrol,Automatic,Online,1,15691516.0,10.0,15691516.0,1569151.6,14122364.4
2599,2024-12-25,Seth Wagner,Luxury,BMW 3 Series,Chennai,Black,Diesel,Automatic,Online,2,4940101.0,7.0,9880202.0,691614.14,9188587.86
2600,2024-10-09,Melissa Hall,Luxury,BMW 5 Series,Kochi,Red,Hybrid,Automatic,Dealer,2,8225192.0,12.0,16450384.0,1974046.08,14476337.92
2601,2025-04-24,Connor Brown,Individual,BMW X7,Hyderabad,Silver,Petrol,Manual,Corporate,2,15190018.0,12.0,30380036.0,3645604.32,26734431.68
2602,2026-05-07,Randy Franklin,Individual,BMW X3,Ahmedabad,Black,Petrol,Automatic,Online,2,7598663.0,5.0,15197326.0,759866.3,14437459.7
2603,2025-03-14,Katie Martinez,Corporate,BMW X5,Mumbai,Silver,Petrol,Automatic,Dealer,3,10916404.0,2.0,32749212.0,654984.24,32094227.76
2604,2023-12-31,Eddie Flores,Individual,BMW i5,Jaipur,Silver,Petrol,Manual,Online,2,10417665.0,10.0,20835330.0,2083533.0,18751797.0
2605,2026-07-14,Brian Ingram,Corporate,BMW i7,Chennai,Black,Hybrid,Automatic,Dealer,1,16999174.0,7.0,16999174.0,1189942.18,15809231.82
2606,2024-03-01,Scott Galloway,Luxury,BMW i5,Jaipur,White,Diesel,Automatic,Corporate,3,9232926.0,7.0,27698778.0,1938914.46,25759863.54
2607,2026-01-04,Douglas Gutierrez DDS,Corporate,BMW i7,Kolkata,Black,Diesel,Manual,Dealer,2,15054088.0,7.0,30108176.0,2107572.32,28000603.68
2608,2024-10-08,Victoria Patel,Corporate,BMW 3 Series,Ahmedabad,Black,Petrol,Automatic,Corporate,2,6341942.0,10.0,12683884.0,1268388.4,11415495.6
2609,2025-04-03,Christian Hill,Individual,BMW 3 Series,Jaipur,Red,Petrol,Automatic,Corporate,2,5268263.0,7.0,10536526.0,737556.82,9798969.18
2610,2026-04-30,Dana Lopez,Individual,BMW X3,Delhi,Grey,Diesel,Automatic,Online,1,6907171.0,2.0,6907171.0,138143.42,6769027.58
2611,2026-08-02,Sally Roberts,Corporate,BMW i7,Chennai,Silver,Hybrid,Manual,Online,2,17310740.0,10.0,34621480.0,3462148.0,31159332.0
2612,2025-01-04,Jacob Willis,Corporate,BMW X7,Ahmedabad,Silver,Electric,Automatic,Corporate,2,12083563.0,7.0,24167126.0,1691698.82,22475427.18
2613,2025-02-04,Jonathon Eaton,Corporate,BMW 5 Series,Mumbai,Silver,Diesel,Automatic,Dealer,2,7712288.0,12.0,15424576.0,1850949.12,13573626.88
2614,2025-11-12,Gabriel Elliott,Corporate,BMW 5 Series,Kolkata,Grey,Petrol,Automatic,Dealer,2,8376215.0,2.0,16752430.0,335048.6,16417381.4
2615,2025-10-28,Claire Yang,Corporate,BMW X1,Mumbai,Red,Electric,Automatic,Dealer,1,5763318.0,12.0,5763318.0,691598.16,5071719.84
2616,2025-10-11,Rachel Mendez,Luxury,BMW 5 Series,Kochi,White,Electric,Manual,Dealer,1,7628673.0,10.0,7628673.0,762867.3,6865805.7
2617,2026-01-30,Keith Evans,Individual,BMW X1,Chennai,Silver,Hybrid,Automatic,Online,2,5021430.0,0.0,10042860.0,0.0,10042860.0
2618,2023-11-17,Amber Moore,Luxury,BMW X1,Chennai,Black,Hybrid,Manual,Online,1,5309036.0,5.0,5309036.0,265451.8,5043584.2
2619,2024-03-29,Laura Rodriguez,Luxury,BMW i5,Kolkata,Silver,Diesel,Automatic,Corporate,2,10464411.0,7.0,20928822.0,1465017.54,19463804.46
2620,2024-01-07,Melanie Terry,Individual,BMW X5,Mumbai,Black,Petrol,Manual,Dealer,3,10799639.0,0.0,32398917.0,0.0,32398917.0
2621,2026-05-13,Steven Stevens,Corporate,BMW X3,Ahmedabad,Grey,Hybrid,Automatic,Online,2,7382085.0,2.0,14764170.0,295283.4,14468886.6
2622,2025-11-08,Lisa Morales,Corporate,BMW X1,Jaipur,Black,Diesel,Automatic,Online,2,5706656.0,12.0,11413312.0,1369597.44,10043714.56
2623,2024-03-14,Sarah Clark,Corporate,BMW X5,Bangalore,Blue,Hybrid,Automatic,Online,1,10061979.0,10.0,10061979.0,1006197.9,9055781.1
2624,2025-02-07,Andrea Koch,Individual,BMW X3,Hyderabad,Silver,Hybrid,Automatic,Corporate,3,7289327.0,0.0,21867981.0,0.0,21867981.0
2625,2024-02-24,Kristie Murphy,Corporate,BMW X7,Chennai,Grey,Electric,Manual,Online,2,12643860.0,5.0,25287720.0,1264386.0,24023334.0
2626,2026-05-20,Donna Burke,Corporate,BMW i4,Hyderabad,Grey,Petrol,Automatic,Dealer,2,7076920.0,0.0,14153840.0,0.0,14153840.0
2627,2023-12-17,Eric Munoz,Luxury,BMW 3 Series,Jaipur,Grey,Electric,Manual,Corporate,1,5472754.0,5.0,5472754.0,273637.7,5199116.3
2628,2024-09-03,Brian Miller,Corporate,BMW X1,Ahmedabad,White,Petrol,Manual,Online,3,6393724.0,0.0,19181172.0,0.0,19181172.0
2629,2026-06-07,Benjamin Martinez,Luxury,BMW X1,Jaipur,Blue,Petrol,Manual,Online,1,5033440.0,7.0,5033440.0,352340.8,4681099.2
2630,2023-11-24,Andrew Sanders,Corporate,BMW i4,Hyderabad,Red,Diesel,Manual,Online,1,7803885.0,2.0,7803885.0,156077.7,7647807.3
2631,2026-08-06,Joel Rocha,Corporate,BMW i5,Kolkata,Red,Electric,Automatic,Online,2,9309331.0,2.0,18618662.0,372373.24,18246288.76
2632,2023-10-22,Joshua Carter,Individual,BMW X7,Delhi,Silver,Hybrid,Automatic,Online,1,12570873.0,7.0,12570873.0,879961.11,11690911.89
2633,2025-02-07,Ruth Lang,Corporate,BMW 5 Series,Mumbai,Silver,Hybrid,Manual,Corporate,2,8477780.0,2.0,16955560.0,339111.2,16616448.8
2634,2025-11-26,Rebecca West,Corporate,BMW 7 Series,Pune,Grey,Hybrid,Automatic,Corporate,1,15051766.0,10.0,15051766.0,1505176.6,13546589.4
2635,2025-02-06,Brian Wright,Individual,BMW 3 Series,Delhi,Red,Diesel,Automatic,Corporate,3,5584253.0,7.0,16752759.0,1172693.13,15580065.87
2636,2023-12-20,Heather Martinez,Corporate,BMW X5,Pune,Blue,Petrol,Automatic,Dealer,2,10486991.0,0.0,20973982.0,0.0,20973982.0
2637,2025-12-24,Robert Mathis,Corporate,BMW i7,Kolkata,Red,Hybrid,Manual,Dealer,1,17113027.0,5.0,17113027.0,855651.35,16257375.65
2638,2025-10-22,Brandi Berry,Corporate,BMW X5,Mumbai,Black,Hybrid,Manual,Corporate,2,10849177.0,7.0,21698354.0,1518884.78,20179469.22
2639,2024-10-12,Jennifer Davis,Luxury,BMW X5,Pune,Black,Petrol,Automatic,Online,1,10568251.0,7.0,10568251.0,739777.57,9828473.43
2640,2024-09-20,Kimberly Kim,Luxury,BMW 7 Series,Hyderabad,Silver,Diesel,Manual,Dealer,1,18000165.0,7.0,18000165.0,1260011.55,16740153.45
2641,2024-08-21,Sierra Jackson,Individual,BMW 7 Series,Chennai,White,Hybrid,Automatic,Dealer,1,15476929.0,12.0,15476929.0,1857231.48,13619697.52
2642,2024-10-12,James Tyler,Individual,BMW i4,Pune,Red,Petrol,Manual,Online,2,8365767.0,7.0,16731534.0,1171207.38,15560326.62
2643,2025-06-11,Anthony Atkins,Corporate,BMW 7 Series,Chennai,Red,Electric,Automatic,Online,1,16470679.0,10.0,16470679.0,1647067.9,14823611.1
2644,2023-08-19,Donna Rodriguez,Individual,BMW i5,Kolkata,Black,Electric,Automatic,Online,3,10210317.0,2.0,30630951.0,612619.02,30018331.98
2645,2025-07-31,Anna Hutchinson,Luxury,BMW i7,Chennai,White,Petrol,Automatic,Online,3,14869606.0,2.0,44608818.0,892176.36,43716641.64
2646,2026-05-02,Suzanne Arnold,Corporate,BMW i7,Jaipur,White,Hybrid,Manual,Dealer,1,14058360.0,5.0,14058360.0,702918.0,13355442.0
2647,2025-05-05,Diana Williamson,Individual,BMW 3 Series,Kolkata,Grey,Hybrid,Automatic,Dealer,1,5645815.0,0.0,5645815.0,0.0,5645815.0
2648,2026-02-19,Christine Pitts,Corporate,BMW X7,Mumbai,Silver,Petrol,Automatic,Corporate,1,13869184.0,5.0,13869184.0,693459.2,13175724.8
2649,2023-09-09,Natasha Gonzalez,Corporate,BMW X1,Mumbai,White,Electric,Manual,Corporate,2,5387448.0,7.0,10774896.0,754242.72,10020653.28
2650,2025-06-07,Kevin Castro,Individual,BMW X1,Bangalore,Blue,Hybrid,Manual,Corporate,1,5923941.0,10.0,5923941.0,592394.1,5331546.9
2651,2026-07-26,Ebony Hayden,Corporate,BMW 3 Series,Jaipur,Silver,Hybrid,Manual,Dealer,3,4966180.0,0.0,14898540.0,0.0,14898540.0
2652,2024-02-04,Nicole Cohen,Individual,BMW 7 Series,Pune,Silver,Diesel,Automatic,Online,2,18614084.0,0.0,37228168.0,0.0,37228168.0
2653,2026-03-15,John Simon,Individual,BMW 7 Series,Ahmedabad,White,Petrol,Manual,Online,3,15511479.0,0.0,46534437.0,0.0,46534437.0
2654,2025-12-14,Samantha Walton,Luxury,BMW 3 Series,Delhi,Black,Diesel,Manual,Online,3,6119848.0,7.0,18359544.0,1285168.08,17074375.92
2655,2026-03-07,Andrea Johnson,Corporate,BMW i4,Kolkata,Grey,Diesel,Manual,Dealer,2,8354512.0,2.0,16709024.0,334180.48,16374843.52
2656,2024-08-04,Stephanie Solis,Corporate,BMW i7,Ahmedabad,Silver,Electric,Automatic,Corporate,3,15110546.0,12.0,45331638.0,5439796.56,39891841.44
2657,2024-04-26,Richard Ramirez,Luxury,BMW 3 Series,Jaipur,Blue,Petrol,Manual,Online,3,6301794.0,7.0,18905382.0,1323376.74,17582005.26
2658,2025-10-26,Monica Holmes,Luxury,BMW X5,Kolkata,Red,Petrol,Automatic,Dealer,1,9591018.0,0.0,9591018.0,0.0,9591018.0
2659,2026-06-29,Bruce Zimmerman,Luxury,BMW i7,Chennai,Blue,Electric,Automatic,Dealer,1,14695851.0,0.0,14695851.0,0.0,14695851.0
2660,2025-02-01,Michael Cisneros,Individual,BMW X3,Delhi,Red,Diesel,Automatic,Online,3,7637104.0,0.0,22911312.0,0.0,22911312.0
2661,2024-11-15,Aaron Hall,Individual,BMW X1,Mumbai,White,Diesel,Manual,Dealer,1,5432621.0,0.0,5432621.0,0.0,5432621.0
2662,2025-10-14,William Hendrix,Corporate,BMW 7 Series,Pune,Black,Diesel,Manual,Online,2,16779856.0,0.0,33559712.0,0.0,33559712.0
2663,2024-10-06,Gregory Castillo,Luxury,BMW 3 Series,Mumbai,Red,Electric,Automatic,Dealer,2,6293728.0,10.0,12587456.0,1258745.6,11328710.4
2664,2025-07-03,Stacy Stark,Individual,BMW X1,Mumbai,Grey,Diesel,Manual,Dealer,2,5340160.0,2.0,10680320.0,213606.4,10466713.6
2665,2025-03-13,Michael Chapman,Individual,BMW i5,Chennai,Silver,Diesel,Automatic,Online,3,9727333.0,12.0,29181999.0,3501839.88,25680159.12
2666,2025-03-21,Donna Vaughn,Corporate,BMW X3,Bangalore,Grey,Electric,Manual,Corporate,3,6839093.0,0.0,20517279.0,0.0,20517279.0
2667,2024-11-19,Angela Villarreal,Corporate,BMW i7,Kochi,White,Diesel,Manual,Dealer,1,14561605.0,0.0,14561605.0,0.0,14561605.0
2668,2024-11-18,Matthew Hunter,Individual,BMW 5 Series,Ahmedabad,Blue,Electric,Automatic,Dealer,2,7464240.0,10.0,14928480.0,1492848.0,13435632.0
2669,2023-08-15,Laurie Ramos,Corporate,BMW X7,Hyderabad,Black,Diesel,Manual,Corporate,2,14496858.0,12.0,28993716.0,3479245.92,25514470.08
2670,2024-05-20,Victor Griffin,Individual,BMW 5 Series,Kochi,Grey,Petrol,Automatic,Online,1,6777744.0,7.0,6777744.0,474442.08,6303301.92
2671,2025-07-28,Linda Day,Individual,BMW X5,Mumbai,Blue,Hybrid,Manual,Corporate,1,11181002.0,7.0,11181002.0,782670.14,10398331.86
2672,2024-06-25,Brian Tyler,Individual,BMW i5,Kolkata,White,Petrol,Manual,Online,2,9528219.0,0.0,19056438.0,0.0,19056438.0
2673,2024-07-09,Madison Reed,Individual,BMW X1,Chennai,White,Electric,Manual,Online,3,5009457.0,10.0,15028371.0,1502837.1,13525533.9
2674,2026-03-16,Wanda Moran,Corporate,BMW 3 Series,Mumbai,Black,Electric,Automatic,Online,3,4848578.0,0.0,14545734.0,0.0,14545734.0
2675,2023-11-01,Rick Cook,Luxury,BMW 3 Series,Pune,Silver,Diesel,Automatic,Corporate,2,4697315.0,2.0,9394630.0,187892.6,9206737.4
2676,2024-12-28,Shawn Erickson,Luxury,BMW 5 Series,Delhi,Red,Hybrid,Manual,Online,3,6998624.0,0.0,20995872.0,0.0,20995872.0
2677,2025-02-23,Lindsey Robinson,Individual,BMW 7 Series,Delhi,Blue,Electric,Automatic,Dealer,3,17910246.0,2.0,53730738.0,1074614.76,52656123.24
2678,2025-11-02,Kelly Sawyer,Luxury,BMW i5,Jaipur,Silver,Electric,Automatic,Dealer,3,9495487.0,5.0,28486461.0,1424323.05,27062137.95
2679,2024-05-14,James Collins,Corporate,BMW 3 Series,Delhi,Grey,Petrol,Manual,Corporate,3,6118289.0,7.0,18354867.0,1284840.69,17070026.31
2680,2023-12-26,Nicole Rose,Individual,BMW X7,Kochi,White,Hybrid,Manual,Online,1,12831622.0,2.0,12831622.0,256632.44,12574989.56
2681,2024-08-05,Mrs. Danielle Williams,Corporate,BMW i7,Chennai,Silver,Electric,Manual,Dealer,2,14695957.0,7.0,29391914.0,2057433.98,27334480.02
2682,2025-09-24,Catherine Miller,Corporate,BMW i5,Pune,Silver,Diesel,Automatic,Corporate,3,10334920.0,5.0,31004760.0,1550238.0,29454522.0
2683,2025-01-31,Kathleen Johnson,Corporate,BMW X7,Ahmedabad,Black,Electric,Manual,Dealer,2,12566129.0,2.0,25132258.0,502645.16,24629612.84
2684,2025-09-22,Michelle Reed,Individual,BMW i7,Hyderabad,Silver,Electric,Manual,Corporate,2,15520068.0,2.0,31040136.0,620802.72,30419333.28
2685,2026-08-03,Adam Stafford,Individual,BMW X7,Hyderabad,White,Electric,Automatic,Corporate,1,14329722.0,2.0,14329722.0,286594.44,14043127.56
2686,2024-01-22,Derrick Boyd,Individual,BMW 7 Series,Pune,Grey,Diesel,Manual,Corporate,1,17403551.0,5.0,17403551.0,870177.55,16533373.45
2687,2026-07-06,Lisa Levy,Corporate,BMW X3,Hyderabad,White,Diesel,Automatic,Dealer,1,7855009.0,0.0,7855009.0,0.0,7855009.0
2688,2024-08-27,Alexander Mcclain,Corporate,BMW X3,Kochi,Black,Petrol,Manual,Dealer,1,7702502.0,10.0,7702502.0,770250.2,6932251.8
2689,2025-09-23,Lynn Gallegos,Individual,BMW i4,Chennai,Black,Electric,Manual,Corporate,2,7281812.0,7.0,14563624.0,1019453.68,13544170.32
2690,2025-02-27,Brandon Sloan,Individual,BMW X5,Kolkata,Grey,Electric,Automatic,Corporate,1,10314556.0,0.0,10314556.0,0.0,10314556.0
2691,2026-02-01,David Robbins,Corporate,BMW X1,Kochi,Black,Diesel,Automatic,Dealer,1,5157016.0,12.0,5157016.0,618841.92,4538174.08
2692,2024-05-30,Zachary Paul,Individual,BMW i5,Kochi,Blue,Hybrid,Automatic,Corporate,1,9372530.0,2.0,9372530.0,187450.6,9185079.4
2693,2025-06-14,Maria Stevens,Corporate,BMW X1,Kolkata,Grey,Petrol,Automatic,Online,3,5012140.0,0.0,15036420.0,0.0,15036420.0
2694,2024-11-06,Eric Rose,Corporate,BMW 3 Series,Pune,Black,Hybrid,Automatic,Online,2,5338806.0,7.0,10677612.0,747432.84,9930179.16
2695,2023-12-06,Sylvia Nguyen,Individual,BMW 7 Series,Kolkata,Red,Electric,Automatic,Corporate,1,16360388.0,12.0,16360388.0,1963246.56,14397141.44
2696,2024-03-06,Rachel Robinson,Corporate,BMW X5,Mumbai,Blue,Hybrid,Automatic,Online,1,11442083.0,2.0,11442083.0,228841.66,11213241.34
2697,2024-11-06,Sylvia Baker,Luxury,BMW 7 Series,Mumbai,Grey,Petrol,Automatic,Corporate,1,14933854.0,2.0,14933854.0,298677.08,14635176.92
2698,2025-01-04,Troy Perry,Luxury,BMW X3,Delhi,Blue,Diesel,Automatic,Dealer,1,7994328.0,7.0,7994328.0,559602.96,7434725.04
2699,2024-03-29,Leslie Ford,Individual,BMW X7,Pune,Silver,Diesel,Manual,Online,2,13157719.0,0.0,26315438.0,0.0,26315438.0
2700,2024-08-20,Steven Hill,Luxury,BMW i4,Kolkata,Grey,Petrol,Manual,Dealer,2,8097563.0,7.0,16195126.0,1133658.82,15061467.18
2701,2026-06-24,Shannon Ford,Individual,BMW X3,Kochi,Black,Electric,Manual,Online,1,7113034.0,10.0,7113034.0,711303.4,6401730.6
2702,2026-01-04,Mallory Patterson,Corporate,BMW X5,Pune,Grey,Petrol,Automatic,Corporate,3,9919794.0,10.0,29759382.0,2975938.2,26783443.8
2703,2025-09-16,Patricia Hendricks,Individual,BMW i7,Kochi,Silver,Diesel,Automatic,Online,1,14791824.0,5.0,14791824.0,739591.2,14052232.8
2704,2024-01-08,John Taylor,Individual,BMW i5,Mumbai,Blue,Petrol,Manual,Dealer,2,9933854.0,5.0,19867708.0,993385.4,18874322.6
2705,2024-11-20,Patricia Taylor,Corporate,BMW X3,Pune,Red,Hybrid,Manual,Corporate,2,7398421.0,2.0,14796842.0,295936.84,14500905.16
2706,2026-01-26,Dr. Brad Cuevas,Individual,BMW 3 Series,Hyderabad,Blue,Diesel,Manual,Online,2,5252742.0,10.0,10505484.0,1050548.4,9454935.6
2707,2026-04-12,Melissa Riggs,Luxury,BMW i5,Kochi,Grey,Diesel,Automatic,Online,2,9086953.0,12.0,18173906.0,2180868.72,15993037.28
2708,2024-05-09,Kristina Ward,Luxury,BMW X3,Bangalore,Red,Electric,Automatic,Online,1,7869098.0,0.0,7869098.0,0.0,7869098.0
2709,2023-09-28,Anne Flores,Corporate,BMW X5,Ahmedabad,Grey,Electric,Automatic,Corporate,1,10623724.0,0.0,10623724.0,0.0,10623724.0
2710,2024-11-24,Marcus Mccoy,Corporate,BMW i7,Chennai,White,Hybrid,Automatic,Corporate,1,17503204.0,10.0,17503204.0,1750320.4,15752883.6
2711,2025-12-02,Kimberly Lynch MD,Corporate,BMW X7,Chennai,Silver,Hybrid,Automatic,Dealer,2,13278108.0,12.0,26556216.0,3186745.92,23369470.08
2712,2025-03-30,Kara Sanchez,Corporate,BMW i4,Jaipur,White,Hybrid,Automatic,Corporate,2,8095867.0,5.0,16191734.0,809586.7,15382147.3
2713,2024-02-19,Melanie Davis,Corporate,BMW X7,Bangalore,Blue,Hybrid,Manual,Online,2,14274286.0,12.0,28548572.0,3425828.64,25122743.36
2714,2026-04-29,Aaron Sandoval,Luxury,BMW 7 Series,Kolkata,Black,Electric,Manual,Dealer,2,15961592.0,10.0,31923184.0,3192318.4,28730865.6
2715,2023-09-27,Rebecca Rosario,Individual,BMW i5,Pune,Red,Petrol,Automatic,Online,3,10712275.0,12.0,32136825.0,3856419.0,28280406.0
2716,2024-03-11,Michael Johnson,Individual,BMW i4,Hyderabad,Red,Electric,Manual,Corporate,1,8209772.0,0.0,8209772.0,0.0,8209772.0
2717,2024-01-27,John Rodriguez,Corporate,BMW i4,Jaipur,White,Electric,Manual,Dealer,1,7807526.0,5.0,7807526.0,390376.3,7417149.7
2718,2025-10-30,Nicholas Carter,Luxury,BMW X5,Chennai,Grey,Electric,Manual,Corporate,3,10455855.0,2.0,31367565.0,627351.3,30740213.7
2719,2024-12-26,Ricky Ali,Individual,BMW X1,Mumbai,Silver,Hybrid,Automatic,Online,2,5056727.0,7.0,10113454.0,707941.78,9405512.22
2720,2025-10-19,Alice Lewis,Corporate,BMW i4,Bangalore,Silver,Diesel,Manual,Online,1,8149225.0,2.0,8149225.0,162984.5,7986240.5
2721,2025-06-06,James Johns,Corporate,BMW i7,Delhi,Black,Hybrid,Manual,Dealer,1,17255205.0,10.0,17255205.0,1725520.5,15529684.5
2722,2026-03-29,Zachary Montgomery,Luxury,BMW i5,Pune,Grey,Hybrid,Automatic,Online,3,10418204.0,0.0,31254612.0,0.0,31254612.0
2723,2025-09-16,Lori Holder,Individual,BMW X1,Delhi,Red,Hybrid,Manual,Corporate,1,6425512.0,12.0,6425512.0,771061.44,5654450.56
2724,2024-03-13,Mary Wood,Individual,BMW X5,Pune,Blue,Diesel,Automatic,Corporate,3,9591885.0,12.0,28775655.0,3453078.6,25322576.4
2725,2024-10-10,Robert Sanders,Luxury,BMW i4,Chennai,Grey,Petrol,Manual,Corporate,3,7550212.0,10.0,22650636.0,2265063.6,20385572.4
2726,2026-01-16,Guy Taylor,Corporate,BMW i4,Chennai,White,Petrol,Automatic,Dealer,2,7853823.0,2.0,15707646.0,314152.92,15393493.08
2727,2025-09-19,Mary Gray,Luxury,BMW i7,Chennai,Red,Diesel,Automatic,Corporate,1,15990476.0,10.0,15990476.0,1599047.6,14391428.4
2728,2024-01-15,Stephanie Burnett,Individual,BMW i5,Hyderabad,White,Hybrid,Manual,Dealer,1,10028732.0,10.0,10028732.0,1002873.2,9025858.8
2729,2025-12-19,Kathleen Larsen,Luxury,BMW i4,Bangalore,Red,Hybrid,Manual,Online,3,7959533.0,0.0,23878599.0,0.0,23878599.0
2730,2026-03-12,Billy Martin,Individual,BMW 7 Series,Kolkata,Black,Diesel,Automatic,Corporate,2,18926732.0,2.0,37853464.0,757069.28,37096394.72
2731,2024-10-11,Phillip Goodman,Corporate,BMW X1,Pune,Red,Petrol,Automatic,Online,3,5634360.0,12.0,16903080.0,2028369.6,14874710.4
2732,2026-05-03,Paul Gilbert,Luxury,BMW i7,Kochi,Grey,Diesel,Automatic,Online,2,15755512.0,0.0,31511024.0,0.0,31511024.0
2733,2024-01-29,Ronald Hernandez,Individual,BMW i5,Ahmedabad,Blue,Diesel,Manual,Corporate,1,9398146.0,5.0,9398146.0,469907.3,8928238.7
2734,2026-07-31,Donald Harris,Corporate,BMW i5,Delhi,Silver,Diesel,Automatic,Corporate,1,10381370.0,0.0,10381370.0,0.0,10381370.0
2735,2026-05-18,Tracy Cummings,Luxury,BMW i5,Bangalore,Black,Hybrid,Manual,Online,2,9868819.0,10.0,19737638.0,1973763.8,17763874.2
2736,2023-10-28,John Garcia,Corporate,BMW X1,Bangalore,Red,Petrol,Automatic,Corporate,3,5720874.0,10.0,17162622.0,1716262.2,15446359.8
2737,2024-11-18,April Clark,Individual,BMW X3,Kochi,Red,Petrol,Manual,Dealer,1,7880282.0,12.0,7880282.0,945633.84,6934648.16
2738,2024-09-15,Tracy Mcintyre,Luxury,BMW i4,Chennai,Red,Diesel,Manual,Online,2,7239993.0,0.0,14479986.0,0.0,14479986.0
2739,2026-05-05,Austin West,Corporate,BMW 3 Series,Ahmedabad,Black,Petrol,Automatic,Dealer,1,6345148.0,2.0,6345148.0,126902.96,6218245.04
2740,2026-07-06,Sophia Mills,Corporate,BMW X7,Hyderabad,Grey,Diesel,Manual,Corporate,1,14217495.0,10.0,14217495.0,1421749.5,12795745.5
2741,2026-07-19,Joseph Rodriguez,Luxury,BMW X5,Chennai,Red,Electric,Automatic,Corporate,2,9580700.0,2.0,19161400.0,383228.0,18778172.0
2742,2025-12-21,Lisa House,Luxury,BMW i4,Delhi,Red,Petrol,Manual,Corporate,1,7186263.0,7.0,7186263.0,503038.41,6683224.59
2743,2024-05-11,Laurie Casey,Corporate,BMW 5 Series,Kochi,White,Hybrid,Manual,Dealer,2,8355053.0,0.0,16710106.0,0.0,16710106.0
2744,2026-01-14,Douglas Roberts,Corporate,BMW 3 Series,Jaipur,Black,Diesel,Automatic,Dealer,3,4569402.0,2.0,13708206.0,274164.12,13434041.88
2745,2025-05-12,Stephanie Klein,Corporate,BMW 7 Series,Kolkata,Blue,Electric,Automatic,Corporate,3,15632576.0,5.0,46897728.0,2344886.4,44552841.6
2746,2024-04-19,Alicia Jones,Individual,BMW X7,Hyderabad,Red,Hybrid,Automatic,Dealer,2,14692428.0,5.0,29384856.0,1469242.8,27915613.2
2747,2024-12-26,Elizabeth Strong,Luxury,BMW 3 Series,Delhi,White,Electric,Automatic,Online,3,6199755.0,12.0,18599265.0,2231911.8,16367353.2
2748,2023-09-15,Victor Harrison,Corporate,BMW X1,Kolkata,Black,Diesel,Automatic,Online,1,6251309.0,10.0,6251309.0,625130.9,5626178.1
2749,2025-11-08,Nathan King,Luxury,BMW X1,Chennai,Red,Hybrid,Manual,Dealer,3,5383023.0,5.0,16149069.0,807453.45,15341615.55
2750,2025-05-16,Angie Dean,Individual,BMW X1,Kochi,Black,Diesel,Manual,Online,3,5790044.0,7.0,17370132.0,1215909.24,16154222.76
2751,2025-06-28,Scott Lopez,Corporate,BMW X5,Hyderabad,Blue,Diesel,Manual,Corporate,1,10793266.0,5.0,10793266.0,539663.3,10253602.7
2752,2025-12-04,Lori Gamble,Corporate,BMW 5 Series,Jaipur,Blue,Petrol,Automatic,Corporate,2,8209498.0,5.0,16418996.0,820949.8,15598046.2
2753,2025-05-29,Reginald Holloway,Individual,BMW X3,Jaipur,Blue,Hybrid,Manual,Corporate,1,7646689.0,0.0,7646689.0,0.0,7646689.0
2754,2024-10-25,Derrick Black,Corporate,BMW X5,Delhi,White,Diesel,Automatic,Dealer,2,11177997.0,2.0,22355994.0,447119.88,21908874.12
2755,2025-03-22,Melinda Torres,Luxury,BMW X7,Kolkata,Red,Hybrid,Manual,Dealer,2,15383952.0,10.0,30767904.0,3076790.4,27691113.6
2756,2024-09-30,Marissa Leonard,Luxury,BMW 7 Series,Pune,Grey,Diesel,Automatic,Dealer,2,18877781.0,10.0,37755562.0,3775556.2,33980005.8
2757,2025-03-22,Jacob Randall,Luxury,BMW X3,Hyderabad,White,Diesel,Manual,Corporate,3,7768425.0,7.0,23305275.0,1631369.25,21673905.75
2758,2024-09-03,Sarah Campbell,Individual,BMW 7 Series,Chennai,Black,Hybrid,Manual,Dealer,2,17219813.0,7.0,34439626.0,2410773.82,32028852.18
2759,2025-06-05,Ernest Wilson,Corporate,BMW X5,Kolkata,White,Diesel,Automatic,Corporate,3,11974675.0,12.0,35924025.0,4310883.0,31613142.0
2760,2025-06-18,Kimberly Sanders,Luxury,BMW i4,Kolkata,Silver,Hybrid,Manual,Dealer,3,8165970.0,7.0,24497910.0,1714853.7,22783056.3
2761,2023-08-17,Joyce Wheeler,Individual,BMW X5,Kolkata,White,Electric,Automatic,Corporate,2,9551830.0,0.0,19103660.0,0.0,19103660.0
2762,2026-02-24,Carl Williams,Individual,BMW X3,Kochi,White,Diesel,Automatic,Dealer,1,7018037.0,5.0,7018037.0,350901.85,6667135.15
2763,2024-03-14,John Miller,Luxury,BMW X7,Chennai,Blue,Electric,Automatic,Corporate,1,12123022.0,0.0,12123022.0,0.0,12123022.0
2764,2023-10-09,Shelley Reese,Luxury,BMW i4,Kolkata,Silver,Petrol,Manual,Corporate,3,7307849.0,12.0,21923547.0,2630825.64,19292721.36
2765,2024-11-24,Mrs. Courtney Baker,Individual,BMW X1,Chennai,Black,Diesel,Manual,Dealer,3,5596103.0,10.0,16788309.0,1678830.9,15109478.1
2766,2023-08-28,Zachary Wood,Individual,BMW X1,Jaipur,White,Hybrid,Automatic,Corporate,2,6205677.0,5.0,12411354.0,620567.7,11790786.3
2767,2025-01-19,Tracey Wilson,Individual,BMW i7,Jaipur,Silver,Hybrid,Manual,Corporate,3,15823594.0,5.0,47470782.0,2373539.1,45097242.9
2768,2024-07-28,Cindy Vargas,Luxury,BMW 7 Series,Delhi,Silver,Diesel,Automatic,Dealer,2,14095265.0,10.0,28190530.0,2819053.0,25371477.0
2769,2023-11-08,April Smith,Luxury,BMW X1,Pune,Grey,Hybrid,Manual,Dealer,1,5486806.0,10.0,5486806.0,548680.6,4938125.4
2770,2024-05-08,Rachel Brown,Corporate,BMW i7,Delhi,White,Petrol,Manual,Corporate,3,16343354.0,7.0,49030062.0,3432104.34,45597957.66
2771,2025-05-06,Robin Walsh,Corporate,BMW 7 Series,Chennai,Blue,Diesel,Automatic,Corporate,2,14714500.0,12.0,29429000.0,3531480.0,25897520.0
2772,2023-09-29,Mark Thomas,Individual,BMW X7,Kolkata,Red,Electric,Manual,Corporate,3,12421544.0,7.0,37264632.0,2608524.24,34656107.76
2773,2024-12-05,Donna Campbell,Luxury,BMW X3,Chennai,Grey,Electric,Automatic,Dealer,1,7149320.0,5.0,7149320.0,357466.0,6791854.0
2774,2024-05-20,Kimberly Sanchez,Individual,BMW X5,Mumbai,Grey,Electric,Manual,Dealer,3,9804265.0,2.0,29412795.0,588255.9,28824539.1
2775,2025-03-24,Jennifer Frey,Corporate,BMW 3 Series,Ahmedabad,Silver,Diesel,Automatic,Online,2,5528007.0,2.0,11056014.0,221120.28,10834893.72
2776,2024-05-27,Jennifer Hill,Individual,BMW 3 Series,Mumbai,Silver,Diesel,Automatic,Corporate,1,5378798.0,10.0,5378798.0,537879.8,4840918.2
2777,2025-10-13,Krista Campbell,Individual,BMW X5,Kochi,Black,Diesel,Manual,Dealer,3,11948754.0,12.0,35846262.0,4301551.44,31544710.56
2778,2024-03-16,Ryan Martin,Corporate,BMW i4,Chennai,White,Electric,Manual,Online,2,7398201.0,12.0,14796402.0,1775568.24,13020833.76
2779,2024-01-31,Jasmine Coleman,Corporate,BMW X3,Jaipur,Grey,Hybrid,Automatic,Corporate,1,7777026.0,5.0,7777026.0,388851.3,7388174.7
2780,2026-07-02,Alexander Nguyen,Luxury,BMW i5,Kolkata,Blue,Petrol,Automatic,Online,1,10816136.0,2.0,10816136.0,216322.72,10599813.28
2781,2025-01-10,Maria Martinez,Individual,BMW X7,Pune,Grey,Petrol,Manual,Online,3,12319674.0,0.0,36959022.0,0.0,36959022.0
2782,2025-12-16,Kenneth Johnston,Corporate,BMW X1,Hyderabad,Black,Electric,Manual,Dealer,3,6128714.0,5.0,18386142.0,919307.1,17466834.9
2783,2024-11-10,Mercedes Golden,Corporate,BMW X3,Chennai,Blue,Petrol,Manual,Corporate,1,7768815.0,10.0,7768815.0,776881.5,6991933.5
2784,2026-06-19,Joy Stephens,Individual,BMW 5 Series,Bangalore,Blue,Hybrid,Manual,Corporate,2,7173103.0,5.0,14346206.0,717310.3,13628895.7
2785,2024-07-25,Sheila Clark,Corporate,BMW 5 Series,Kolkata,Grey,Petrol,Automatic,Dealer,3,6598337.0,7.0,19795011.0,1385650.77,18409360.23
2786,2023-09-21,Cassandra Allen,Individual,BMW i7,Mumbai,Blue,Electric,Manual,Corporate,1,17742412.0,12.0,17742412.0,2129089.44,15613322.56
2787,2024-01-02,Peter Gonzalez,Individual,BMW X3,Chennai,Red,Diesel,Automatic,Corporate,3,7021445.0,12.0,21064335.0,2527720.2,18536614.8
2788,2025-06-05,Thomas Stevens,Luxury,BMW 3 Series,Mumbai,White,Petrol,Automatic,Online,2,5734313.0,7.0,11468626.0,802803.82,10665822.18
2789,2026-06-18,Dale Glover,Luxury,BMW i5,Jaipur,Silver,Petrol,Manual,Corporate,3,9837477.0,5.0,29512431.0,1475621.55,28036809.45
2790,2026-06-30,Kelly Valdez,Corporate,BMW 3 Series,Hyderabad,Red,Electric,Automatic,Online,2,5321542.0,2.0,10643084.0,212861.68,10430222.32
2791,2026-05-19,Darrell Roberts,Individual,BMW X7,Kochi,White,Electric,Manual,Dealer,1,12866738.0,12.0,12866738.0,1544008.56,11322729.44
2792,2025-05-06,Paul Myers,Corporate,BMW 3 Series,Mumbai,Blue,Petrol,Automatic,Online,2,5768570.0,5.0,11537140.0,576857.0,10960283.0
2793,2025-02-05,Douglas Garcia,Individual,BMW 3 Series,Jaipur,Grey,Petrol,Automatic,Corporate,3,6009601.0,10.0,18028803.0,1802880.3,16225922.7
2794,2025-08-02,Edward Martinez,Individual,BMW 5 Series,Kochi,Red,Electric,Automatic,Dealer,3,7966520.0,0.0,23899560.0,0.0,23899560.0
2795,2025-02-22,Kayla Watkins,Luxury,BMW X1,Hyderabad,Black,Electric,Manual,Online,2,5817464.0,0.0,11634928.0,0.0,11634928.0
2796,2025-11-05,Brian Baker,Individual,BMW i5,Chennai,White,Diesel,Automatic,Corporate,1,9719134.0,7.0,9719134.0,680339.38,9038794.62
2797,2026-01-13,Rebecca Davis,Individual,BMW X7,Chennai,Silver,Diesel,Automatic,Online,2,13238446.0,12.0,26476892.0,3177227.04,23299664.96
2798,2025-01-02,Eric Koch,Corporate,BMW X1,Kochi,Grey,Hybrid,Manual,Corporate,3,5986466.0,0.0,17959398.0,0.0,17959398.0
2799,2024-03-22,Jason Simon,Individual,BMW X3,Delhi,Black,Diesel,Automatic,Online,3,7507152.0,12.0,22521456.0,2702574.72,19818881.28
2800,2025-09-10,Melissa Moreno,Luxury,BMW 5 Series,Delhi,Red,Electric,Automatic,Online,3,7318731.0,0.0,21956193.0,0.0,21956193.0
2801,2025-09-02,Megan Perry,Individual,BMW X7,Ahmedabad,White,Hybrid,Automatic,Online,2,15371828.0,7.0,30743656.0,2152055.92,28591600.08
2802,2023-12-01,Jennifer Johnson,Luxury,BMW i7,Kolkata,White,Petrol,Automatic,Online,1,17870709.0,5.0,17870709.0,893535.45,16977173.55
2803,2024-02-20,Robert Carr,Individual,BMW 5 Series,Jaipur,Blue,Hybrid,Manual,Dealer,1,7131676.0,2.0,7131676.0,142633.52,6989042.48
2804,2024-03-10,Andrea Warren,Individual,BMW X7,Jaipur,Black,Hybrid,Automatic,Online,1,13683110.0,5.0,13683110.0,684155.5,12998954.5
2805,2025-08-21,Jeffrey Harris,Luxury,BMW X7,Mumbai,Black,Diesel,Automatic,Corporate,1,13820213.0,5.0,13820213.0,691010.65,13129202.35
2806,2024-01-04,Jill Moore,Individual,BMW X7,Delhi,Red,Petrol,Automatic,Corporate,1,15512392.0,10.0,15512392.0,1551239.2,13961152.8
2807,2025-03-06,Emily Wright,Individual,BMW 3 Series,Kochi,Silver,Diesel,Automatic,Online,1,4748020.0,0.0,4748020.0,0.0,4748020.0
2808,2023-10-29,Charles Henderson,Corporate,BMW 7 Series,Chennai,Silver,Diesel,Manual,Corporate,2,16200267.0,2.0,32400534.0,648010.68,31752523.32
2809,2024-06-26,Angela Jefferson,Individual,BMW i4,Kochi,Red,Diesel,Manual,Dealer,1,7768958.0,0.0,7768958.0,0.0,7768958.0
2810,2025-12-26,Christopher Cook,Corporate,BMW i7,Jaipur,Grey,Electric,Manual,Corporate,1,15805157.0,2.0,15805157.0,316103.14,15489053.86
2811,2024-05-17,Monica Allen,Corporate,BMW X5,Delhi,White,Petrol,Manual,Corporate,3,10646531.0,10.0,31939593.0,3193959.3,28745633.7
2812,2025-12-11,Latasha Murray,Individual,BMW i5,Kochi,Blue,Diesel,Automatic,Corporate,3,9590381.0,5.0,28771143.0,1438557.15,27332585.85
2813,2026-07-05,Andrew Jones,Luxury,BMW 3 Series,Jaipur,Red,Hybrid,Manual,Online,3,4753284.0,10.0,14259852.0,1425985.2,12833866.8
2814,2025-02-09,Devin Phillips,Individual,BMW i5,Mumbai,Grey,Hybrid,Automatic,Corporate,2,9594319.0,5.0,19188638.0,959431.9,18229206.1
2815,2023-10-21,David Johnson,Luxury,BMW X5,Hyderabad,Grey,Petrol,Manual,Online,2,10017358.0,10.0,20034716.0,2003471.6,18031244.4
2816,2025-04-09,Samantha Long,Luxury,BMW X7,Chennai,Grey,Diesel,Manual,Online,2,12984544.0,0.0,25969088.0,0.0,25969088.0
2817,2026-03-18,Allen Richardson,Corporate,BMW 3 Series,Ahmedabad,Silver,Diesel,Manual,Dealer,2,4521988.0,7.0,9043976.0,633078.32,8410897.68
2818,2026-01-08,Jonathan King,Individual,BMW 7 Series,Mumbai,Red,Electric,Automatic,Online,1,16963858.0,5.0,16963858.0,848192.9,16115665.1
2819,2025-11-01,Douglas Reid,Corporate,BMW X1,Chennai,Silver,Petrol,Manual,Dealer,2,5142295.0,2.0,10284590.0,205691.8,10078898.2
2820,2024-01-15,Anthony Wheeler,Individual,BMW X5,Kolkata,Grey,Petrol,Manual,Dealer,2,9726360.0,10.0,19452720.0,1945272.0,17507448.0
2821,2023-12-31,Jacqueline Moore,Corporate,BMW X3,Delhi,Red,Electric,Manual,Corporate,1,6657398.0,2.0,6657398.0,133147.96,6524250.04
2822,2025-03-31,Dr. Cynthia Jackson DVM,Individual,BMW X3,Chennai,Silver,Electric,Automatic,Corporate,2,7988254.0,5.0,15976508.0,798825.4,15177682.6
2823,2024-10-10,Angela Leblanc,Luxury,BMW X5,Ahmedabad,Silver,Hybrid,Automatic,Corporate,1,11947479.0,5.0,11947479.0,597373.95,11350105.05
2824,2025-06-05,Richard Rice,Luxury,BMW 5 Series,Jaipur,Grey,Hybrid,Manual,Online,3,7836357.0,10.0,23509071.0,2350907.1,21158163.9
2825,2026-07-05,Megan Phillips,Corporate,BMW i7,Mumbai,Black,Diesel,Automatic,Corporate,2,15802230.0,7.0,31604460.0,2212312.2,29392147.8
2826,2023-12-10,Kimberly Hogan,Luxury,BMW i7,Ahmedabad,Red,Hybrid,Manual,Dealer,3,15106638.0,12.0,45319914.0,5438389.68,39881524.32
2827,2025-03-13,Michael Burton,Luxury,BMW X5,Ahmedabad,Silver,Hybrid,Manual,Dealer,1,9706259.0,2.0,9706259.0,194125.18,9512133.82
2828,2026-04-11,Jacob Gomez,Individual,BMW i5,Delhi,Black,Diesel,Automatic,Corporate,1,9512461.0,12.0,9512461.0,1141495.32,8370965.68
2829,2024-07-29,Kevin Thomas,Individual,BMW X5,Kolkata,White,Diesel,Manual,Corporate,1,11550464.0,2.0,11550464.0,231009.28,11319454.72
2830,2026-05-05,Mrs. Kathleen White,Luxury,BMW 7 Series,Mumbai,Blue,Petrol,Automatic,Dealer,2,18743945.0,5.0,37487890.0,1874394.5,35613495.5
2831,2025-01-24,Carol Martin,Individual,BMW X5,Mumbai,Grey,Diesel,Manual,Online,2,10187302.0,7.0,20374604.0,1426222.28,18948381.72
2832,2025-10-15,Robert White,Individual,BMW i4,Mumbai,White,Electric,Automatic,Dealer,3,8304322.0,2.0,24912966.0,498259.32,24414706.68
2833,2026-05-13,Michael Davis,Corporate,BMW X1,Hyderabad,Blue,Petrol,Automatic,Corporate,3,5045489.0,0.0,15136467.0,0.0,15136467.0
2834,2024-07-29,Jason Wade,Corporate,BMW X1,Mumbai,Blue,Diesel,Automatic,Online,3,5367394.0,5.0,16102182.0,805109.1,15297072.9
2835,2023-11-26,Erin Mejia,Corporate,BMW 5 Series,Kochi,Red,Petrol,Manual,Online,3,7739395.0,2.0,23218185.0,464363.7,22753821.3
2836,2025-09-17,Melissa Price,Individual,BMW 5 Series,Pune,Blue,Diesel,Manual,Online,2,8267356.0,12.0,16534712.0,1984165.44,14550546.56
2837,2024-09-15,Jeremy Long,Luxury,BMW X5,Kolkata,Red,Petrol,Automatic,Dealer,3,11884017.0,10.0,35652051.0,3565205.1,32086845.9
2838,2024-08-06,Michael Gutierrez,Luxury,BMW 5 Series,Chennai,Blue,Diesel,Automatic,Dealer,3,6507927.0,7.0,19523781.0,1366664.67,18157116.33
2839,2025-12-15,Brent Fry,Individual,BMW 7 Series,Kolkata,Grey,Hybrid,Manual,Dealer,1,15262886.0,7.0,15262886.0,1068402.02,14194483.98
2840,2024-04-24,Melissa Davis,Corporate,BMW 5 Series,Kolkata,Silver,Petrol,Manual,Online,3,8359550.0,10.0,25078650.0,2507865.0,22570785.0
2841,2025-07-20,Randy Archer,Individual,BMW i4,Chennai,Red,Electric,Automatic,Online,1,7928933.0,2.0,7928933.0,158578.66,7770354.34
2842,2024-11-28,Derek Crawford,Luxury,BMW 3 Series,Pune,Red,Electric,Automatic,Online,2,5788411.0,2.0,11576822.0,231536.44,11345285.56
2843,2024-05-06,Mark Johnson,Corporate,BMW 5 Series,Chennai,Blue,Petrol,Automatic,Online,2,7842834.0,12.0,15685668.0,1882280.16,13803387.84
2844,2025-10-30,David Hudson,Corporate,BMW 3 Series,Kolkata,White,Hybrid,Manual,Dealer,2,5492462.0,10.0,10984924.0,1098492.4,9886431.6
2845,2026-03-27,Kristin Duarte,Luxury,BMW X5,Kochi,Black,Petrol,Automatic,Online,2,9510151.0,2.0,19020302.0,380406.04,18639895.96
2846,2024-08-31,Mary Ewing,Luxury,BMW X1,Jaipur,Grey,Electric,Manual,Dealer,2,6389069.0,12.0,12778138.0,1533376.56,11244761.44
2847,2024-12-11,Michael Castaneda,Individual,BMW X3,Kochi,Red,Hybrid,Automatic,Corporate,2,7439139.0,5.0,14878278.0,743913.9,14134364.1
2848,2024-08-19,Nichole Martinez DVM,Corporate,BMW X1,Kochi,Grey,Electric,Automatic,Corporate,3,6465873.0,12.0,19397619.0,2327714.28,17069904.72
2849,2026-03-29,Juan Gonzalez,Individual,BMW i5,Kolkata,Red,Electric,Manual,Online,3,9072103.0,12.0,27216309.0,3265957.08,23950351.92
2850,2026-07-07,Sara Butler,Individual,BMW i7,Mumbai,Blue,Diesel,Automatic,Corporate,2,14599460.0,7.0,29198920.0,2043924.4,27154995.6
2851,2025-05-25,Benjamin Farmer,Luxury,BMW X1,Kochi,White,Petrol,Automatic,Corporate,2,5539513.0,0.0,11079026.0,0.0,11079026.0
2852,2025-04-24,Rebecca Thomas,Luxury,BMW i7,Jaipur,Silver,Petrol,Manual,Online,3,17378854.0,0.0,52136562.0,0.0,52136562.0
2853,2026-03-08,Dr. Crystal Powell,Luxury,BMW i5,Pune,Black,Petrol,Automatic,Online,2,9478105.0,0.0,18956210.0,0.0,18956210.0
2854,2025-05-30,Dominic Rodriguez,Corporate,BMW X7,Hyderabad,Red,Electric,Manual,Dealer,1,12576593.0,10.0,12576593.0,1257659.3,11318933.7
2855,2024-04-21,Melissa Hernandez,Luxury,BMW 7 Series,Pune,Silver,Hybrid,Automatic,Corporate,3,17336079.0,7.0,52008237.0,3640576.59,48367660.41
2856,2024-06-04,Tonya Perkins,Corporate,BMW i5,Hyderabad,Grey,Hybrid,Automatic,Corporate,1,10906297.0,2.0,10906297.0,218125.94,10688171.06
2857,2025-12-25,Sydney Davis,Luxury,BMW i5,Delhi,Black,Hybrid,Automatic,Dealer,2,9141332.0,10.0,18282664.0,1828266.4,16454397.6
2858,2024-11-14,Jacob Adams,Corporate,BMW X3,Kochi,Blue,Hybrid,Manual,Dealer,2,7847281.0,7.0,15694562.0,1098619.34,14595942.66
2859,2023-10-19,Tiffany Hall,Individual,BMW X5,Jaipur,Red,Electric,Manual,Corporate,3,11296761.0,7.0,33890283.0,2372319.81,31517963.19
2860,2024-03-16,Mackenzie Mcmahon DDS,Individual,BMW i5,Mumbai,White,Diesel,Manual,Dealer,3,9007774.0,7.0,27023322.0,1891632.54,25131689.46
2861,2025-06-28,Pamela Ramirez,Individual,BMW i5,Chennai,Black,Hybrid,Manual,Dealer,1,10203618.0,7.0,10203618.0,714253.26,9489364.74
2862,2026-04-19,Derek Moore,Corporate,BMW 5 Series,Kolkata,Silver,Hybrid,Manual,Online,2,7176649.0,5.0,14353298.0,717664.9,13635633.1
2863,2026-08-09,Ashley James,Individual,BMW i4,Jaipur,Blue,Hybrid,Manual,Dealer,2,7835918.0,5.0,15671836.0,783591.8,14888244.2
2864,2026-07-09,Sheri Mendoza,Luxury,BMW X3,Ahmedabad,Black,Petrol,Manual,Online,2,7403774.0,0.0,14807548.0,0.0,14807548.0
2865,2024-02-09,Dale Simmons,Individual,BMW X5,Jaipur,Blue,Petrol,Manual,Online,3,11240321.0,2.0,33720963.0,674419.26,33046543.74
2866,2025-09-25,Paul Murphy,Corporate,BMW X7,Pune,White,Diesel,Manual,Online,2,13071032.0,0.0,26142064.0,0.0,26142064.0
2867,2025-02-28,Rodney Miller,Individual,BMW 5 Series,Jaipur,Blue,Petrol,Automatic,Dealer,3,7734652.0,7.0,23203956.0,1624276.92,21579679.08
2868,2025-05-30,Maria Fritz,Corporate,BMW i5,Kolkata,Black,Diesel,Manual,Dealer,3,10912915.0,7.0,32738745.0,2291712.15,30447032.85
2869,2025-06-10,Angela Perez,Corporate,BMW 5 Series,Ahmedabad,White,Petrol,Manual,Dealer,1,6541691.0,7.0,6541691.0,457918.37,6083772.63
2870,2023-12-11,Paul Ward,Luxury,BMW X1,Jaipur,White,Petrol,Manual,Dealer,2,6348443.0,0.0,12696886.0,0.0,12696886.0
2871,2026-07-31,Betty Leblanc,Individual,BMW i5,Kochi,Black,Electric,Automatic,Online,3,10543261.0,2.0,31629783.0,632595.66,30997187.34
2872,2025-04-08,Stephen Palmer,Luxury,BMW i7,Chennai,Black,Hybrid,Manual,Online,2,16448977.0,12.0,32897954.0,3947754.48,28950199.52
2873,2024-12-07,Stephanie Cabrera,Corporate,BMW 7 Series,Delhi,Blue,Petrol,Automatic,Online,1,16823902.0,10.0,16823902.0,1682390.2,15141511.8
2874,2025-04-14,Donna Martin,Individual,BMW i7,Delhi,Blue,Petrol,Manual,Online,1,16208832.0,5.0,16208832.0,810441.6,15398390.4
2875,2024-09-12,Brittany Reed,Luxury,BMW X7,Ahmedabad,Red,Electric,Manual,Corporate,3,13254747.0,0.0,39764241.0,0.0,39764241.0
2876,2024-10-10,Jose Medina,Luxury,BMW X1,Kochi,Blue,Petrol,Automatic,Online,3,5526835.0,0.0,16580505.0,0.0,16580505.0
2877,2025-08-13,Sarah Allen,Individual,BMW 3 Series,Hyderabad,Blue,Diesel,Automatic,Dealer,3,6004134.0,5.0,18012402.0,900620.1,17111781.9
2878,2026-03-22,Anthony Johnston,Individual,BMW X5,Jaipur,Blue,Petrol,Manual,Online,2,10086833.0,10.0,20173666.0,2017366.6,18156299.4
2879,2026-01-11,Joshua Jordan,Corporate,BMW 7 Series,Chennai,Silver,Hybrid,Manual,Online,1,15907214.0,10.0,15907214.0,1590721.4,14316492.6
2880,2025-01-10,Mark Myers,Individual,BMW i5,Kolkata,Blue,Petrol,Manual,Corporate,2,9965268.0,10.0,19930536.0,1993053.6,17937482.4
2881,2025-11-10,Alex Padilla,Individual,BMW X7,Delhi,Silver,Diesel,Automatic,Corporate,3,15812846.0,10.0,47438538.0,4743853.8,42694684.2
2882,2025-05-23,Jean Nelson,Individual,BMW i5,Hyderabad,Silver,Hybrid,Manual,Corporate,3,10759718.0,5.0,32279154.0,1613957.7,30665196.3
2883,2023-11-25,Dr. Bobby Waters,Luxury,BMW X7,Hyderabad,White,Hybrid,Automatic,Corporate,3,13026315.0,2.0,39078945.0,781578.9,38297366.1
2884,2023-12-12,Kimberly Lloyd,Corporate,BMW X5,Jaipur,Blue,Diesel,Manual,Online,3,11080178.0,10.0,33240534.0,3324053.4,29916480.6
2885,2024-07-30,Mark Jackson,Corporate,BMW X3,Jaipur,White,Petrol,Manual,Dealer,1,6939955.0,7.0,6939955.0,485796.85,6454158.15
2886,2025-02-08,Amy Lawrence,Luxury,BMW i7,Mumbai,Black,Electric,Automatic,Dealer,3,16756510.0,12.0,50269530.0,6032343.6,44237186.4
2887,2025-12-15,Scott Weaver,Corporate,BMW i4,Jaipur,White,Hybrid,Manual,Corporate,1,8049944.0,5.0,8049944.0,402497.2,7647446.8
2888,2023-10-19,John Lamb,Individual,BMW X3,Kolkata,Black,Hybrid,Automatic,Dealer,3,7806226.0,10.0,23418678.0,2341867.8,21076810.2
2889,2025-01-06,Candace Dean,Individual,BMW i4,Hyderabad,Black,Hybrid,Automatic,Dealer,3,7461506.0,7.0,22384518.0,1566916.26,20817601.74
2890,2024-11-13,Matthew Foley,Corporate,BMW X1,Ahmedabad,Black,Hybrid,Manual,Corporate,3,6424615.0,0.0,19273845.0,0.0,19273845.0
2891,2024-10-09,Stacy Reeves,Luxury,BMW i5,Ahmedabad,Blue,Hybrid,Manual,Online,3,9116662.0,10.0,27349986.0,2734998.6,24614987.4
2892,2024-04-11,Terri Landry,Individual,BMW X3,Bangalore,Grey,Electric,Manual,Corporate,2,7815165.0,7.0,15630330.0,1094123.1,14536206.9
2893,2024-02-12,Edwin Smith,Luxury,BMW i5,Bangalore,Red,Petrol,Manual,Dealer,3,10716609.0,10.0,32149827.0,3214982.7,28934844.3
2894,2024-04-21,Christina Jordan,Luxury,BMW i4,Jaipur,Black,Electric,Manual,Dealer,2,7139059.0,10.0,14278118.0,1427811.8,12850306.2
2895,2025-12-09,Terry Fisher,Corporate,BMW i5,Kochi,Red,Hybrid,Automatic,Corporate,2,9634388.0,10.0,19268776.0,1926877.6,17341898.4
2896,2026-07-23,Andrea Mccarthy,Luxury,BMW X1,Jaipur,Grey,Hybrid,Automatic,Dealer,3,5552755.0,10.0,16658265.0,1665826.5,14992438.5
2897,2024-02-04,Kevin Wallace,Luxury,BMW 7 Series,Chennai,White,Diesel,Manual,Dealer,2,18018031.0,0.0,36036062.0,0.0,36036062.0
2898,2024-05-28,David Graves,Individual,BMW 7 Series,Bangalore,Silver,Petrol,Automatic,Corporate,3,14233684.0,5.0,42701052.0,2135052.6,40565999.4
2899,2025-04-09,Dr. Benjamin Graves MD,Luxury,BMW i5,Jaipur,Black,Diesel,Automatic,Online,2,10349675.0,12.0,20699350.0,2483922.0,18215428.0
2900,2025-10-27,Mr. Cory Moss,Corporate,BMW 3 Series,Kolkata,Black,Petrol,Automatic,Corporate,3,5313745.0,10.0,15941235.0,1594123.5,14347111.5
2901,2024-10-26,Cynthia Monroe,Luxury,BMW 7 Series,Mumbai,Red,Diesel,Manual,Corporate,1,18035320.0,10.0,18035320.0,1803532.0,16231788.0
2902,2025-04-25,Patricia Wilson,Luxury,BMW X1,Mumbai,Silver,Hybrid,Manual,Online,3,5576509.0,10.0,16729527.0,1672952.7,15056574.3
2903,2025-11-27,Donna Daniel,Corporate,BMW 3 Series,Mumbai,Grey,Hybrid,Manual,Corporate,2,5997048.0,0.0,11994096.0,0.0,11994096.0
2904,2025-08-24,Craig Gonzalez,Corporate,BMW i7,Kolkata,White,Diesel,Manual,Corporate,3,17616547.0,12.0,52849641.0,6341956.92,46507684.08
2905,2025-01-08,Brandon Evans,Luxury,BMW i4,Chennai,Silver,Petrol,Automatic,Dealer,2,8020974.0,2.0,16041948.0,320838.96,15721109.04
2906,2026-04-26,Meghan Thomas,Luxury,BMW 5 Series,Pune,Black,Electric,Manual,Dealer,2,7190528.0,12.0,14381056.0,1725726.72,12655329.28
2907,2024-01-14,Stephanie Alexander,Luxury,BMW X5,Hyderabad,Red,Diesel,Manual,Online,3,9892646.0,7.0,29677938.0,2077455.66,27600482.34
2908,2025-08-06,Glenn Cannon,Individual,BMW X3,Chennai,Red,Diesel,Automatic,Online,2,7152590.0,10.0,14305180.0,1430518.0,12874662.0
2909,2024-08-08,Cynthia Osborne,Individual,BMW 5 Series,Delhi,Silver,Petrol,Automatic,Corporate,2,8361775.0,0.0,16723550.0,0.0,16723550.0
2910,2024-05-14,Trevor Russell,Luxury,BMW X5,Chennai,Grey,Petrol,Manual,Online,2,10332368.0,10.0,20664736.0,2066473.6,18598262.4
2911,2026-01-12,Andres Sullivan,Luxury,BMW i5,Kochi,Red,Hybrid,Manual,Online,3,9156547.0,0.0,27469641.0,0.0,27469641.0
2912,2025-03-10,Taylor Jackson,Corporate,BMW i5,Chennai,Silver,Electric,Manual,Online,1,10832303.0,2.0,10832303.0,216646.06,10615656.94
2913,2025-03-17,Calvin Wright,Individual,BMW i5,Delhi,Red,Electric,Automatic,Online,2,9552399.0,7.0,19104798.0,1337335.86,17767462.14
2914,2025-05-16,Lindsey Sutton,Luxury,BMW X7,Delhi,Grey,Diesel,Automatic,Online,1,15415855.0,0.0,15415855.0,0.0,15415855.0
2915,2025-05-29,Kenneth Bradford,Luxury,BMW i4,Mumbai,White,Petrol,Manual,Online,3,8045659.0,12.0,24136977.0,2896437.24,21240539.76
2916,2026-05-02,Darrell Barber,Individual,BMW X5,Ahmedabad,Silver,Diesel,Manual,Dealer,3,10171788.0,12.0,30515364.0,3661843.68,26853520.32
2917,2026-01-09,Mary Turner,Luxury,BMW i5,Kolkata,Silver,Petrol,Automatic,Dealer,3,10173482.0,2.0,30520446.0,610408.92,29910037.08
2918,2026-03-08,Stephanie Terry,Individual,BMW X5,Jaipur,Blue,Diesel,Automatic,Dealer,3,11044715.0,12.0,33134145.0,3976097.4,29158047.6
2919,2023-08-11,Mr. Brandon Vaughn,Luxury,BMW X3,Bangalore,Black,Electric,Manual,Dealer,3,7288351.0,5.0,21865053.0,1093252.65,20771800.35
2920,2025-07-02,James Foley,Corporate,BMW i7,Kolkata,Grey,Diesel,Manual,Online,2,17343267.0,0.0,34686534.0,0.0,34686534.0
2921,2026-03-10,Mary Wright,Luxury,BMW i4,Delhi,Black,Electric,Manual,Online,1,7815322.0,12.0,7815322.0,937838.64,6877483.36
2922,2025-12-25,Mary Carr,Corporate,BMW 5 Series,Ahmedabad,Black,Hybrid,Automatic,Dealer,3,7061480.0,10.0,21184440.0,2118444.0,19065996.0
2923,2023-10-31,William Sherman,Luxury,BMW X5,Chennai,Red,Petrol,Manual,Corporate,1,10177639.0,0.0,10177639.0,0.0,10177639.0
2924,2024-02-01,Donald Dominguez,Corporate,BMW 5 Series,Delhi,Blue,Electric,Manual,Corporate,1,8369066.0,2.0,8369066.0,167381.32,8201684.68
2925,2024-05-24,Nicole Cain,Corporate,BMW 3 Series,Kochi,Silver,Hybrid,Manual,Dealer,3,5035078.0,2.0,15105234.0,302104.68,14803129.32
2926,2024-05-28,Laurie Allen,Individual,BMW 7 Series,Kochi,Blue,Diesel,Automatic,Dealer,3,15051721.0,7.0,45155163.0,3160861.41,41994301.59
2927,2024-05-16,Angela Fuller,Individual,BMW X7,Pune,Red,Hybrid,Automatic,Corporate,3,15912545.0,0.0,47737635.0,0.0,47737635.0
2928,2024-04-04,Lindsay Stephens,Corporate,BMW X1,Kolkata,Black,Hybrid,Manual,Online,2,5790860.0,7.0,11581720.0,810720.4,10770999.6
2929,2026-02-01,Kristy Vang,Individual,BMW 5 Series,Chennai,Grey,Diesel,Manual,Dealer,2,6792657.0,12.0,13585314.0,1630237.68,11955076.32
2930,2026-02-18,Hayden Walsh,Individual,BMW 7 Series,Hyderabad,White,Electric,Automatic,Dealer,3,15121049.0,12.0,45363147.0,5443577.64,39919569.36
2931,2024-12-20,Shannon Smith,Individual,BMW i4,Kolkata,Grey,Electric,Automatic,Online,1,8161249.0,7.0,8161249.0,571287.43,7589961.57
2932,2026-01-31,Collin Lee,Corporate,BMW i4,Kochi,Silver,Electric,Manual,Dealer,2,7151344.0,2.0,14302688.0,286053.76,14016634.24
2933,2026-08-01,Sharon Baker,Individual,BMW X3,Delhi,White,Diesel,Manual,Online,3,6556417.0,2.0,19669251.0,393385.02,19275865.98
2934,2024-07-09,Adam Perez,Individual,BMW X3,Kolkata,White,Hybrid,Automatic,Corporate,2,7256015.0,5.0,14512030.0,725601.5,13786428.5
2935,2024-10-16,Julie Mendez,Luxury,BMW X7,Mumbai,White,Petrol,Manual,Corporate,1,14053599.0,7.0,14053599.0,983751.93,13069847.07
2936,2024-12-21,Marie Bell,Corporate,BMW X7,Kochi,Red,Diesel,Automatic,Corporate,2,14657954.0,5.0,29315908.0,1465795.4,27850112.6
2937,2024-06-14,Mark Gray,Individual,BMW i4,Kolkata,Red,Petrol,Automatic,Corporate,1,7550939.0,5.0,7550939.0,377546.95,7173392.05
2938,2023-10-10,Robert Martinez,Corporate,BMW X5,Chennai,Blue,Petrol,Automatic,Online,3,10250363.0,5.0,30751089.0,1537554.45,29213534.55
2939,2024-11-22,Joanne Johnson,Corporate,BMW X3,Jaipur,White,Diesel,Automatic,Online,2,7337456.0,2.0,14674912.0,293498.24,14381413.76
2940,2025-12-09,Eduardo Daniel,Corporate,BMW X1,Mumbai,Blue,Hybrid,Automatic,Corporate,2,5138631.0,5.0,10277262.0,513863.1,9763398.9
2941,2024-04-06,Mark Davis,Corporate,BMW i4,Delhi,Blue,Petrol,Automatic,Corporate,1,8216892.0,2.0,8216892.0,164337.84,8052554.16
2942,2025-04-02,Keith Rivera,Individual,BMW i7,Ahmedabad,Red,Electric,Automatic,Dealer,3,16206133.0,7.0,48618399.0,3403287.93,45215111.07
2943,2024-04-29,Gloria Lane,Corporate,BMW 3 Series,Delhi,Blue,Diesel,Manual,Corporate,3,4529284.0,5.0,13587852.0,679392.6,12908459.4
2944,2024-09-09,Martin Middleton,Individual,BMW X7,Kolkata,Black,Electric,Automatic,Dealer,3,12397446.0,2.0,37192338.0,743846.76,36448491.24
2945,2024-09-10,Jason Gonzalez,Individual,BMW i5,Ahmedabad,White,Petrol,Manual,Dealer,1,9510045.0,5.0,9510045.0,475502.25,9034542.75
2946,2025-10-15,Jose Faulkner,Individual,BMW X3,Mumbai,Grey,Diesel,Automatic,Online,2,7408348.0,10.0,14816696.0,1481669.6,13335026.4
2947,2025-06-13,Kelly Werner,Corporate,BMW i5,Bangalore,Black,Hybrid,Manual,Online,2,10150901.0,0.0,20301802.0,0.0,20301802.0
2948,2025-10-24,Rachel Gallagher,Corporate,BMW 7 Series,Pune,Silver,Petrol,Automatic,Corporate,1,17809615.0,7.0,17809615.0,1246673.05,16562941.95
2949,2024-10-07,Steven Richards,Corporate,BMW X1,Mumbai,White,Diesel,Automatic,Dealer,2,5151208.0,5.0,10302416.0,515120.8,9787295.2
2950,2025-03-12,Shelby Taylor,Luxury,BMW 3 Series,Hyderabad,Red,Hybrid,Manual,Corporate,1,4909443.0,2.0,4909443.0,98188.86,4811254.14
2951,2026-02-27,Penny Martinez,Corporate,BMW X5,Chennai,Blue,Petrol,Automatic,Dealer,1,10869192.0,2.0,10869192.0,217383.84,10651808.16
2952,2026-05-14,Jill Kelly,Corporate,BMW 3 Series,Kolkata,Black,Electric,Automatic,Online,2,5357436.0,0.0,10714872.0,0.0,10714872.0
2953,2025-11-16,Michael Brown,Individual,BMW i7,Kochi,Grey,Hybrid,Automatic,Corporate,1,14594196.0,0.0,14594196.0,0.0,14594196.0
2954,2025-06-15,Aaron Hall,Corporate,BMW i5,Hyderabad,Blue,Petrol,Automatic,Dealer,1,9269955.0,2.0,9269955.0,185399.1,9084555.9
2955,2024-01-14,Julian Coleman,Individual,BMW i7,Hyderabad,Black,Electric,Manual,Corporate,3,14772545.0,2.0,44317635.0,886352.7,43431282.3
2956,2024-08-14,Richard Willis,Individual,BMW 3 Series,Bangalore,Black,Petrol,Automatic,Online,3,5890946.0,10.0,17672838.0,1767283.8,15905554.2
2957,2025-03-14,Diane Thompson,Luxury,BMW i5,Delhi,Black,Diesel,Automatic,Dealer,1,9438463.0,10.0,9438463.0,943846.3,8494616.7
2958,2025-02-08,Jocelyn Taylor,Luxury,BMW X5,Hyderabad,White,Diesel,Automatic,Corporate,2,11668552.0,0.0,23337104.0,0.0,23337104.0
2959,2026-05-19,Kenneth Conway,Corporate,BMW X3,Pune,Blue,Diesel,Automatic,Dealer,3,7363440.0,5.0,22090320.0,1104516.0,20985804.0
2960,2023-08-14,Samantha Jones,Individual,BMW i5,Kolkata,Grey,Hybrid,Automatic,Online,2,9625792.0,10.0,19251584.0,1925158.4,17326425.6
2961,2025-05-17,Teresa Hunter,Luxury,BMW i7,Jaipur,Blue,Diesel,Automatic,Corporate,2,15803753.0,2.0,31607506.0,632150.12,30975355.88
2962,2024-10-12,Robert White,Corporate,BMW X5,Mumbai,Silver,Hybrid,Automatic,Corporate,2,11334024.0,12.0,22668048.0,2720165.76,19947882.24
2963,2023-12-08,Samantha Osborne,Corporate,BMW i7,Jaipur,White,Hybrid,Automatic,Online,3,16671671.0,5.0,50015013.0,2500750.65,47514262.35
2964,2025-06-29,Michelle Best,Luxury,BMW 5 Series,Pune,Grey,Electric,Manual,Dealer,1,7943591.0,7.0,7943591.0,556051.37,7387539.63
2965,2023-08-19,Zachary Cantu,Corporate,BMW X3,Ahmedabad,White,Petrol,Manual,Online,1,7318071.0,5.0,7318071.0,365903.55,6952167.45
2966,2024-08-17,Jeffrey Fischer,Individual,BMW 5 Series,Delhi,White,Hybrid,Manual,Online,2,7491391.0,2.0,14982782.0,299655.64,14683126.36
2967,2026-03-20,Renee Hawkins,Individual,BMW i4,Delhi,Blue,Diesel,Manual,Corporate,2,7825872.0,12.0,15651744.0,1878209.28,13773534.72
2968,2023-12-10,Mark Haley,Individual,BMW i7,Kolkata,Red,Electric,Automatic,Online,3,14533858.0,10.0,43601574.0,4360157.4,39241416.6
2969,2025-08-17,Michael Gregory,Corporate,BMW X1,Kolkata,Blue,Petrol,Manual,Dealer,3,6035687.0,2.0,18107061.0,362141.22,17744919.78
2970,2023-12-31,James Young,Corporate,BMW 7 Series,Ahmedabad,Silver,Diesel,Manual,Dealer,1,17509355.0,12.0,17509355.0,2101122.6,15408232.4
2971,2025-10-06,James Parker,Luxury,BMW X3,Kolkata,Silver,Hybrid,Automatic,Corporate,2,7650348.0,10.0,15300696.0,1530069.6,13770626.4
2972,2023-09-07,Eric Brown,Luxury,BMW 3 Series,Kolkata,Silver,Diesel,Manual,Online,1,6145828.0,7.0,6145828.0,430207.96,5715620.04
2973,2026-04-12,James Turner,Individual,BMW i7,Mumbai,Silver,Petrol,Manual,Online,3,16583318.0,10.0,49749954.0,4974995.4,44774958.6
2974,2025-06-08,Patrick Lopez,Individual,BMW X1,Jaipur,Red,Diesel,Manual,Dealer,1,5174697.0,7.0,5174697.0,362228.79,4812468.21
2975,2025-12-10,Lindsey Roberson,Corporate,BMW X1,Chennai,White,Hybrid,Automatic,Corporate,1,6042500.0,7.0,6042500.0,422975.0,5619525.0
2976,2025-09-07,Jennifer Johnson,Luxury,BMW 7 Series,Chennai,Red,Hybrid,Manual,Corporate,2,14800431.0,10.0,29600862.0,2960086.2,26640775.8
2977,2024-06-04,Jennifer Allen,Individual,BMW 3 Series,Jaipur,Silver,Electric,Automatic,Dealer,1,6379546.0,7.0,6379546.0,446568.22,5932977.78
2978,2026-03-31,Robert Adams,Individual,BMW 5 Series,Delhi,Blue,Hybrid,Manual,Online,1,7335152.0,10.0,7335152.0,733515.2,6601636.8
2979,2024-01-15,Misty Robinson,Corporate,BMW X3,Hyderabad,Grey,Electric,Manual,Dealer,3,7712473.0,2.0,23137419.0,462748.38,22674670.62
2980,2023-12-13,Joshua Torres,Individual,BMW X1,Kochi,Silver,Electric,Automatic,Online,2,5228347.0,2.0,10456694.0,209133.88,10247560.12
2981,2025-12-23,Laura Moran,Luxury,BMW i7,Delhi,Silver,Petrol,Automatic,Online,3,16120753.0,0.0,48362259.0,0.0,48362259.0
2982,2026-03-24,Denise Glover,Luxury,BMW X7,Delhi,Red,Hybrid,Manual,Dealer,2,14378828.0,0.0,28757656.0,0.0,28757656.0
2983,2025-04-17,Sean Smith,Individual,BMW X7,Jaipur,White,Petrol,Automatic,Online,1,12940347.0,5.0,12940347.0,647017.35,12293329.65
2984,2024-08-17,Martin Alvarez DDS,Luxury,BMW 5 Series,Hyderabad,Black,Hybrid,Automatic,Corporate,3,7233802.0,0.0,21701406.0,0.0,21701406.0
2985,2025-07-30,Daniel Tapia,Corporate,BMW X3,Kochi,White,Diesel,Manual,Dealer,1,6571066.0,2.0,6571066.0,131421.32,6439644.68
2986,2024-11-23,Angela Porter,Corporate,BMW i4,Kolkata,Silver,Electric,Automatic,Dealer,3,8010892.0,2.0,24032676.0,480653.52,23552022.48
2987,2024-11-22,Shannon Taylor,Corporate,BMW i7,Jaipur,Black,Petrol,Automatic,Online,3,17343457.0,5.0,52030371.0,2601518.55,49428852.45
2988,2025-05-11,Kelli Rodriguez,Corporate,BMW i7,Mumbai,Red,Petrol,Automatic,Dealer,1,14158113.0,5.0,14158113.0,707905.65,13450207.35
2989,2026-04-10,Stephanie Olson,Individual,BMW X3,Kochi,Silver,Petrol,Automatic,Online,3,7872487.0,10.0,23617461.0,2361746.1,21255714.9
2990,2024-07-12,Kaitlyn Phillips,Corporate,BMW 7 Series,Chennai,Grey,Hybrid,Automatic,Corporate,3,15262671.0,10.0,45788013.0,4578801.3,41209211.7
2991,2026-01-19,Michelle Burns,Individual,BMW 3 Series,Bangalore,Black,Diesel,Manual,Dealer,3,6337463.0,10.0,19012389.0,1901238.9,17111150.1
2992,2026-05-18,Joel Wagner,Individual,BMW X1,Delhi,Blue,Electric,Automatic,Dealer,3,6052653.0,5.0,18157959.0,907897.95,17250061.05
2993,2024-07-24,Carly Coleman,Corporate,BMW X5,Mumbai,Silver,Hybrid,Automatic,Corporate,2,9813260.0,0.0,19626520.0,0.0,19626520.0
2994,2024-06-11,Leah Salinas PhD,Corporate,BMW 5 Series,Mumbai,Black,Petrol,Manual,Dealer,3,8431017.0,7.0,25293051.0,1770513.57,23522537.43
2995,2026-05-19,Allison Conner,Individual,BMW 5 Series,Ahmedabad,Silver,Petrol,Manual,Dealer,1,6743282.0,2.0,6743282.0,134865.64,6608416.36
2996,2026-07-18,Lauren Zimmerman,Individual,BMW X3,Ahmedabad,Red,Petrol,Manual,Dealer,1,7903009.0,2.0,7903009.0,158060.18,7744948.82
2997,2025-02-10,Jeffrey Vargas,Luxury,BMW 7 Series,Jaipur,Blue,Diesel,Manual,Dealer,3,17853529.0,5.0,53560587.0,2678029.35,50882557.65
2998,2024-11-04,John Anthony,Corporate,BMW i7,Mumbai,Blue,Hybrid,Manual,Online,2,15829302.0,10.0,31658604.0,3165860.4,28492743.6
2999,2024-10-25,Ronald Jackson,Corporate,BMW X1,Kochi,Black,Petrol,Manual,Corporate,1,5150465.0,10.0,5150465.0,515046.5,4635418.5
3000,2025-08-26,Dr. Jessica Arnold MD,Individual,BMW 5 Series,Kolkata,White,Diesel,Automatic,Online,3,6756092.0,5.0,20268276.0,1013413.8,19254862.2
3001,2023-12-04,Thomas Grant,Corporate,BMW X3,Chennai,Black,Electric,Automatic,Dealer,3,6659666.0,2.0,19978998.0,399579.96,19579418.04
3002,2026-04-10,Joseph Davidson,Corporate,BMW X7,Kochi,White,Hybrid,Automatic,Corporate,2,14782750.0,12.0,29565500.0,3547860.0,26017640.0
3003,2026-07-15,Scott Swanson,Individual,BMW X3,Pune,White,Hybrid,Manual,Dealer,1,7207023.0,5.0,7207023.0,360351.15,6846671.85
3004,2025-08-10,Michelle Ramos,Luxury,BMW 7 Series,Pune,Black,Hybrid,Manual,Corporate,2,16373940.0,12.0,32747880.0,3929745.6,28818134.4
3005,2025-06-14,Phillip Williams,Individual,BMW X5,Kolkata,Red,Diesel,Automatic,Online,3,11137568.0,5.0,33412704.0,1670635.2,31742068.8
3006,2025-02-02,Edgar Duran,Corporate,BMW 5 Series,Kochi,Blue,Hybrid,Manual,Corporate,3,7818412.0,12.0,23455236.0,2814628.32,20640607.68
3007,2025-10-19,Angela Dalton,Corporate,BMW X7,Mumbai,Blue,Diesel,Automatic,Corporate,2,13533522.0,10.0,27067044.0,2706704.4,24360339.6
3008,2026-04-10,Sharon Harris,Corporate,BMW 5 Series,Ahmedabad,White,Electric,Manual,Dealer,2,6827286.0,7.0,13654572.0,955820.04,12698751.96
3009,2026-05-22,Lori Ford,Corporate,BMW X3,Kolkata,Silver,Petrol,Automatic,Corporate,2,6516766.0,0.0,13033532.0,0.0,13033532.0
3010,2025-01-30,Jodi Kelly,Corporate,BMW X3,Bangalore,Red,Hybrid,Automatic,Dealer,1,6966579.0,7.0,6966579.0,487660.53,6478918.47
3011,2026-04-18,Douglas Pope,Luxury,BMW i5,Ahmedabad,Black,Hybrid,Manual,Corporate,1,10631645.0,0.0,10631645.0,0.0,10631645.0
3012,2026-03-03,Stephanie Willis,Corporate,BMW 3 Series,Delhi,White,Diesel,Automatic,Online,1,6186544.0,7.0,6186544.0,433058.08,5753485.92
3013,2024-05-17,Jack Smith,Individual,BMW 7 Series,Mumbai,Black,Electric,Automatic,Dealer,3,18206905.0,0.0,54620715.0,0.0,54620715.0
3014,2023-12-22,Ethan Smith,Individual,BMW 7 Series,Jaipur,Red,Diesel,Manual,Corporate,1,15242212.0,2.0,15242212.0,304844.24,14937367.76
3015,2024-03-30,Donald Hernandez,Individual,BMW X3,Ahmedabad,White,Electric,Manual,Dealer,1,7185227.0,10.0,7185227.0,718522.7,6466704.3
3016,2025-07-17,Amber Castillo,Individual,BMW X3,Bangalore,Blue,Hybrid,Automatic,Online,3,6581817.0,10.0,19745451.0,1974545.1,17770905.9
3017,2024-11-23,Melissa Kelly,Individual,BMW 5 Series,Bangalore,Silver,Petrol,Manual,Online,1,8462960.0,5.0,8462960.0,423148.0,8039812.0
3018,2023-11-03,Rodney Moon,Corporate,BMW i4,Hyderabad,Red,Diesel,Automatic,Online,3,7345468.0,10.0,22036404.0,2203640.4,19832763.6
3019,2026-02-03,Vincent Hale,Individual,BMW 5 Series,Pune,Red,Hybrid,Automatic,Dealer,3,7526293.0,0.0,22578879.0,0.0,22578879.0
3020,2024-12-23,Jennifer Ford,Luxury,BMW i5,Chennai,Blue,Petrol,Manual,Online,1,10785698.0,0.0,10785698.0,0.0,10785698.0
3021,2025-06-17,Casey Hinton,Corporate,BMW X1,Delhi,White,Petrol,Manual,Online,3,5161902.0,5.0,15485706.0,774285.3,14711420.7
3022,2024-09-14,Kimberly Brown,Individual,BMW i5,Kolkata,Silver,Diesel,Automatic,Dealer,2,10677443.0,5.0,21354886.0,1067744.3,20287141.7
3023,2024-04-23,Antonio Burns,Corporate,BMW i5,Jaipur,Black,Hybrid,Automatic,Online,3,10942672.0,2.0,32828016.0,656560.32,32171455.68
3024,2025-03-17,Aaron Fields,Individual,BMW i5,Chennai,Red,Petrol,Automatic,Dealer,1,10412827.0,7.0,10412827.0,728897.89,9683929.11
3025,2024-09-07,Charles Johnson,Corporate,BMW i7,Ahmedabad,Grey,Petrol,Manual,Corporate,1,15051012.0,12.0,15051012.0,1806121.44,13244890.56
3026,2025-11-24,Willie Arnold,Luxury,BMW X5,Pune,Red,Electric,Automatic,Online,2,11567736.0,10.0,23135472.0,2313547.2,20821924.8
3027,2024-06-18,Tamara Dixon,Corporate,BMW 7 Series,Kochi,Grey,Petrol,Manual,Dealer,2,14005559.0,10.0,28011118.0,2801111.8,25210006.2
3028,2024-09-28,Jennifer Smith,Luxury,BMW i5,Kochi,Black,Hybrid,Automatic,Dealer,3,10679824.0,7.0,32039472.0,2242763.04,29796708.96
3029,2024-02-07,Martin Miller,Corporate,BMW X7,Pune,White,Hybrid,Manual,Online,2,13763195.0,2.0,27526390.0,550527.8,26975862.2
3030,2026-07-27,Victor Jones,Individual,BMW 3 Series,Bangalore,Grey,Hybrid,Automatic,Online,2,5336917.0,2.0,10673834.0,213476.68,10460357.32
3031,2026-01-05,Robin Martinez,Individual,BMW i5,Bangalore,Black,Diesel,Manual,Corporate,3,9626714.0,10.0,28880142.0,2888014.2,25992127.8
3032,2024-08-06,Jamie Juarez,Luxury,BMW 3 Series,Jaipur,Silver,Hybrid,Automatic,Corporate,1,5087942.0,7.0,5087942.0,356155.94,4731786.06
3033,2025-09-10,Jamie Beard,Individual,BMW X7,Delhi,Grey,Diesel,Manual,Corporate,2,13129749.0,7.0,26259498.0,1838164.86,24421333.14
3034,2024-12-28,Susan Dean,Corporate,BMW X3,Hyderabad,Blue,Diesel,Automatic,Corporate,3,7004130.0,2.0,21012390.0,420247.8,20592142.2
3035,2024-12-02,Kathleen Bennett,Individual,BMW 3 Series,Chennai,Silver,Diesel,Manual,Corporate,1,5074423.0,7.0,5074423.0,355209.61,4719213.39
3036,2023-09-09,Sarah Hicks,Corporate,BMW X5,Pune,Black,Electric,Manual,Online,2,10534317.0,10.0,21068634.0,2106863.4,18961770.6
3037,2025-03-05,Daniel Rodriguez,Individual,BMW X3,Kochi,Grey,Hybrid,Automatic,Online,2,6560385.0,2.0,13120770.0,262415.4,12858354.6
3038,2025-11-15,Bryan Martin,Luxury,BMW 7 Series,Pune,White,Diesel,Automatic,Online,1,17793147.0,2.0,17793147.0,355862.94,17437284.06
3039,2025-04-08,Nicholas Hernandez,Luxury,BMW i7,Delhi,Black,Electric,Automatic,Online,1,15505068.0,2.0,15505068.0,310101.36,15194966.64
3040,2025-12-28,Kevin Bennett,Individual,BMW X1,Chennai,Red,Hybrid,Manual,Corporate,1,5586225.0,2.0,5586225.0,111724.5,5474500.5
3041,2024-11-14,Scott Cordova,Individual,BMW i7,Kochi,Black,Hybrid,Manual,Corporate,2,14380196.0,2.0,28760392.0,575207.84,28185184.16
3042,2024-12-01,Beth Sampson,Individual,BMW 7 Series,Hyderabad,Grey,Hybrid,Automatic,Online,2,14221818.0,0.0,28443636.0,0.0,28443636.0
3043,2026-04-18,Keith Smith,Individual,BMW X1,Kochi,Red,Diesel,Manual,Online,2,5369293.0,7.0,10738586.0,751701.02,9986884.98
3044,2026-03-01,Lisa Johnson,Luxury,BMW X1,Hyderabad,Black,Diesel,Automatic,Dealer,1,5744386.0,2.0,5744386.0,114887.72,5629498.28
3045,2024-03-14,Dorothy Johnson,Individual,BMW X3,Jaipur,White,Petrol,Manual,Corporate,1,7251392.0,2.0,7251392.0,145027.84,7106364.16
3046,2024-07-01,Mary Castillo,Corporate,BMW i7,Chennai,Silver,Diesel,Automatic,Corporate,3,14445615.0,2.0,43336845.0,866736.9,42470108.1
3047,2025-12-03,Gregory Myers,Individual,BMW X1,Ahmedabad,Red,Petrol,Automatic,Corporate,2,6267089.0,0.0,12534178.0,0.0,12534178.0
3048,2026-06-10,Margaret Sloan,Corporate,BMW 3 Series,Hyderabad,Blue,Hybrid,Automatic,Dealer,3,5986321.0,12.0,17958963.0,2155075.56,15803887.44
3049,2023-09-08,Amanda Atkins,Individual,BMW 7 Series,Pune,Silver,Electric,Manual,Corporate,3,17158922.0,12.0,51476766.0,6177211.92,45299554.08
3050,2026-06-13,Kelli Rhodes,Individual,BMW X5,Pune,Grey,Diesel,Automatic,Online,1,10796477.0,12.0,10796477.0,1295577.24,9500899.76
3051,2025-11-20,Jeffrey Barnett,Corporate,BMW X5,Mumbai,Black,Hybrid,Manual,Corporate,3,10073430.0,2.0,30220290.0,604405.8,29615884.2
3052,2026-05-10,Ryan Bryan,Corporate,BMW 5 Series,Delhi,Grey,Electric,Automatic,Dealer,2,7195200.0,5.0,14390400.0,719520.0,13670880.0
3053,2023-11-08,Carlos Richard,Luxury,BMW 5 Series,Kochi,Silver,Petrol,Automatic,Online,2,7120145.0,2.0,14240290.0,284805.8,13955484.2
3054,2026-08-09,Katherine Navarro,Individual,BMW i4,Kolkata,Blue,Petrol,Manual,Corporate,3,7882314.0,7.0,23646942.0,1655285.94,21991656.06
3055,2024-06-14,Frederick Harris,Luxury,BMW i4,Kolkata,Red,Diesel,Automatic,Corporate,1,7140292.0,0.0,7140292.0,0.0,7140292.0
3056,2024-06-20,Monique Johnson DDS,Individual,BMW X5,Ahmedabad,Silver,Petrol,Automatic,Dealer,1,11796129.0,7.0,11796129.0,825729.03,10970399.97
3057,2025-12-16,Cheryl Jones,Corporate,BMW X1,Bangalore,Grey,Hybrid,Automatic,Corporate,1,6415939.0,7.0,6415939.0,449115.73,5966823.27
3058,2025-12-18,Katie Barrett,Luxury,BMW i4,Kolkata,White,Diesel,Automatic,Online,2,7428862.0,2.0,14857724.0,297154.48,14560569.52
3059,2024-03-27,Catherine King,Luxury,BMW 5 Series,Jaipur,Black,Diesel,Manual,Corporate,3,7246031.0,2.0,21738093.0,434761.86,21303331.14
3060,2025-10-03,Derek Jones,Corporate,BMW X3,Jaipur,Grey,Petrol,Automatic,Dealer,2,7270984.0,2.0,14541968.0,290839.36,14251128.64
3061,2024-10-29,Catherine Gardner,Corporate,BMW i7,Delhi,Black,Diesel,Manual,Dealer,1,14807676.0,0.0,14807676.0,0.0,14807676.0
3062,2025-06-05,Courtney Preston,Individual,BMW i7,Jaipur,White,Petrol,Automatic,Online,3,16368101.0,2.0,49104303.0,982086.06,48122216.94
3063,2025-05-05,Brenda Krause,Luxury,BMW X7,Pune,Red,Hybrid,Manual,Dealer,3,14514226.0,12.0,43542678.0,5225121.36,38317556.64
3064,2024-01-13,Thomas Fields,Luxury,BMW 7 Series,Ahmedabad,Black,Hybrid,Automatic,Online,3,18491031.0,5.0,55473093.0,2773654.65,52699438.35
3065,2024-05-01,Chad Wang,Individual,BMW X7,Pune,White,Diesel,Automatic,Dealer,1,14391276.0,5.0,14391276.0,719563.8,13671712.2
3066,2024-09-02,Kenneth Martin,Corporate,BMW X3,Chennai,Silver,Hybrid,Manual,Dealer,2,7313349.0,2.0,14626698.0,292533.96,14334164.04
3067,2025-10-02,Ryan Johnson,Individual,BMW X7,Ahmedabad,Black,Diesel,Manual,Online,1,15631422.0,5.0,15631422.0,781571.1,14849850.9
3068,2026-08-07,Mr. Jonathan Nolan,Corporate,BMW X5,Pune,Blue,Hybrid,Manual,Corporate,1,10425294.0,7.0,10425294.0,729770.58,9695523.42
3069,2025-06-13,Courtney Smith,Individual,BMW i4,Kolkata,Red,Electric,Manual,Dealer,3,7545632.0,7.0,22636896.0,1584582.72,21052313.28
3070,2023-10-02,Thomas Alexander,Corporate,BMW X3,Kochi,Black,Petrol,Manual,Corporate,3,7103935.0,5.0,21311805.0,1065590.25,20246214.75
3071,2023-12-25,Kathleen Vega,Corporate,BMW 7 Series,Pune,White,Hybrid,Manual,Corporate,2,14048767.0,10.0,28097534.0,2809753.4,25287780.6
3072,2025-07-04,Justin Poole,Corporate,BMW X5,Bangalore,Grey,Diesel,Manual,Corporate,3,10099762.0,0.0,30299286.0,0.0,30299286.0
3073,2025-02-12,Andrew Mckay,Luxury,BMW i4,Hyderabad,Blue,Petrol,Manual,Dealer,1,8252580.0,12.0,8252580.0,990309.6,7262270.4
3074,2025-04-03,Elizabeth Bryant,Corporate,BMW X3,Delhi,Red,Petrol,Manual,Corporate,1,6790419.0,2.0,6790419.0,135808.38,6654610.62
3075,2023-08-28,Autumn Mcdaniel,Luxury,BMW X5,Chennai,Blue,Hybrid,Manual,Corporate,1,10280335.0,2.0,10280335.0,205606.7,10074728.3
3076,2024-03-09,Sabrina Clark,Corporate,BMW 3 Series,Delhi,Silver,Hybrid,Automatic,Dealer,2,6409892.0,7.0,12819784.0,897384.88,11922399.12
3077,2024-09-13,Joyce Saunders,Individual,BMW i5,Delhi,Grey,Petrol,Automatic,Corporate,3,10464052.0,0.0,31392156.0,0.0,31392156.0
3078,2024-01-06,Kellie Stevenson,Individual,BMW i7,Jaipur,Grey,Diesel,Automatic,Online,1,14561845.0,5.0,14561845.0,728092.25,13833752.75
3079,2024-01-29,Tamara Martinez,Luxury,BMW 7 Series,Chennai,Blue,Electric,Automatic,Online,3,18759578.0,12.0,56278734.0,6753448.08,49525285.92
3080,2025-01-07,Michael Bentley,Luxury,BMW i4,Kolkata,White,Hybrid,Automatic,Dealer,1,7933792.0,7.0,7933792.0,555365.44,7378426.56
3081,2024-05-07,Anita Owens,Individual,BMW i5,Kolkata,Black,Diesel,Automatic,Dealer,1,9420397.0,0.0,9420397.0,0.0,9420397.0
3082,2024-12-11,Rachel Randall,Individual,BMW i5,Delhi,Grey,Electric,Automatic,Dealer,2,10055663.0,2.0,20111326.0,402226.52,19709099.48
3083,2023-12-07,Molly Taylor,Corporate,BMW X7,Ahmedabad,Black,Diesel,Manual,Corporate,3,14834070.0,7.0,44502210.0,3115154.7,41387055.3
3084,2026-06-10,Wendy Gross,Corporate,BMW 5 Series,Mumbai,Silver,Electric,Manual,Corporate,1,7299414.0,5.0,7299414.0,364970.7,6934443.3
3085,2023-10-01,Mary Clayton,Individual,BMW 7 Series,Chennai,Blue,Petrol,Automatic,Dealer,2,18716840.0,7.0,37433680.0,2620357.6,34813322.4
3086,2026-02-11,Allen Stevens,Luxury,BMW X3,Kochi,White,Electric,Automatic,Dealer,1,7275088.0,10.0,7275088.0,727508.8,6547579.2
3087,2025-07-19,Deborah Leblanc,Corporate,BMW 5 Series,Bangalore,Grey,Petrol,Manual,Corporate,2,8385176.0,5.0,16770352.0,838517.6,15931834.4
3088,2024-12-11,Edward Gonzales,Corporate,BMW 3 Series,Jaipur,Red,Petrol,Manual,Corporate,1,6340827.0,2.0,6340827.0,126816.54,6214010.46
3089,2023-10-23,Samuel Chambers,Corporate,BMW 5 Series,Chennai,White,Petrol,Manual,Online,1,7091072.0,5.0,7091072.0,354553.6,6736518.4
3090,2024-07-17,Veronica Jones,Corporate,BMW i5,Pune,Blue,Diesel,Automatic,Corporate,3,9159064.0,2.0,27477192.0,549543.84,26927648.16
3091,2024-08-10,Jeffrey Vargas,Individual,BMW X1,Ahmedabad,Blue,Petrol,Automatic,Corporate,2,5650734.0,5.0,11301468.0,565073.4,10736394.6
3092,2025-11-06,Michael Jones,Corporate,BMW 3 Series,Bangalore,Blue,Hybrid,Manual,Dealer,2,6433939.0,10.0,12867878.0,1286787.8,11581090.2
3093,2025-07-06,Steven Summers,Corporate,BMW i4,Ahmedabad,Black,Petrol,Automatic,Corporate,2,8151157.0,0.0,16302314.0,0.0,16302314.0
3094,2024-10-13,Jeffrey Wilcox,Luxury,BMW 5 Series,Kolkata,Silver,Diesel,Manual,Dealer,3,8382105.0,10.0,25146315.0,2514631.5,22631683.5
3095,2025-04-17,William Salas,Individual,BMW X7,Bangalore,Grey,Hybrid,Manual,Dealer,2,12447545.0,10.0,24895090.0,2489509.0,22405581.0
3096,2024-01-23,Janice Taylor,Individual,BMW i7,Kochi,Blue,Diesel,Automatic,Online,2,15971418.0,7.0,31942836.0,2235998.52,29706837.48
3097,2026-07-29,Chris Rios,Luxury,BMW 5 Series,Ahmedabad,Blue,Petrol,Manual,Dealer,1,8324071.0,12.0,8324071.0,998888.52,7325182.48
3098,2023-11-19,Caleb Nolan,Corporate,BMW X5,Mumbai,Red,Petrol,Manual,Online,2,10571994.0,12.0,21143988.0,2537278.56,18606709.44
3099,2023-10-01,Cindy Tanner,Luxury,BMW i4,Hyderabad,Blue,Diesel,Automatic,Corporate,2,8143854.0,2.0,16287708.0,325754.16,15961953.84
3100,2025-08-19,Elaine Fox,Individual,BMW i7,Jaipur,Grey,Hybrid,Automatic,Online,2,14684067.0,2.0,29368134.0,587362.68,28780771.32
3101,2026-03-29,Ryan Mcconnell,Corporate,BMW i4,Pune,Silver,Electric,Manual,Online,1,8173478.0,0.0,8173478.0,0.0,8173478.0
3102,2024-11-01,Brian Huang,Luxury,BMW i5,Ahmedabad,White,Petrol,Automatic,Online,1,10268257.0,0.0,10268257.0,0.0,10268257.0
3103,2025-04-17,Tiffany Robinson,Corporate,BMW X1,Hyderabad,Grey,Hybrid,Automatic,Online,1,5968938.0,7.0,5968938.0,417825.66,5551112.34
3104,2024-12-05,Patrick Palmer,Individual,BMW 5 Series,Pune,Black,Diesel,Manual,Corporate,3,8200803.0,12.0,24602409.0,2952289.08,21650119.92
3105,2023-12-20,Jennifer Delacruz,Individual,BMW X5,Delhi,Black,Hybrid,Automatic,Corporate,1,11288741.0,2.0,11288741.0,225774.82,11062966.18
3106,2026-01-22,Donald Bates,Luxury,BMW i7,Ahmedabad,Silver,Hybrid,Automatic,Corporate,3,14524546.0,0.0,43573638.0,0.0,43573638.0
3107,2026-02-24,Douglas Stone,Luxury,BMW 7 Series,Ahmedabad,Silver,Petrol,Automatic,Online,2,17985560.0,7.0,35971120.0,2517978.4,33453141.6
3108,2025-09-27,Robert Griffin,Individual,BMW 7 Series,Pune,Grey,Hybrid,Automatic,Corporate,3,15076020.0,12.0,45228060.0,5427367.2,39800692.8
3109,2026-02-17,Angel Rodgers,Luxury,BMW 3 Series,Chennai,Black,Petrol,Automatic,Online,1,5428168.0,2.0,5428168.0,108563.36,5319604.64
3110,2026-03-19,Jennifer Davis,Corporate,BMW 7 Series,Mumbai,Grey,Diesel,Automatic,Corporate,3,16476344.0,5.0,49429032.0,2471451.6,46957580.4
3111,2025-12-05,Sheila Silva,Luxury,BMW i4,Ahmedabad,Silver,Hybrid,Automatic,Corporate,1,7984929.0,10.0,7984929.0,798492.9,7186436.1
3112,2025-03-03,Sharon Parks,Corporate,BMW i7,Ahmedabad,Silver,Hybrid,Manual,Online,2,14454395.0,5.0,28908790.0,1445439.5,27463350.5
3113,2024-12-04,Jeanne Newman,Individual,BMW i4,Kolkata,Red,Hybrid,Automatic,Online,1,7620747.0,10.0,7620747.0,762074.7,6858672.3
3114,2025-04-03,James Anderson,Corporate,BMW X3,Chennai,Blue,Diesel,Automatic,Dealer,3,6536627.0,12.0,19609881.0,2353185.72,17256695.28
3115,2025-07-16,Janet Jones,Individual,BMW X7,Pune,White,Diesel,Automatic,Corporate,2,12823243.0,10.0,25646486.0,2564648.6,23081837.4
3116,2025-03-25,Russell Cook,Corporate,BMW 5 Series,Delhi,Black,Hybrid,Automatic,Corporate,3,7011447.0,12.0,21034341.0,2524120.92,18510220.08
3117,2026-01-12,Madison Johnson,Corporate,BMW X3,Ahmedabad,Black,Petrol,Manual,Corporate,1,7908786.0,7.0,7908786.0,553615.02,7355170.98
3118,2025-10-20,Timothy Gray DDS,Individual,BMW i7,Bangalore,Silver,Petrol,Automatic,Online,2,14346516.0,0.0,28693032.0,0.0,28693032.0
3119,2025-04-15,Marissa Wall,Corporate,BMW 7 Series,Kolkata,Black,Diesel,Manual,Corporate,1,14074770.0,10.0,14074770.0,1407477.0,12667293.0
3120,2024-08-06,Erica Farrell,Individual,BMW i7,Mumbai,Blue,Hybrid,Automatic,Online,2,16807770.0,7.0,33615540.0,2353087.8,31262452.2
3121,2025-07-26,Matthew Galvan,Luxury,BMW X3,Jaipur,Blue,Hybrid,Automatic,Dealer,3,7549401.0,2.0,22648203.0,452964.06,22195238.94
3122,2026-07-03,Jennifer Quinn,Corporate,BMW 5 Series,Delhi,Red,Petrol,Manual,Dealer,2,7696330.0,7.0,15392660.0,1077486.2,14315173.8
3123,2023-10-04,Mrs. Phyllis Hicks MD,Individual,BMW i5,Kolkata,Silver,Diesel,Automatic,Dealer,2,10328693.0,5.0,20657386.0,1032869.3,19624516.7
3124,2025-06-17,Billy Martinez,Individual,BMW 5 Series,Ahmedabad,Grey,Hybrid,Manual,Corporate,1,7952641.0,12.0,7952641.0,954316.92,6998324.08
3125,2023-08-19,Claudia Jackson,Luxury,BMW 7 Series,Delhi,Blue,Diesel,Manual,Dealer,3,17295425.0,5.0,51886275.0,2594313.75,49291961.25
3126,2024-05-24,Jacqueline Warren,Luxury,BMW X3,Chennai,Silver,Diesel,Automatic,Online,1,6582622.0,12.0,6582622.0,789914.64,5792707.36
3127,2024-04-12,Richard Harding MD,Individual,BMW 3 Series,Bangalore,Grey,Petrol,Manual,Corporate,3,5137941.0,12.0,15413823.0,1849658.76,13564164.24
3128,2026-05-07,Joshua Herrera,Individual,BMW 3 Series,Jaipur,White,Diesel,Manual,Online,2,6105768.0,5.0,12211536.0,610576.8,11600959.2
3129,2026-07-29,Cassandra Brown,Corporate,BMW X1,Chennai,White,Diesel,Manual,Corporate,3,6352588.0,12.0,19057764.0,2286931.68,16770832.32
3130,2024-11-07,Pamela Phillips,Individual,BMW X1,Kolkata,Black,Petrol,Automatic,Corporate,3,6254668.0,2.0,18764004.0,375280.08,18388723.92
3131,2023-11-10,Lindsey Smith,Luxury,BMW 3 Series,Kochi,Red,Diesel,Automatic,Online,3,4609922.0,10.0,13829766.0,1382976.6,12446789.4
3132,2025-06-13,George Graves,Luxury,BMW i5,Bangalore,Red,Petrol,Automatic,Corporate,1,10524877.0,5.0,10524877.0,526243.85,9998633.15
3133,2025-01-05,Rebecca Nichols,Luxury,BMW X1,Pune,Blue,Diesel,Automatic,Corporate,2,6465951.0,0.0,12931902.0,0.0,12931902.0
3134,2023-09-28,Brianna Johnson,Corporate,BMW X1,Chennai,Silver,Hybrid,Manual,Dealer,3,5550527.0,2.0,16651581.0,333031.62,16318549.38
3135,2025-02-12,Kimberly Foster,Individual,BMW X1,Kolkata,Silver,Petrol,Automatic,Dealer,1,5826085.0,10.0,5826085.0,582608.5,5243476.5
3136,2025-04-18,Miguel Rivera PhD,Corporate,BMW X7,Jaipur,Blue,Hybrid,Manual,Dealer,2,12280094.0,10.0,24560188.0,2456018.8,22104169.2
3137,2026-03-17,Katherine Nicholson,Individual,BMW X5,Mumbai,Blue,Diesel,Automatic,Corporate,1,9808911.0,0.0,9808911.0,0.0,9808911.0
3138,2026-05-13,Victoria Rodriguez,Individual,BMW X7,Ahmedabad,Grey,Electric,Automatic,Corporate,1,15900151.0,10.0,15900151.0,1590015.1,14310135.9
3139,2025-07-18,Sandy Hoffman,Corporate,BMW i7,Bangalore,Silver,Hybrid,Automatic,Online,2,17133128.0,2.0,34266256.0,685325.12,33580930.88
3140,2026-06-12,Kimberly Mitchell,Luxury,BMW X5,Chennai,Grey,Hybrid,Automatic,Online,2,9935560.0,7.0,19871120.0,1390978.4,18480141.6
3141,2025-12-28,Timothy Crosby,Individual,BMW i4,Kolkata,Red,Diesel,Manual,Online,3,7262700.0,10.0,21788100.0,2178810.0,19609290.0
3142,2026-08-10,Dennis Vargas,Luxury,BMW i5,Jaipur,Blue,Petrol,Automatic,Corporate,3,10900128.0,12.0,32700384.0,3924046.08,28776337.92
3143,2026-05-17,Lori Mason,Corporate,BMW X7,Hyderabad,Red,Diesel,Automatic,Online,2,13928919.0,2.0,27857838.0,557156.76,27300681.24
3144,2026-06-25,Amanda Knox,Luxury,BMW X7,Ahmedabad,Black,Diesel,Manual,Online,3,14158905.0,10.0,42476715.0,4247671.5,38229043.5
3145,2026-03-10,Emily Wallace,Corporate,BMW 5 Series,Kolkata,White,Petrol,Manual,Corporate,2,8213421.0,2.0,16426842.0,328536.84,16098305.16
3146,2024-06-08,Madison George,Corporate,BMW i7,Mumbai,Red,Petrol,Automatic,Online,2,17390773.0,10.0,34781546.0,3478154.6,31303391.4
3147,2025-12-20,Angela Gonzalez,Corporate,BMW i7,Ahmedabad,Grey,Electric,Manual,Online,2,16014407.0,2.0,32028814.0,640576.28,31388237.72
3148,2023-12-26,Curtis Dunn,Individual,BMW 3 Series,Jaipur,Blue,Petrol,Manual,Dealer,1,6258681.0,10.0,6258681.0,625868.1,5632812.9
3149,2026-03-05,Jose Brooks,Luxury,BMW X3,Bangalore,Blue,Hybrid,Automatic,Dealer,1,7424459.0,7.0,7424459.0,519712.13,6904746.87
3150,2025-12-04,Mark Mathews,Luxury,BMW 7 Series,Kochi,Black,Hybrid,Automatic,Dealer,2,16956813.0,5.0,33913626.0,1695681.3,32217944.7
3151,2025-11-21,Amanda Boone,Individual,BMW X3,Jaipur,Silver,Electric,Automatic,Corporate,1,7398693.0,0.0,7398693.0,0.0,7398693.0
3152,2024-09-09,Patricia Oliver MD,Luxury,BMW i7,Hyderabad,Silver,Diesel,Manual,Online,2,15098447.0,10.0,30196894.0,3019689.4,27177204.6
3153,2024-05-07,Debra Hutchinson,Luxury,BMW X5,Ahmedabad,Silver,Petrol,Automatic,Dealer,3,9708832.0,2.0,29126496.0,582529.92,28543966.08
3154,2024-07-29,Ryan Hall,Luxury,BMW 3 Series,Bangalore,Blue,Petrol,Automatic,Corporate,3,4713228.0,2.0,14139684.0,282793.68,13856890.32
3155,2025-07-04,Mark Williams Jr.,Luxury,BMW X7,Chennai,Red,Petrol,Manual,Corporate,2,14069501.0,2.0,28139002.0,562780.04,27576221.96
3156,2026-07-16,Monique Contreras,Luxury,BMW i7,Pune,White,Diesel,Manual,Dealer,1,14625936.0,2.0,14625936.0,292518.72,14333417.28
3157,2026-01-22,Eric Jones,Luxury,BMW 5 Series,Jaipur,Black,Petrol,Manual,Dealer,2,6532877.0,2.0,13065754.0,261315.08,12804438.92
3158,2026-04-27,Richard Velez,Corporate,BMW 3 Series,Hyderabad,Grey,Hybrid,Automatic,Corporate,2,6203697.0,2.0,12407394.0,248147.88,12159246.12
3159,2025-07-07,Jill Morrow,Luxury,BMW i7,Ahmedabad,Silver,Electric,Automatic,Online,1,15524545.0,7.0,15524545.0,1086718.15,14437826.85
3160,2025-07-04,Hayden Walker,Luxury,BMW i4,Bangalore,Grey,Electric,Manual,Online,2,8346373.0,5.0,16692746.0,834637.3,15858108.7
3161,2026-07-03,Erin Mcdaniel,Corporate,BMW X3,Chennai,White,Electric,Manual,Online,3,7297818.0,7.0,21893454.0,1532541.78,20360912.22
3162,2026-04-29,Frances Chang,Luxury,BMW X1,Delhi,Blue,Hybrid,Manual,Corporate,3,5692702.0,0.0,17078106.0,0.0,17078106.0
3163,2025-06-26,Erik Dominguez,Corporate,BMW X7,Pune,Silver,Electric,Automatic,Corporate,3,15890126.0,2.0,47670378.0,953407.56,46716970.44
3164,2023-08-15,Joseph Cole,Corporate,BMW X1,Pune,Silver,Diesel,Manual,Dealer,3,6373454.0,7.0,19120362.0,1338425.34,17781936.66
3165,2024-10-08,James Watson,Individual,BMW X7,Kolkata,Blue,Diesel,Automatic,Corporate,2,15480728.0,10.0,30961456.0,3096145.6,27865310.4
3166,2025-03-03,Nancy Johnson,Individual,BMW i4,Ahmedabad,Black,Electric,Automatic,Corporate,3,7765289.0,7.0,23295867.0,1630710.69,21665156.31
3167,2024-09-17,Donna Spears,Individual,BMW X7,Kochi,Silver,Electric,Manual,Corporate,1,14352386.0,12.0,14352386.0,1722286.32,12630099.68
3168,2024-10-03,Sara Bailey,Luxury,BMW X7,Kochi,Black,Electric,Automatic,Online,2,14896203.0,10.0,29792406.0,2979240.6,26813165.4
3169,2026-04-29,William English,Corporate,BMW X5,Chennai,Red,Diesel,Manual,Online,3,11014890.0,0.0,33044670.0,0.0,33044670.0
3170,2024-12-27,Laurie Hicks,Luxury,BMW 7 Series,Chennai,Blue,Diesel,Automatic,Dealer,2,14428965.0,2.0,28857930.0,577158.6,28280771.4
3171,2025-06-30,Christina Preston,Luxury,BMW i4,Ahmedabad,White,Electric,Manual,Online,3,7476633.0,7.0,22429899.0,1570092.93,20859806.07
3172,2024-09-30,Carmen Flowers,Luxury,BMW 3 Series,Mumbai,Grey,Diesel,Manual,Online,1,5679077.0,0.0,5679077.0,0.0,5679077.0
3173,2026-06-15,Madison Campbell,Corporate,BMW 5 Series,Pune,Silver,Petrol,Manual,Dealer,3,6580638.0,2.0,19741914.0,394838.28,19347075.72
3174,2026-03-12,Norman Roberts,Individual,BMW 7 Series,Jaipur,Blue,Diesel,Automatic,Online,2,14790318.0,2.0,29580636.0,591612.72,28989023.28
3175,2024-05-22,Danielle Thomas,Corporate,BMW i7,Delhi,Silver,Diesel,Automatic,Corporate,3,17237074.0,12.0,51711222.0,6205346.64,45505875.36
3176,2024-10-24,Joseph Thompson,Individual,BMW X5,Mumbai,Black,Petrol,Automatic,Corporate,3,9829963.0,12.0,29489889.0,3538786.68,25951102.32
3177,2025-07-31,Jason Smith,Corporate,BMW X5,Kochi,Grey,Electric,Automatic,Online,2,9622442.0,2.0,19244884.0,384897.68,18859986.32
3178,2023-12-26,Amber Jackson,Luxury,BMW 7 Series,Jaipur,White,Electric,Automatic,Dealer,3,17641755.0,7.0,52925265.0,3704768.55,49220496.45
3179,2024-12-03,Julie Young,Corporate,BMW i5,Pune,White,Electric,Manual,Online,1,10039999.0,10.0,10039999.0,1003999.9,9035999.1
3180,2026-07-27,Michael Mccoy,Corporate,BMW 5 Series,Delhi,Red,Petrol,Automatic,Dealer,2,7825233.0,0.0,15650466.0,0.0,15650466.0
3181,2025-11-22,Daniel Mills,Luxury,BMW 5 Series,Ahmedabad,Blue,Electric,Automatic,Online,2,7895785.0,5.0,15791570.0,789578.5,15001991.5
3182,2025-09-21,Jennifer Howe,Corporate,BMW 3 Series,Kolkata,Red,Petrol,Manual,Dealer,2,4784609.0,2.0,9569218.0,191384.36,9377833.64
3183,2026-08-06,Crystal Lopez,Corporate,BMW X1,Ahmedabad,White,Petrol,Manual,Online,2,5524665.0,0.0,11049330.0,0.0,11049330.0
3184,2025-09-21,Gregory Guerrero,Individual,BMW X7,Hyderabad,Black,Diesel,Manual,Corporate,2,15192077.0,5.0,30384154.0,1519207.7,28864946.3
3185,2026-03-15,Stephen Cantu,Individual,BMW X3,Jaipur,Grey,Hybrid,Automatic,Corporate,3,6748571.0,12.0,20245713.0,2429485.56,17816227.44
3186,2025-09-23,Jennifer Gomez,Individual,BMW i7,Chennai,Black,Hybrid,Automatic,Dealer,3,15777950.0,2.0,47333850.0,946677.0,46387173.0
3187,2024-04-15,Douglas Rios,Corporate,BMW i7,Kochi,Silver,Hybrid,Automatic,Online,1,15409399.0,7.0,15409399.0,1078657.93,14330741.07
3188,2024-06-08,Jamie Thompson,Luxury,BMW 3 Series,Pune,Red,Diesel,Automatic,Corporate,3,6012263.0,10.0,18036789.0,1803678.9,16233110.1
3189,2026-05-29,Martin Booth,Individual,BMW X7,Ahmedabad,White,Diesel,Manual,Corporate,3,12954472.0,0.0,38863416.0,0.0,38863416.0
3190,2024-07-18,Crystal Ortega,Luxury,BMW i5,Jaipur,Blue,Petrol,Manual,Dealer,2,9080694.0,10.0,18161388.0,1816138.8,16345249.2
3191,2026-05-04,Kathy James,Individual,BMW 3 Series,Hyderabad,Grey,Electric,Manual,Corporate,3,5274472.0,2.0,15823416.0,316468.32,15506947.68
3192,2025-08-23,Melanie Phillips,Individual,BMW 7 Series,Jaipur,Black,Diesel,Manual,Online,3,15473913.0,2.0,46421739.0,928434.78,45493304.22
3193,2025-06-01,Taylor Smith,Luxury,BMW X5,Pune,White,Petrol,Automatic,Online,2,11352051.0,7.0,22704102.0,1589287.14,21114814.86
3194,2024-03-23,Michael Warner,Individual,BMW X3,Kochi,Silver,Electric,Automatic,Corporate,3,6550924.0,5.0,19652772.0,982638.6,18670133.4
3195,2025-11-24,Joanne Smith,Individual,BMW X1,Delhi,Blue,Diesel,Automatic,Corporate,2,5521627.0,10.0,11043254.0,1104325.4,9938928.6
3196,2025-08-11,Erin Lawson,Individual,BMW 7 Series,Kochi,Silver,Petrol,Manual,Online,2,18058483.0,0.0,36116966.0,0.0,36116966.0
3197,2024-05-02,Marissa Carroll,Corporate,BMW 7 Series,Kochi,Red,Diesel,Manual,Dealer,3,14962108.0,7.0,44886324.0,3142042.68,41744281.32
3198,2023-09-23,Michelle Bowman,Luxury,BMW i4,Mumbai,Grey,Diesel,Automatic,Dealer,3,7339159.0,0.0,22017477.0,0.0,22017477.0
3199,2024-08-08,Lisa Thompson,Corporate,BMW i5,Ahmedabad,White,Petrol,Automatic,Corporate,3,9479383.0,2.0,28438149.0,568762.98,27869386.02
3200,2025-03-17,Ronald Griffith,Individual,BMW 5 Series,Pune,Grey,Hybrid,Manual,Dealer,1,7428311.0,12.0,7428311.0,891397.32,6536913.68
3201,2024-11-22,Regina Keith,Corporate,BMW X5,Hyderabad,Grey,Hybrid,Automatic,Corporate,3,11869278.0,12.0,35607834.0,4272940.08,31334893.92
3202,2024-07-21,Katherine Brown MD,Individual,BMW X3,Pune,Silver,Petrol,Manual,Dealer,3,7747505.0,10.0,23242515.0,2324251.5,20918263.5
3203,2024-07-01,Alicia Guzman,Luxury,BMW X3,Delhi,White,Petrol,Automatic,Online,1,7166466.0,0.0,7166466.0,0.0,7166466.0
3204,2023-12-10,Kevin Love,Luxury,BMW i5,Mumbai,Red,Petrol,Automatic,Online,2,10175372.0,10.0,20350744.0,2035074.4,18315669.6
3205,2024-05-05,Christopher Myers,Corporate,BMW X5,Chennai,Red,Hybrid,Manual,Dealer,3,10213455.0,5.0,30640365.0,1532018.25,29108346.75
3206,2025-09-29,John Wilson,Corporate,BMW X1,Chennai,Silver,Diesel,Manual,Corporate,1,5570846.0,10.0,5570846.0,557084.6,5013761.4
3207,2026-03-06,Christopher Villa,Corporate,BMW i4,Pune,Red,Diesel,Automatic,Corporate,3,7624107.0,0.0,22872321.0,0.0,22872321.0
3208,2026-08-09,Albert Combs,Individual,BMW i5,Bangalore,Red,Diesel,Manual,Dealer,1,9093645.0,2.0,9093645.0,181872.9,8911772.1
3209,2025-04-20,Cory Moore,Individual,BMW 3 Series,Pune,Blue,Hybrid,Automatic,Corporate,1,4709985.0,2.0,4709985.0,94199.7,4615785.3
3210,2023-11-29,Maxwell Garcia,Individual,BMW X3,Hyderabad,White,Diesel,Manual,Dealer,1,6812260.0,0.0,6812260.0,0.0,6812260.0
3211,2024-04-01,Jamie Newman,Luxury,BMW 3 Series,Jaipur,Silver,Petrol,Manual,Dealer,1,6052379.0,12.0,6052379.0,726285.48,5326093.52
3212,2025-05-18,James Gordon,Individual,BMW X7,Mumbai,Red,Petrol,Manual,Corporate,1,13742045.0,2.0,13742045.0,274840.9,13467204.1
3213,2024-12-31,Matthew Rogers,Corporate,BMW X7,Kochi,Red,Electric,Manual,Online,2,12052975.0,12.0,24105950.0,2892714.0,21213236.0
3214,2025-12-23,Eric Jensen,Luxury,BMW 7 Series,Chennai,White,Petrol,Manual,Corporate,1,14358543.0,5.0,14358543.0,717927.15,13640615.85
3215,2025-06-04,Deanna Cole,Corporate,BMW 5 Series,Chennai,Black,Hybrid,Automatic,Corporate,1,7493817.0,7.0,7493817.0,524567.19,6969249.81
3216,2024-02-21,Peter Olson,Corporate,BMW X5,Chennai,Black,Diesel,Automatic,Dealer,3,11736121.0,5.0,35208363.0,1760418.15,33447944.85
3217,2025-08-02,Christina Acosta,Corporate,BMW i5,Pune,Black,Electric,Manual,Online,1,9169716.0,10.0,9169716.0,916971.6,8252744.4
3218,2025-03-10,Jonathan Jones,Corporate,BMW X5,Kolkata,Grey,Electric,Manual,Dealer,1,11482273.0,10.0,11482273.0,1148227.3,10334045.7
3219,2025-02-02,Andrew Rivers,Corporate,BMW i7,Hyderabad,Black,Diesel,Manual,Corporate,2,15902198.0,7.0,31804396.0,2226307.72,29578088.28
3220,2026-05-31,Mark Lynch,Corporate,BMW 5 Series,Jaipur,Grey,Diesel,Manual,Dealer,2,7549574.0,2.0,15099148.0,301982.96,14797165.04
3221,2024-05-20,Cathy Johnson,Corporate,BMW 7 Series,Kolkata,White,Petrol,Manual,Online,2,17201787.0,10.0,34403574.0,3440357.4,30963216.6
3222,2023-10-23,Kyle Fisher,Individual,BMW X1,Ahmedabad,Red,Hybrid,Manual,Dealer,1,5206455.0,10.0,5206455.0,520645.5,4685809.5
3223,2023-11-18,Harry Vang,Corporate,BMW 7 Series,Mumbai,Black,Electric,Manual,Online,3,16421705.0,7.0,49265115.0,3448558.05,45816556.95
3224,2026-05-05,Paul Salinas,Luxury,BMW 7 Series,Ahmedabad,White,Petrol,Manual,Dealer,1,17558975.0,12.0,17558975.0,2107077.0,15451898.0
3225,2024-09-21,Charlotte Williams,Corporate,BMW 5 Series,Ahmedabad,Blue,Diesel,Automatic,Dealer,1,7372616.0,12.0,7372616.0,884713.92,6487902.08
3226,2025-06-15,Alyssa Shaw MD,Corporate,BMW X3,Jaipur,Grey,Hybrid,Automatic,Online,1,6975559.0,10.0,6975559.0,697555.9,6278003.1
3227,2024-08-07,Kimberly Nelson,Individual,BMW i4,Chennai,Grey,Hybrid,Manual,Dealer,2,7524816.0,5.0,15049632.0,752481.6,14297150.4
3228,2026-07-02,Laura Thomas,Corporate,BMW X7,Jaipur,Black,Electric,Automatic,Corporate,1,14343494.0,0.0,14343494.0,0.0,14343494.0
3229,2024-08-20,Claudia Mullins,Luxury,BMW i7,Mumbai,Silver,Petrol,Manual,Dealer,3,15684283.0,2.0,47052849.0,941056.98,46111792.02
3230,2025-05-27,Taylor Ramos,Corporate,BMW 7 Series,Kochi,White,Hybrid,Automatic,Online,3,14953070.0,12.0,44859210.0,5383105.2,39476104.8
3231,2026-07-17,Edward Thomas,Luxury,BMW i7,Mumbai,Blue,Petrol,Manual,Corporate,1,15175074.0,0.0,15175074.0,0.0,15175074.0
3232,2025-11-10,Elizabeth Gray,Luxury,BMW 7 Series,Kochi,Grey,Diesel,Automatic,Dealer,1,14790104.0,10.0,14790104.0,1479010.4,13311093.6
3233,2026-02-07,Matthew Ellis,Corporate,BMW X3,Ahmedabad,Black,Petrol,Automatic,Corporate,3,6760208.0,2.0,20280624.0,405612.48,19875011.52
3234,2023-11-03,David Smith,Luxury,BMW i7,Kolkata,Blue,Hybrid,Manual,Online,1,16734701.0,7.0,16734701.0,1171429.07,15563271.93
3235,2025-03-31,Kevin Dudley,Individual,BMW X3,Kochi,Red,Petrol,Manual,Dealer,2,7788281.0,10.0,15576562.0,1557656.2,14018905.8
3236,2024-04-09,Drew Tran,Corporate,BMW 5 Series,Ahmedabad,Red,Hybrid,Manual,Online,1,6760547.0,5.0,6760547.0,338027.35,6422519.65
3237,2026-06-24,Johnathan Martinez,Corporate,BMW i5,Bangalore,Silver,Petrol,Automatic,Dealer,3,10159498.0,10.0,30478494.0,3047849.4,27430644.6
3238,2024-01-13,Marcus Wright,Individual,BMW i4,Mumbai,Blue,Hybrid,Automatic,Online,3,8325069.0,12.0,24975207.0,2997024.84,21978182.16
3239,2025-08-07,Matthew Crane,Individual,BMW X1,Bangalore,Blue,Electric,Manual,Corporate,3,5352663.0,7.0,16057989.0,1124059.23,14933929.77
3240,2025-07-25,Ronald Sullivan,Corporate,BMW X7,Bangalore,Red,Hybrid,Automatic,Corporate,3,13755536.0,5.0,41266608.0,2063330.4,39203277.6
3241,2025-12-21,Jessica Mccoy,Luxury,BMW i5,Bangalore,Red,Petrol,Manual,Dealer,3,9185975.0,2.0,27557925.0,551158.5,27006766.5
3242,2026-01-27,Eric Andrews,Corporate,BMW 3 Series,Bangalore,Black,Hybrid,Automatic,Online,1,6101405.0,12.0,6101405.0,732168.6,5369236.4
3243,2024-10-19,Eric Davis,Individual,BMW X5,Mumbai,White,Diesel,Manual,Dealer,1,10220332.0,7.0,10220332.0,715423.24,9504908.76
3244,2026-06-26,Victoria Hayes,Corporate,BMW 5 Series,Ahmedabad,Blue,Petrol,Automatic,Corporate,3,7787484.0,5.0,23362452.0,1168122.6,22194329.4
3245,2023-08-17,Chase Deleon,Corporate,BMW i7,Chennai,White,Electric,Manual,Corporate,2,15017842.0,12.0,30035684.0,3604282.08,26431401.92
3246,2025-09-24,Jennifer Johnson,Individual,BMW X5,Jaipur,Grey,Diesel,Automatic,Online,2,10443330.0,12.0,20886660.0,2506399.2,18380260.8
3247,2026-02-07,Angela Garza,Individual,BMW X3,Mumbai,White,Electric,Manual,Online,3,7766169.0,2.0,23298507.0,465970.14,22832536.86
3248,2023-10-18,Joshua Parker,Luxury,BMW X3,Bangalore,White,Electric,Automatic,Corporate,3,7758708.0,12.0,23276124.0,2793134.88,20482989.12
3249,2025-01-22,Henry Reeves,Corporate,BMW X3,Ahmedabad,Silver,Diesel,Automatic,Dealer,1,7382841.0,0.0,7382841.0,0.0,7382841.0
3250,2025-09-27,Jennifer Villarreal,Corporate,BMW 5 Series,Jaipur,Red,Electric,Manual,Dealer,1,7328721.0,10.0,7328721.0,732872.1,6595848.9
3251,2025-12-10,James Stark,Individual,BMW X1,Jaipur,Black,Electric,Manual,Dealer,2,5527830.0,2.0,11055660.0,221113.2,10834546.8
3252,2025-02-21,Caitlin Lopez,Luxury,BMW i7,Mumbai,Grey,Electric,Automatic,Corporate,2,14036393.0,10.0,28072786.0,2807278.6,25265507.4
3253,2026-01-18,John Bryant,Luxury,BMW X7,Delhi,Grey,Diesel,Manual,Dealer,3,13519858.0,10.0,40559574.0,4055957.4,36503616.6
3254,2024-10-09,Alexander Hawkins,Luxury,BMW i5,Kochi,Black,Hybrid,Manual,Dealer,1,10269514.0,12.0,10269514.0,1232341.68,9037172.32
3255,2023-11-03,Amanda Newton,Individual,BMW X5,Bangalore,Black,Petrol,Automatic,Corporate,2,11255471.0,10.0,22510942.0,2251094.2,20259847.8
3256,2023-12-07,Marvin Norton,Corporate,BMW i4,Mumbai,Grey,Diesel,Automatic,Corporate,2,7899242.0,0.0,15798484.0,0.0,15798484.0
3257,2025-07-26,Andrew Tran,Luxury,BMW X1,Delhi,Blue,Diesel,Automatic,Dealer,3,5023498.0,2.0,15070494.0,301409.88,14769084.12
3258,2023-08-27,Marvin Romero,Corporate,BMW X3,Bangalore,Silver,Diesel,Automatic,Corporate,3,7943565.0,10.0,23830695.0,2383069.5,21447625.5
3259,2026-04-02,Stephen Edwards,Luxury,BMW X1,Hyderabad,Blue,Petrol,Automatic,Dealer,2,5492177.0,5.0,10984354.0,549217.7,10435136.3
3260,2025-06-01,Gina Wilson,Luxury,BMW X3,Delhi,Red,Electric,Automatic,Corporate,1,7062991.0,5.0,7062991.0,353149.55,6709841.45
3261,2026-05-01,Kerry Graham,Corporate,BMW 3 Series,Hyderabad,Blue,Petrol,Manual,Online,2,5953593.0,2.0,11907186.0,238143.72,11669042.28
3262,2025-02-03,Debbie French,Corporate,BMW X5,Bangalore,Red,Hybrid,Automatic,Online,3,9994992.0,12.0,29984976.0,3598197.12,26386778.88
3263,2024-12-21,Monica Williams,Corporate,BMW X3,Chennai,Black,Electric,Manual,Dealer,3,7784901.0,5.0,23354703.0,1167735.15,22186967.85
3264,2026-03-07,Raymond Conner,Corporate,BMW i7,Jaipur,White,Hybrid,Automatic,Online,3,16600641.0,0.0,49801923.0,0.0,49801923.0
3265,2025-09-06,Carlos Taylor,Corporate,BMW 7 Series,Delhi,Silver,Petrol,Automatic,Dealer,1,16724518.0,12.0,16724518.0,2006942.16,14717575.84
3266,2025-04-10,Valerie Rogers MD,Individual,BMW 5 Series,Chennai,Grey,Electric,Manual,Corporate,1,7848477.0,5.0,7848477.0,392423.85,7456053.15
3267,2026-01-18,Bill Norris,Corporate,BMW i7,Kochi,White,Diesel,Manual,Corporate,1,14735800.0,12.0,14735800.0,1768296.0,12967504.0
3268,2023-08-22,Kathryn Copeland,Luxury,BMW X7,Kolkata,Red,Diesel,Automatic,Online,3,14445640.0,7.0,43336920.0,3033584.4,40303335.6
3269,2024-04-20,Stacy Tran,Individual,BMW X1,Mumbai,Red,Electric,Automatic,Corporate,2,6126714.0,0.0,12253428.0,0.0,12253428.0
3270,2026-04-14,Philip Jones,Individual,BMW i5,Mumbai,Red,Diesel,Manual,Online,3,10276808.0,0.0,30830424.0,0.0,30830424.0
3271,2024-06-02,Joseph Henson,Corporate,BMW 7 Series,Delhi,Silver,Diesel,Automatic,Online,2,14018460.0,7.0,28036920.0,1962584.4,26074335.6
3272,2025-04-29,John Woodward,Corporate,BMW X1,Mumbai,Red,Diesel,Automatic,Dealer,3,5628952.0,10.0,16886856.0,1688685.6,15198170.4
3273,2025-01-16,Anne Smith,Luxury,BMW i4,Pune,Grey,Hybrid,Manual,Dealer,3,7215015.0,10.0,21645045.0,2164504.5,19480540.5
3274,2024-06-05,Denise Green,Luxury,BMW i5,Kolkata,White,Electric,Automatic,Corporate,2,10627486.0,5.0,21254972.0,1062748.6,20192223.4
3275,2025-08-03,Wayne Chandler,Corporate,BMW 7 Series,Kolkata,Blue,Petrol,Manual,Dealer,3,15120305.0,5.0,45360915.0,2268045.75,43092869.25
3276,2025-01-13,Kristin Smith,Corporate,BMW X5,Chennai,Red,Electric,Manual,Corporate,2,11922704.0,2.0,23845408.0,476908.16,23368499.84
3277,2025-09-06,Dr. Betty Cooley DDS,Individual,BMW 3 Series,Mumbai,Grey,Electric,Manual,Online,2,5693946.0,10.0,11387892.0,1138789.2,10249102.8
3278,2024-10-12,Elizabeth Walker,Corporate,BMW i7,Bangalore,Blue,Petrol,Manual,Dealer,2,17521146.0,7.0,35042292.0,2452960.44,32589331.56
3279,2026-06-03,Catherine Ortiz,Individual,BMW i5,Jaipur,Red,Electric,Manual,Corporate,1,9422385.0,0.0,9422385.0,0.0,9422385.0
3280,2026-07-31,Ernest Hernandez,Luxury,BMW i5,Ahmedabad,Silver,Hybrid,Manual,Online,2,9445155.0,5.0,18890310.0,944515.5,17945794.5
3281,2025-01-06,Michele Hicks,Individual,BMW X7,Ahmedabad,Red,Electric,Manual,Online,3,14470624.0,10.0,43411872.0,4341187.2,39070684.8
3282,2024-06-23,Charles Lyons,Corporate,BMW 5 Series,Ahmedabad,Grey,Petrol,Automatic,Corporate,3,7968593.0,0.0,23905779.0,0.0,23905779.0
3283,2026-05-23,Pamela Shaw,Individual,BMW i4,Bangalore,Red,Electric,Manual,Online,1,7169436.0,2.0,7169436.0,143388.72,7026047.28
3284,2024-02-12,Ashley Mccoy,Luxury,BMW X7,Ahmedabad,Grey,Electric,Automatic,Online,2,15478207.0,7.0,30956414.0,2166948.98,28789465.02
3285,2024-10-03,Gregory Frye,Corporate,BMW 5 Series,Jaipur,Black,Petrol,Manual,Corporate,3,8026666.0,7.0,24079998.0,1685599.86,22394398.14
3286,2025-09-11,Jesse Brown,Luxury,BMW X3,Delhi,White,Diesel,Manual,Dealer,3,7680644.0,12.0,23041932.0,2765031.84,20276900.16
3287,2023-08-28,Katie Moore,Corporate,BMW X5,Kochi,Blue,Petrol,Manual,Dealer,3,11324259.0,10.0,33972777.0,3397277.7,30575499.3
3288,2025-09-14,Kevin Thompson,Corporate,BMW X5,Kolkata,White,Hybrid,Manual,Dealer,3,11213492.0,10.0,33640476.0,3364047.6,30276428.4
3289,2025-07-28,William Mckenzie,Corporate,BMW 7 Series,Delhi,Black,Hybrid,Automatic,Online,3,15492733.0,7.0,46478199.0,3253473.93,43224725.07
3290,2025-03-08,Jessica Rios,Luxury,BMW 5 Series,Delhi,Black,Diesel,Manual,Online,1,6569819.0,5.0,6569819.0,328490.95,6241328.05
3291,2026-03-31,John Bentley,Individual,BMW X7,Hyderabad,Red,Petrol,Manual,Corporate,2,15169089.0,5.0,30338178.0,1516908.9,28821269.1
3292,2025-11-09,Christina Hernandez,Individual,BMW X3,Kochi,Red,Petrol,Manual,Online,3,7012740.0,7.0,21038220.0,1472675.4,19565544.6
3293,2025-11-24,Logan Church,Individual,BMW i5,Pune,Black,Petrol,Automatic,Online,1,9462914.0,12.0,9462914.0,1135549.68,8327364.32
3294,2024-12-19,Emily Rodriguez,Corporate,BMW i5,Kochi,Black,Diesel,Automatic,Corporate,3,9791407.0,5.0,29374221.0,1468711.05,27905509.95
3295,2024-06-12,Morgan Jordan,Corporate,BMW i5,Pune,Grey,Electric,Manual,Dealer,3,9309182.0,7.0,27927546.0,1954928.22,25972617.78
3296,2024-10-14,Jason Herman,Individual,BMW X1,Kolkata,Black,Diesel,Manual,Online,2,5686917.0,2.0,11373834.0,227476.68,11146357.32
3297,2025-12-28,Katrina Harris,Luxury,BMW X3,Delhi,Blue,Hybrid,Manual,Corporate,3,6943096.0,10.0,20829288.0,2082928.8,18746359.2
3298,2024-01-31,Jennifer Guerra,Individual,BMW X1,Mumbai,Silver,Diesel,Automatic,Online,3,5220099.0,0.0,15660297.0,0.0,15660297.0
3299,2025-07-06,Dana Martinez,Individual,BMW i4,Kolkata,Silver,Petrol,Manual,Dealer,2,7186179.0,12.0,14372358.0,1724682.96,12647675.04
3300,2024-06-24,Natasha Baker,Luxury,BMW i4,Delhi,Grey,Hybrid,Automatic,Online,2,7587077.0,7.0,15174154.0,1062190.78,14111963.22
3301,2024-05-24,Luis Deleon,Luxury,BMW 7 Series,Kolkata,Red,Electric,Automatic,Corporate,2,16055234.0,7.0,32110468.0,2247732.76,29862735.24
3302,2024-09-06,Jeremy Johnson,Luxury,BMW i5,Kochi,Grey,Electric,Manual,Online,2,10024217.0,5.0,20048434.0,1002421.7,19046012.3
3303,2023-10-09,Christopher Bell,Corporate,BMW X1,Delhi,White,Electric,Automatic,Corporate,3,6053683.0,5.0,18161049.0,908052.45,17252996.55
3304,2026-07-26,Elizabeth Hudson,Luxury,BMW i4,Delhi,Grey,Hybrid,Manual,Online,1,7057664.0,7.0,7057664.0,494036.48,6563627.52
3305,2026-03-11,Kara Taylor,Corporate,BMW X3,Chennai,Grey,Hybrid,Manual,Dealer,1,7056035.0,0.0,7056035.0,0.0,7056035.0
3306,2025-08-10,Sheila Johnson,Corporate,BMW X3,Kochi,Blue,Petrol,Automatic,Online,2,7433551.0,2.0,14867102.0,297342.04,14569759.96
3307,2026-08-05,Terry Walls,Luxury,BMW X1,Mumbai,Black,Petrol,Automatic,Online,3,5124560.0,10.0,15373680.0,1537368.0,13836312.0
3308,2024-09-04,Ashley Young,Luxury,BMW 3 Series,Kolkata,Silver,Diesel,Automatic,Online,2,5281400.0,5.0,10562800.0,528140.0,10034660.0
3309,2024-09-20,Chad Harris,Individual,BMW X3,Pune,Silver,Hybrid,Manual,Online,3,7012053.0,5.0,21036159.0,1051807.95,19984351.05
3310,2023-11-18,Melissa Rowe,Corporate,BMW 7 Series,Mumbai,Black,Petrol,Automatic,Online,2,15091640.0,7.0,30183280.0,2112829.6,28070450.4
3311,2025-01-08,Michael Becker,Luxury,BMW 3 Series,Kochi,Black,Diesel,Manual,Corporate,1,6045312.0,0.0,6045312.0,0.0,6045312.0
3312,2023-12-03,Michael Martinez,Individual,BMW X5,Kolkata,Silver,Hybrid,Manual,Dealer,1,9826302.0,10.0,9826302.0,982630.2,8843671.8
3313,2026-06-28,Steven Nunez,Corporate,BMW i5,Bangalore,White,Hybrid,Manual,Online,2,10432034.0,10.0,20864068.0,2086406.8,18777661.2
3314,2024-06-28,Eric Thompson,Luxury,BMW 5 Series,Delhi,Grey,Hybrid,Automatic,Corporate,2,8031269.0,7.0,16062538.0,1124377.66,14938160.34
3315,2024-06-10,Warren Hernandez,Corporate,BMW X7,Jaipur,Blue,Hybrid,Manual,Corporate,3,14042042.0,0.0,42126126.0,0.0,42126126.0
3316,2024-03-25,Denise Carpenter,Luxury,BMW X7,Jaipur,Red,Petrol,Manual,Dealer,1,15713796.0,12.0,15713796.0,1885655.52,13828140.48
3317,2025-12-06,Melissa Mcpherson,Corporate,BMW X5,Kolkata,Blue,Petrol,Automatic,Corporate,3,10939038.0,10.0,32817114.0,3281711.4,29535402.6
3318,2025-07-07,Megan Lucas,Corporate,BMW 7 Series,Mumbai,White,Diesel,Manual,Online,1,15942443.0,12.0,15942443.0,1913093.16,14029349.84
3319,2024-05-13,Gene Ruiz,Individual,BMW 3 Series,Pune,White,Hybrid,Automatic,Dealer,2,5083510.0,12.0,10167020.0,1220042.4,8946977.6
3320,2026-06-26,Gina Brown MD,Individual,BMW X3,Chennai,Black,Hybrid,Manual,Online,1,7243552.0,2.0,7243552.0,144871.04,7098680.96
3321,2024-04-25,Eugene Hill,Corporate,BMW i4,Delhi,Red,Petrol,Manual,Corporate,1,7945956.0,2.0,7945956.0,158919.12,7787036.88
3322,2026-06-15,Eric Williams,Individual,BMW i5,Pune,Blue,Electric,Automatic,Dealer,2,9351607.0,7.0,18703214.0,1309224.98,17393989.02
3323,2025-06-09,Tiffany Ruiz,Luxury,BMW X5,Kochi,Black,Diesel,Automatic,Online,2,10600818.0,0.0,21201636.0,0.0,21201636.0
3324,2023-09-08,Mark Stein,Corporate,BMW X1,Pune,Silver,Hybrid,Manual,Online,3,5172148.0,12.0,15516444.0,1861973.28,13654470.72
3325,2025-05-16,Louis Oneal,Luxury,BMW i4,Delhi,White,Electric,Automatic,Corporate,1,7200303.0,0.0,7200303.0,0.0,7200303.0
3326,2026-07-16,Carlos Luna,Corporate,BMW X1,Chennai,Blue,Diesel,Manual,Online,2,5296441.0,10.0,10592882.0,1059288.2,9533593.8
3327,2024-08-13,John Wells,Luxury,BMW i5,Bangalore,Red,Electric,Automatic,Dealer,1,9732455.0,10.0,9732455.0,973245.5,8759209.5
3328,2025-07-19,Christopher Mathis,Luxury,BMW i4,Jaipur,Red,Petrol,Manual,Corporate,2,8263151.0,5.0,16526302.0,826315.1,15699986.9
3329,2024-12-02,Lisa Costa,Corporate,BMW 5 Series,Hyderabad,Blue,Petrol,Manual,Online,2,7661823.0,5.0,15323646.0,766182.3,14557463.7
3330,2023-10-12,Stephanie Clarke,Luxury,BMW i7,Hyderabad,Black,Diesel,Manual,Corporate,3,14902329.0,2.0,44706987.0,894139.74,43812847.26
3331,2023-10-08,Jonathan Skinner,Luxury,BMW 5 Series,Jaipur,Silver,Petrol,Automatic,Dealer,3,8369670.0,0.0,25109010.0,0.0,25109010.0
3332,2025-11-08,Tamara Young,Individual,BMW X3,Kolkata,Silver,Diesel,Manual,Dealer,2,6896526.0,2.0,13793052.0,275861.04,13517190.96
3333,2026-07-09,Jonathan Marshall,Individual,BMW i7,Pune,White,Petrol,Automatic,Dealer,2,16408508.0,12.0,32817016.0,3938041.92,28878974.08
3334,2026-03-24,Patrick Eaton,Corporate,BMW i5,Pune,Blue,Petrol,Automatic,Corporate,2,9324508.0,2.0,18649016.0,372980.32,18276035.68
3335,2024-02-29,Bradley Clark,Individual,BMW X7,Bangalore,Blue,Electric,Manual,Dealer,1,12824775.0,0.0,12824775.0,0.0,12824775.0
3336,2025-11-06,Angela Ramirez,Individual,BMW 5 Series,Pune,Black,Electric,Manual,Online,1,6968623.0,2.0,6968623.0,139372.46,6829250.54
3337,2026-04-15,Brenda Brooks,Corporate,BMW i4,Jaipur,Black,Petrol,Manual,Corporate,3,7184446.0,12.0,21553338.0,2586400.56,18966937.44
3338,2024-03-12,Heather Phillips,Individual,BMW i5,Delhi,Grey,Hybrid,Manual,Corporate,2,10391761.0,5.0,20783522.0,1039176.1,19744345.9
3339,2024-07-05,James Sanders,Individual,BMW X3,Pune,Silver,Diesel,Automatic,Online,1,7136644.0,10.0,7136644.0,713664.4,6422979.6
3340,2026-06-19,Steven Thompson,Luxury,BMW i7,Kochi,Black,Hybrid,Manual,Dealer,2,15119462.0,2.0,30238924.0,604778.48,29634145.52
3341,2026-07-03,Nicole Jensen,Luxury,BMW i7,Bangalore,Silver,Hybrid,Manual,Corporate,2,14096082.0,0.0,28192164.0,0.0,28192164.0
3342,2025-01-28,Angela Phillips,Luxury,BMW 5 Series,Chennai,Red,Diesel,Automatic,Online,3,6623466.0,12.0,19870398.0,2384447.76,17485950.24
3343,2026-07-11,Christopher Thomas,Luxury,BMW 7 Series,Bangalore,Grey,Diesel,Automatic,Dealer,3,17393173.0,2.0,52179519.0,1043590.38,51135928.62
3344,2026-08-05,Anthony Hobbs,Individual,BMW i4,Pune,Silver,Hybrid,Manual,Dealer,2,8338059.0,2.0,16676118.0,333522.36,16342595.64
3345,2025-10-04,Joshua Zamora,Individual,BMW i5,Mumbai,Red,Petrol,Automatic,Online,2,10324198.0,7.0,20648396.0,1445387.72,19203008.28
3346,2024-05-06,Brittany Allen,Individual,BMW i7,Mumbai,Silver,Electric,Manual,Dealer,3,14583647.0,12.0,43750941.0,5250112.92,38500828.08
3347,2025-07-08,Marcus Duncan,Individual,BMW i5,Ahmedabad,White,Diesel,Automatic,Corporate,3,9103088.0,2.0,27309264.0,546185.28,26763078.72
3348,2026-06-26,Tyler Mckinney,Individual,BMW i4,Delhi,Grey,Diesel,Manual,Corporate,2,8172007.0,10.0,16344014.0,1634401.4,14709612.6
3349,2025-11-01,James Clark,Individual,BMW i4,Bangalore,Black,Electric,Manual,Corporate,3,7303558.0,5.0,21910674.0,1095533.7,20815140.3
3350,2024-07-22,Crystal Hinton,Individual,BMW 3 Series,Pune,Black,Diesel,Manual,Online,3,5919544.0,12.0,17758632.0,2131035.84,15627596.16
3351,2026-08-09,Elizabeth Lee,Corporate,BMW 3 Series,Delhi,White,Electric,Automatic,Online,1,5658504.0,2.0,5658504.0,113170.08,5545333.92
3352,2024-08-12,John Rodriguez,Luxury,BMW X3,Ahmedabad,Silver,Electric,Automatic,Corporate,2,7052578.0,7.0,14105156.0,987360.92,13117795.08
3353,2025-02-08,Kristen Sims,Corporate,BMW 3 Series,Delhi,Red,Electric,Manual,Corporate,1,6325832.0,12.0,6325832.0,759099.84,5566732.16
3354,2023-10-15,Casey Gross,Individual,BMW X3,Mumbai,Blue,Electric,Manual,Dealer,1,6573981.0,7.0,6573981.0,460178.67,6113802.33
3355,2024-10-20,Michael Williams,Corporate,BMW i5,Jaipur,Red,Hybrid,Manual,Online,3,10032086.0,10.0,30096258.0,3009625.8,27086632.2
3356,2024-03-01,Megan Gillespie,Corporate,BMW i7,Kochi,White,Hybrid,Automatic,Corporate,1,17479543.0,0.0,17479543.0,0.0,17479543.0
3357,2024-08-03,Richard Brock,Individual,BMW 7 Series,Hyderabad,Black,Diesel,Manual,Online,1,18962517.0,0.0,18962517.0,0.0,18962517.0
3358,2024-07-13,Jesse Miller,Luxury,BMW i4,Kochi,Black,Petrol,Automatic,Dealer,3,7581108.0,7.0,22743324.0,1592032.68,21151291.32
3359,2026-02-23,Tony Hill,Luxury,BMW X1,Pune,Blue,Electric,Automatic,Dealer,3,5254286.0,12.0,15762858.0,1891542.96,13871315.04
3360,2025-04-26,James Griffin,Corporate,BMW i7,Delhi,Silver,Petrol,Manual,Corporate,1,15292012.0,10.0,15292012.0,1529201.2,13762810.8
3361,2024-10-22,Amanda Richards,Individual,BMW 3 Series,Pune,White,Diesel,Manual,Corporate,2,4989388.0,7.0,9978776.0,698514.32,9280261.68
3362,2026-01-28,Adrian Phillips,Individual,BMW X7,Ahmedabad,Red,Electric,Automatic,Corporate,3,12901997.0,0.0,38705991.0,0.0,38705991.0
3363,2024-02-26,Stephen Gonzalez,Corporate,BMW X7,Ahmedabad,Red,Hybrid,Manual,Online,3,12032826.0,5.0,36098478.0,1804923.9,34293554.1
3364,2025-07-24,Andrea Sharp,Luxury,BMW 7 Series,Kochi,Silver,Diesel,Automatic,Dealer,2,15399211.0,12.0,30798422.0,3695810.64,27102611.36
3365,2026-04-05,Robert Lucero,Corporate,BMW i5,Chennai,White,Diesel,Automatic,Dealer,1,10594121.0,10.0,10594121.0,1059412.1,9534708.9
3366,2024-09-15,Madison Hill,Luxury,BMW 3 Series,Kolkata,Blue,Hybrid,Manual,Online,3,6383825.0,10.0,19151475.0,1915147.5,17236327.5
3367,2024-09-05,Amy Foster,Corporate,BMW i4,Kolkata,Black,Hybrid,Manual,Corporate,2,8340370.0,10.0,16680740.0,1668074.0,15012666.0
3368,2025-07-22,Wanda Jacobson,Corporate,BMW X1,Ahmedabad,Red,Electric,Manual,Dealer,3,5563716.0,5.0,16691148.0,834557.4,15856590.6
3369,2025-12-29,Kevin Johnson,Corporate,BMW 5 Series,Mumbai,Black,Hybrid,Manual,Corporate,3,7249551.0,2.0,21748653.0,434973.06,21313679.94
3370,2024-03-15,Brenda Singleton,Luxury,BMW X5,Kochi,Red,Hybrid,Manual,Corporate,3,10165387.0,12.0,30496161.0,3659539.32,26836621.68
3371,2024-06-27,Katie Clark,Luxury,BMW i4,Delhi,Silver,Electric,Manual,Dealer,3,7182422.0,0.0,21547266.0,0.0,21547266.0
3372,2026-03-21,Lori Steele,Corporate,BMW X7,Ahmedabad,Silver,Petrol,Manual,Online,1,13355727.0,12.0,13355727.0,1602687.24,11753039.76
3373,2025-02-17,Michael Ortega,Corporate,BMW X5,Mumbai,Blue,Electric,Automatic,Corporate,3,10624999.0,7.0,31874997.0,2231249.79,29643747.21
3374,2026-02-26,Lisa Anderson,Individual,BMW X7,Delhi,Grey,Hybrid,Manual,Corporate,1,15719175.0,10.0,15719175.0,1571917.5,14147257.5
3375,2025-03-16,Jennifer Boone,Individual,BMW 3 Series,Chennai,Silver,Diesel,Automatic,Online,1,5686410.0,5.0,5686410.0,284320.5,5402089.5
3376,2023-10-31,Donald Carter,Individual,BMW X1,Chennai,Red,Hybrid,Automatic,Online,3,5180064.0,5.0,15540192.0,777009.6,14763182.4
3377,2025-10-24,James Huang,Luxury,BMW 7 Series,Hyderabad,Silver,Diesel,Manual,Corporate,2,18398361.0,10.0,36796722.0,3679672.2,33117049.8
3378,2024-10-27,Jennifer Reyes,Luxury,BMW 7 Series,Ahmedabad,Black,Electric,Manual,Corporate,2,17200844.0,10.0,34401688.0,3440168.8,30961519.2
3379,2025-10-24,Robert Munoz,Individual,BMW 3 Series,Bangalore,Black,Electric,Automatic,Dealer,3,6187084.0,10.0,18561252.0,1856125.2,16705126.8
3380,2025-07-02,Joshua Gibbs,Corporate,BMW X3,Jaipur,White,Hybrid,Automatic,Corporate,1,6510502.0,5.0,6510502.0,325525.1,6184976.9
3381,2026-01-17,Mrs. Sarah Baker,Corporate,BMW X7,Kolkata,Blue,Electric,Manual,Online,2,15132603.0,0.0,30265206.0,0.0,30265206.0
3382,2026-06-21,Donna Palmer,Corporate,BMW 3 Series,Pune,Grey,Petrol,Manual,Online,3,5013903.0,2.0,15041709.0,300834.18,14740874.82
3383,2024-11-16,Natasha Johnson,Corporate,BMW X7,Hyderabad,Silver,Electric,Automatic,Corporate,1,14079421.0,0.0,14079421.0,0.0,14079421.0
3384,2024-05-15,Gabrielle Simpson,Corporate,BMW X3,Kochi,Red,Diesel,Manual,Online,1,7702476.0,0.0,7702476.0,0.0,7702476.0
3385,2025-07-26,William Nelson,Corporate,BMW 7 Series,Jaipur,White,Petrol,Manual,Corporate,3,17057066.0,0.0,51171198.0,0.0,51171198.0
3386,2026-07-24,Andrea Gray,Corporate,BMW X1,Jaipur,Grey,Hybrid,Manual,Corporate,1,5515689.0,12.0,5515689.0,661882.68,4853806.32
3387,2025-08-15,Ashley Guerra,Luxury,BMW 7 Series,Bangalore,Grey,Electric,Automatic,Online,2,15331396.0,2.0,30662792.0,613255.84,30049536.16
3388,2025-09-26,Charles Franco,Corporate,BMW X7,Ahmedabad,Blue,Hybrid,Automatic,Corporate,3,14690007.0,5.0,44070021.0,2203501.05,41866519.95
3389,2023-10-18,Douglas Rivera,Corporate,BMW i7,Chennai,Black,Petrol,Automatic,Online,2,17486261.0,5.0,34972522.0,1748626.1,33223895.9
3390,2026-04-09,George Pollard,Individual,BMW X5,Pune,Silver,Electric,Manual,Online,1,9787400.0,10.0,9787400.0,978740.0,8808660.0
3391,2025-08-16,Charles Ramsey,Luxury,BMW i7,Hyderabad,Black,Hybrid,Manual,Corporate,1,15422092.0,12.0,15422092.0,1850651.04,13571440.96
3392,2026-01-11,Benjamin Diaz,Corporate,BMW 7 Series,Jaipur,Blue,Hybrid,Manual,Online,3,16051326.0,12.0,48153978.0,5778477.36,42375500.64
3393,2024-07-07,Jonathan Williamson,Corporate,BMW X7,Pune,Black,Hybrid,Automatic,Online,2,13590628.0,10.0,27181256.0,2718125.6,24463130.4
3394,2026-08-07,Angela Kline,Corporate,BMW X3,Kochi,White,Electric,Automatic,Corporate,3,7052230.0,12.0,21156690.0,2538802.8,18617887.2
3395,2025-09-14,Olivia James,Luxury,BMW i4,Ahmedabad,Red,Diesel,Automatic,Dealer,2,7213591.0,7.0,14427182.0,1009902.74,13417279.26
3396,2023-08-27,Victoria Rose,Corporate,BMW i7,Delhi,Grey,Hybrid,Automatic,Dealer,3,17219890.0,0.0,51659670.0,0.0,51659670.0
3397,2024-03-01,Ryan Anderson,Luxury,BMW X5,Mumbai,Grey,Petrol,Automatic,Dealer,3,11009706.0,7.0,33029118.0,2312038.26,30717079.74
3398,2024-11-25,Jennifer Becker,Individual,BMW 5 Series,Bangalore,Blue,Hybrid,Manual,Online,2,8491763.0,12.0,16983526.0,2038023.12,14945502.88
3399,2024-08-03,Rachel Gonzalez,Individual,BMW i7,Delhi,Silver,Electric,Manual,Dealer,3,15008276.0,0.0,45024828.0,0.0,45024828.0
3400,2024-04-11,Matthew Stein,Individual,BMW X5,Pune,Grey,Electric,Automatic,Online,3,11464185.0,5.0,34392555.0,1719627.75,32672927.25
3401,2025-05-04,Gerald Glass,Corporate,BMW X3,Ahmedabad,Red,Electric,Manual,Dealer,1,7148063.0,7.0,7148063.0,500364.41,6647698.59
3402,2025-10-15,Melanie Lopez,Corporate,BMW i7,Pune,Red,Electric,Manual,Corporate,1,14636060.0,2.0,14636060.0,292721.2,14343338.8
3403,2025-07-19,Mary Hopkins,Corporate,BMW 3 Series,Kochi,Silver,Electric,Manual,Corporate,2,6147850.0,7.0,12295700.0,860699.0,11435001.0
3404,2024-06-11,Jacob Gillespie,Individual,BMW 5 Series,Kolkata,Red,Electric,Automatic,Online,1,7344002.0,2.0,7344002.0,146880.04,7197121.96
3405,2025-11-14,Samantha White,Individual,BMW 7 Series,Mumbai,Silver,Electric,Manual,Online,3,15790170.0,12.0,47370510.0,5684461.2,41686048.8
3406,2024-06-15,Pedro Schmidt,Corporate,BMW 3 Series,Ahmedabad,Red,Hybrid,Automatic,Corporate,2,4713410.0,7.0,9426820.0,659877.4,8766942.6
3407,2024-11-22,Travis Skinner,Luxury,BMW i4,Kochi,White,Electric,Automatic,Online,3,8025800.0,12.0,24077400.0,2889288.0,21188112.0
3408,2023-08-26,Christopher Williams,Corporate,BMW X5,Kochi,Silver,Diesel,Manual,Online,1,10926254.0,10.0,10926254.0,1092625.4,9833628.6
3409,2024-10-20,Michele Kidd,Individual,BMW X7,Chennai,White,Hybrid,Automatic,Dealer,2,12514478.0,0.0,25028956.0,0.0,25028956.0
3410,2025-02-18,Aaron Webb,Corporate,BMW i4,Pune,Silver,Petrol,Automatic,Corporate,3,8291373.0,0.0,24874119.0,0.0,24874119.0
3411,2026-05-27,Isaac Carroll,Luxury,BMW 3 Series,Kolkata,Blue,Petrol,Manual,Online,3,5464714.0,12.0,16394142.0,1967297.04,14426844.96
3412,2025-06-26,Isaac Pollard,Luxury,BMW i7,Hyderabad,Blue,Petrol,Manual,Dealer,3,17960090.0,5.0,53880270.0,2694013.5,51186256.5
3413,2026-01-17,Patricia Wiley,Corporate,BMW 5 Series,Pune,Red,Hybrid,Manual,Corporate,1,7712784.0,12.0,7712784.0,925534.08,6787249.92
3414,2026-06-21,Justin Ward,Luxury,BMW X1,Pune,White,Electric,Manual,Corporate,2,5415114.0,7.0,10830228.0,758115.96,10072112.04
3415,2025-12-29,Robert Williams,Luxury,BMW i7,Kolkata,Grey,Diesel,Automatic,Corporate,2,14190737.0,0.0,28381474.0,0.0,28381474.0
3416,2024-04-17,Caroline Cooper,Luxury,BMW X1,Delhi,Blue,Petrol,Automatic,Dealer,1,5179043.0,2.0,5179043.0,103580.86,5075462.14
3417,2025-12-28,Joan Holloway,Corporate,BMW 5 Series,Delhi,Grey,Electric,Automatic,Corporate,1,6897539.0,10.0,6897539.0,689753.9,6207785.1
3418,2026-07-06,Julie Garner,Corporate,BMW X3,Kochi,Silver,Diesel,Manual,Corporate,2,6975447.0,7.0,13950894.0,976562.58,12974331.42
3419,2024-03-19,Morgan Maynard,Luxury,BMW i7,Kolkata,Blue,Petrol,Automatic,Corporate,1,15852328.0,12.0,15852328.0,1902279.36,13950048.64
3420,2024-06-04,Nancy Gomez,Luxury,BMW 3 Series,Chennai,Silver,Diesel,Manual,Online,2,6417159.0,12.0,12834318.0,1540118.16,11294199.84
3421,2024-11-17,Rebecca Lyons,Individual,BMW X5,Jaipur,Red,Diesel,Manual,Corporate,2,10143270.0,0.0,20286540.0,0.0,20286540.0
3422,2025-11-13,Ariana Williams,Individual,BMW X7,Mumbai,Red,Electric,Automatic,Corporate,3,15761983.0,7.0,47285949.0,3310016.43,43975932.57
3423,2026-06-15,Brenda Johnson,Individual,BMW i5,Kolkata,Black,Diesel,Automatic,Dealer,3,9900022.0,0.0,29700066.0,0.0,29700066.0
3424,2024-05-02,Ashlee Martinez,Individual,BMW 5 Series,Delhi,Blue,Diesel,Manual,Dealer,3,7814123.0,2.0,23442369.0,468847.38,22973521.62
3425,2025-08-22,Diane Copeland,Luxury,BMW i7,Ahmedabad,Red,Diesel,Manual,Online,3,17312317.0,10.0,51936951.0,5193695.1,46743255.9
3426,2024-08-15,Brandon Myers,Corporate,BMW X7,Pune,Silver,Electric,Manual,Corporate,2,13893748.0,12.0,27787496.0,3334499.52,24452996.48
3427,2024-04-17,Derrick Peterson,Individual,BMW X1,Hyderabad,Blue,Electric,Automatic,Corporate,3,5785980.0,5.0,17357940.0,867897.0,16490043.0
3428,2025-01-25,Tiffany Villa,Corporate,BMW 5 Series,Jaipur,Black,Diesel,Manual,Dealer,3,7896142.0,5.0,23688426.0,1184421.3,22504004.7
3429,2023-10-04,Noah Horn,Luxury,BMW i5,Chennai,Black,Diesel,Automatic,Corporate,2,10441056.0,2.0,20882112.0,417642.24,20464469.76
3430,2024-11-28,Erik Brown,Individual,BMW X1,Ahmedabad,Black,Electric,Manual,Online,3,5899341.0,5.0,17698023.0,884901.15,16813121.85
3431,2025-06-02,Stacie Davies,Individual,BMW X7,Hyderabad,Blue,Diesel,Automatic,Online,1,12695468.0,0.0,12695468.0,0.0,12695468.0
3432,2026-02-16,Melissa Tran,Corporate,BMW X3,Chennai,Grey,Diesel,Automatic,Dealer,1,6704358.0,2.0,6704358.0,134087.16,6570270.84
3433,2025-08-30,Dana Barnes,Individual,BMW X1,Chennai,Blue,Hybrid,Manual,Corporate,2,6065685.0,7.0,12131370.0,849195.9,11282174.1
3434,2024-09-22,Amanda Ward,Luxury,BMW i7,Chennai,Grey,Hybrid,Automatic,Dealer,3,15769106.0,12.0,47307318.0,5676878.16,41630439.84
3435,2024-02-16,Tara Ramirez,Corporate,BMW i4,Kolkata,Blue,Petrol,Manual,Corporate,3,7302789.0,10.0,21908367.0,2190836.7,19717530.3
3436,2024-10-26,Natalie Andrews,Individual,BMW i4,Bangalore,Black,Hybrid,Automatic,Online,2,8334855.0,2.0,16669710.0,333394.2,16336315.8
3437,2025-10-30,Dawn Williams,Individual,BMW i5,Jaipur,Red,Petrol,Manual,Corporate,3,10773258.0,7.0,32319774.0,2262384.18,30057389.82
3438,2025-04-23,John Wu,Corporate,BMW X7,Kochi,Silver,Diesel,Manual,Corporate,1,12932688.0,2.0,12932688.0,258653.76,12674034.24
3439,2025-10-05,Courtney Richardson,Luxury,BMW X5,Kolkata,Grey,Electric,Automatic,Corporate,3,10576688.0,7.0,31730064.0,2221104.48,29508959.52
3440,2024-04-07,Jessica Tucker,Corporate,BMW 5 Series,Kolkata,Silver,Diesel,Automatic,Online,2,6577605.0,12.0,13155210.0,1578625.2,11576584.8
3441,2023-11-03,Steven Mccoy,Corporate,BMW i7,Chennai,Grey,Petrol,Automatic,Dealer,3,16367935.0,12.0,49103805.0,5892456.6,43211348.4
3442,2024-08-08,Jeffrey Atkinson,Luxury,BMW X5,Bangalore,Black,Petrol,Manual,Corporate,3,11390073.0,0.0,34170219.0,0.0,34170219.0
3443,2023-11-04,Robert Petersen,Individual,BMW 5 Series,Mumbai,Red,Hybrid,Manual,Online,3,7332791.0,2.0,21998373.0,439967.46,21558405.54
3444,2024-08-07,Kelly Becker,Luxury,BMW X3,Hyderabad,Black,Diesel,Manual,Dealer,2,6747182.0,2.0,13494364.0,269887.28,13224476.72
3445,2026-07-23,William Rodriguez,Luxury,BMW X5,Hyderabad,White,Petrol,Manual,Corporate,1,11184135.0,2.0,11184135.0,223682.7,10960452.3
3446,2023-09-12,Alan Levy,Individual,BMW 3 Series,Jaipur,Blue,Electric,Automatic,Corporate,3,5984445.0,7.0,17953335.0,1256733.45,16696601.55
3447,2025-02-05,Heather Kirby,Luxury,BMW X1,Mumbai,Red,Electric,Automatic,Corporate,3,5771871.0,2.0,17315613.0,346312.26,16969300.74
3448,2026-05-13,Vernon Pope,Corporate,BMW 5 Series,Chennai,White,Electric,Automatic,Online,2,7356169.0,7.0,14712338.0,1029863.66,13682474.34
3449,2025-04-26,Patrick Wheeler,Individual,BMW X5,Delhi,Silver,Electric,Automatic,Dealer,3,11082853.0,2.0,33248559.0,664971.18,32583587.82
3450,2026-01-11,Sharon Webb,Individual,BMW 5 Series,Delhi,Red,Diesel,Automatic,Corporate,1,6598744.0,2.0,6598744.0,131974.88,6466769.12
3451,2026-01-30,Darryl Hernandez,Individual,BMW X5,Pune,Silver,Hybrid,Automatic,Online,3,11652630.0,10.0,34957890.0,3495789.0,31462101.0
3452,2024-10-23,Jacob Mason,Individual,BMW i7,Ahmedabad,Black,Hybrid,Automatic,Dealer,2,14419288.0,7.0,28838576.0,2018700.32,26819875.68
3453,2023-12-13,Allison Riley,Individual,BMW X5,Kolkata,Red,Electric,Automatic,Online,2,11598481.0,0.0,23196962.0,0.0,23196962.0
3454,2024-12-06,Karina Harris,Individual,BMW X7,Chennai,Blue,Diesel,Manual,Dealer,1,13383950.0,7.0,13383950.0,936876.5,12447073.5
3455,2024-01-01,Christopher Oliver,Corporate,BMW i4,Kolkata,Red,Hybrid,Manual,Online,2,8171501.0,0.0,16343002.0,0.0,16343002.0
3456,2025-02-14,Garrett Sampson,Luxury,BMW X7,Chennai,White,Electric,Manual,Corporate,2,12039384.0,5.0,24078768.0,1203938.4,22874829.6
3457,2025-05-31,Sara Martinez,Individual,BMW i7,Ahmedabad,White,Petrol,Manual,Dealer,3,16836701.0,12.0,50510103.0,6061212.36,44448890.64
3458,2025-05-11,Kelly Moyer,Corporate,BMW X1,Mumbai,Grey,Hybrid,Manual,Online,2,5371294.0,10.0,10742588.0,1074258.8,9668329.2
3459,2024-11-21,Maria Reynolds,Luxury,BMW X5,Bangalore,Blue,Petrol,Manual,Online,2,9501351.0,10.0,19002702.0,1900270.2,17102431.8
3460,2026-06-14,Betty Stanley,Corporate,BMW X1,Bangalore,Grey,Petrol,Manual,Dealer,1,6135400.0,5.0,6135400.0,306770.0,5828630.0
3461,2024-03-11,Devin Wheeler,Corporate,BMW i4,Chennai,Blue,Electric,Manual,Dealer,3,7954233.0,10.0,23862699.0,2386269.9,21476429.1
3462,2025-08-02,William Herrera,Corporate,BMW 5 Series,Bangalore,Grey,Hybrid,Manual,Online,2,6607426.0,10.0,13214852.0,1321485.2,11893366.8
3463,2025-06-01,Brenda Lee,Individual,BMW X3,Pune,White,Hybrid,Automatic,Online,2,7377296.0,7.0,14754592.0,1032821.44,13721770.56
3464,2023-09-03,Hannah Barton,Luxury,BMW i7,Mumbai,Blue,Petrol,Automatic,Dealer,3,15241695.0,5.0,45725085.0,2286254.25,43438830.75
3465,2026-04-21,Anthony Watkins,Individual,BMW i7,Jaipur,Red,Electric,Manual,Online,3,15081380.0,7.0,45244140.0,3167089.8,42077050.2
3466,2024-05-25,Todd Black,Individual,BMW X7,Kochi,Silver,Hybrid,Automatic,Corporate,3,15057286.0,2.0,45171858.0,903437.16,44268420.84
3467,2026-04-26,Jack Wright,Corporate,BMW 7 Series,Kolkata,Red,Hybrid,Manual,Online,2,18595794.0,0.0,37191588.0,0.0,37191588.0
3468,2026-04-25,Kim Walker,Corporate,BMW i7,Pune,White,Hybrid,Automatic,Dealer,1,15964559.0,12.0,15964559.0,1915747.08,14048811.92
3469,2026-01-21,Karen Garcia,Individual,BMW i4,Ahmedabad,Grey,Petrol,Automatic,Online,1,8235766.0,12.0,8235766.0,988291.92,7247474.08
3470,2026-07-07,Steven Anderson,Individual,BMW X1,Pune,Red,Hybrid,Automatic,Corporate,1,5258374.0,10.0,5258374.0,525837.4,4732536.6
3471,2024-12-17,Jacob Mcconnell,Individual,BMW 3 Series,Kolkata,Blue,Diesel,Automatic,Dealer,3,5631705.0,2.0,16895115.0,337902.3,16557212.7
3472,2025-05-20,Natasha Atkinson,Corporate,BMW X1,Chennai,Red,Diesel,Manual,Online,1,5300097.0,10.0,5300097.0,530009.7,4770087.3
3473,2024-09-05,Eileen Leon,Luxury,BMW 3 Series,Kolkata,Grey,Electric,Automatic,Dealer,3,6207910.0,0.0,18623730.0,0.0,18623730.0
3474,2025-05-06,Brandon Sanchez,Luxury,BMW X7,Kochi,White,Electric,Manual,Online,3,13441959.0,2.0,40325877.0,806517.54,39519359.46
3475,2024-11-11,Maria Jordan,Corporate,BMW X5,Hyderabad,Red,Electric,Automatic,Corporate,1,10781446.0,2.0,10781446.0,215628.92,10565817.08
3476,2024-08-07,Teresa Thompson,Luxury,BMW 3 Series,Chennai,Blue,Electric,Manual,Online,2,6147249.0,5.0,12294498.0,614724.9,11679773.1
3477,2024-08-27,Brian Green,Individual,BMW X5,Mumbai,Silver,Petrol,Manual,Online,1,9947254.0,10.0,9947254.0,994725.4,8952528.6
3478,2026-05-11,Andrew Buchanan,Corporate,BMW X5,Delhi,Blue,Diesel,Manual,Online,3,10100509.0,0.0,30301527.0,0.0,30301527.0
3479,2026-03-10,Jessica Rivera,Luxury,BMW 7 Series,Pune,Red,Hybrid,Manual,Online,1,16793585.0,7.0,16793585.0,1175550.95,15618034.05
3480,2023-10-06,Taylor Schwartz,Individual,BMW 3 Series,Hyderabad,Red,Diesel,Automatic,Dealer,1,4588171.0,12.0,4588171.0,550580.52,4037590.48
3481,2025-02-23,Angela Zuniga,Corporate,BMW 5 Series,Ahmedabad,Silver,Electric,Manual,Dealer,1,6571686.0,10.0,6571686.0,657168.6,5914517.4
3482,2026-06-20,Lisa Cook,Luxury,BMW i7,Kochi,Grey,Hybrid,Automatic,Online,1,16775929.0,10.0,16775929.0,1677592.9,15098336.1
3483,2024-10-04,Danielle Salazar,Individual,BMW X1,Bangalore,Red,Electric,Manual,Corporate,1,5527639.0,5.0,5527639.0,276381.95,5251257.05
3484,2024-05-18,Kayla Sutton,Individual,BMW 5 Series,Ahmedabad,Grey,Electric,Manual,Online,3,8420390.0,10.0,25261170.0,2526117.0,22735053.0
3485,2025-10-11,Joy Nelson,Individual,BMW 3 Series,Mumbai,Red,Petrol,Manual,Dealer,1,4908311.0,10.0,4908311.0,490831.1,4417479.9
3486,2024-07-14,Christian Fitzgerald,Luxury,BMW X5,Bangalore,Grey,Electric,Manual,Dealer,1,9673339.0,10.0,9673339.0,967333.9,8706005.1
3487,2025-02-07,Allison Lewis,Luxury,BMW 7 Series,Chennai,Silver,Petrol,Automatic,Online,3,15234296.0,2.0,45702888.0,914057.76,44788830.24
3488,2026-01-06,Michael Goodwin,Luxury,BMW X5,Delhi,Grey,Electric,Manual,Dealer,2,11037522.0,0.0,22075044.0,0.0,22075044.0
3489,2024-08-18,Jeremiah Sparks,Corporate,BMW 5 Series,Chennai,Grey,Diesel,Manual,Corporate,2,8321258.0,7.0,16642516.0,1164976.12,15477539.88
3490,2026-01-18,Scott Ellis,Corporate,BMW 3 Series,Bangalore,Silver,Hybrid,Manual,Dealer,1,5245562.0,7.0,5245562.0,367189.34,4878372.66
3491,2023-11-01,Pamela Mayo,Corporate,BMW 3 Series,Mumbai,Black,Hybrid,Manual,Corporate,3,6319743.0,7.0,18959229.0,1327146.03,17632082.97
3492,2024-05-28,Adam Hughes,Individual,BMW i5,Mumbai,Blue,Hybrid,Automatic,Corporate,1,9422918.0,10.0,9422918.0,942291.8,8480626.2
3493,2025-06-19,Andrew Morris,Individual,BMW i5,Mumbai,Silver,Petrol,Manual,Dealer,3,9834449.0,12.0,29503347.0,3540401.64,25962945.36
3494,2026-07-23,Kurt Barrett Jr.,Corporate,BMW X3,Pune,White,Diesel,Manual,Dealer,3,7434143.0,2.0,22302429.0,446048.58,21856380.42
3495,2026-03-31,Jared Ramirez,Individual,BMW X3,Jaipur,Black,Hybrid,Automatic,Online,3,7217730.0,12.0,21653190.0,2598382.8,19054807.2
3496,2023-08-13,Lindsey Dickson,Individual,BMW 3 Series,Bangalore,Red,Hybrid,Automatic,Corporate,2,5685931.0,7.0,11371862.0,796030.34,10575831.66
3497,2024-09-01,Lauren Smith,Luxury,BMW 7 Series,Pune,Black,Petrol,Automatic,Corporate,3,14617518.0,2.0,43852554.0,877051.08,42975502.92
3498,2024-10-21,Dawn Hunter,Corporate,BMW X5,Hyderabad,White,Hybrid,Automatic,Corporate,1,10499397.0,12.0,10499397.0,1259927.64,9239469.36
3499,2025-02-19,Amanda Brown,Luxury,BMW X1,Ahmedabad,White,Petrol,Manual,Corporate,2,6227862.0,10.0,12455724.0,1245572.4,11210151.6
3500,2025-08-04,Mrs. Crystal Garrett,Corporate,BMW X5,Pune,White,Hybrid,Automatic,Corporate,1,10023839.0,7.0,10023839.0,701668.73,9322170.27
3501,2025-04-28,Howard Reed,Individual,BMW 7 Series,Chennai,Blue,Petrol,Manual,Online,2,17914506.0,7.0,35829012.0,2508030.84,33320981.16
3502,2026-02-19,Alex Phelps,Individual,BMW i5,Ahmedabad,Grey,Diesel,Manual,Online,1,10733769.0,10.0,10733769.0,1073376.9,9660392.1
3503,2026-01-20,Scott Larson,Corporate,BMW i7,Bangalore,Silver,Petrol,Automatic,Corporate,3,16169006.0,2.0,48507018.0,970140.36,47536877.64
3504,2025-02-20,Andrea Brown,Corporate,BMW i7,Ahmedabad,Silver,Hybrid,Manual,Dealer,2,17051847.0,2.0,34103694.0,682073.88,33421620.12
3505,2025-04-04,Gary Williams,Luxury,BMW X3,Delhi,White,Electric,Manual,Online,3,6901120.0,5.0,20703360.0,1035168.0,19668192.0
3506,2025-10-19,Cheryl Fuller,Corporate,BMW i5,Ahmedabad,Blue,Hybrid,Automatic,Online,3,9345591.0,7.0,28036773.0,1962574.11,26074198.89
3507,2024-12-22,Robert Lucas,Individual,BMW X3,Mumbai,Black,Diesel,Automatic,Online,3,7587430.0,12.0,22762290.0,2731474.8,20030815.2
3508,2024-05-11,Sarah Whitney,Individual,BMW i5,Chennai,Blue,Hybrid,Manual,Corporate,2,10343660.0,2.0,20687320.0,413746.4,20273573.6
3509,2026-01-16,Christina Lucero,Luxury,BMW 3 Series,Chennai,Red,Petrol,Manual,Online,2,5690394.0,0.0,11380788.0,0.0,11380788.0
3510,2024-01-13,Lisa Graham,Corporate,BMW i4,Mumbai,Blue,Diesel,Manual,Corporate,2,8002191.0,2.0,16004382.0,320087.64,15684294.36
3511,2025-08-10,Michael Villa,Corporate,BMW 7 Series,Hyderabad,White,Petrol,Automatic,Corporate,2,17069956.0,10.0,34139912.0,3413991.2,30725920.8
3512,2024-01-02,Janet Jones,Luxury,BMW X1,Chennai,Blue,Petrol,Automatic,Online,1,6248713.0,12.0,6248713.0,749845.56,5498867.44
3513,2025-01-20,Debra Fleming,Individual,BMW 7 Series,Ahmedabad,Black,Hybrid,Automatic,Online,1,16027751.0,12.0,16027751.0,1923330.12,14104420.88
3514,2024-01-14,Jason Parker,Luxury,BMW X3,Bangalore,Grey,Petrol,Automatic,Dealer,2,7042375.0,5.0,14084750.0,704237.5,13380512.5
3515,2024-08-05,Kyle Hill,Corporate,BMW i5,Delhi,White,Electric,Manual,Online,3,9263976.0,2.0,27791928.0,555838.56,27236089.44
3516,2025-03-13,Mr. Jeffrey Reilly MD,Luxury,BMW 7 Series,Hyderabad,White,Electric,Manual,Online,3,18825199.0,12.0,56475597.0,6777071.64,49698525.36
3517,2023-09-11,Thomas Hamilton,Individual,BMW i4,Ahmedabad,Red,Petrol,Automatic,Online,2,7172847.0,2.0,14345694.0,286913.88,14058780.12
3518,2026-06-06,Ronald Booker,Individual,BMW 7 Series,Delhi,Grey,Electric,Automatic,Corporate,3,17900478.0,2.0,53701434.0,1074028.68,52627405.32
3519,2025-12-29,Robert Wood,Corporate,BMW X1,Hyderabad,Red,Petrol,Automatic,Online,3,6269015.0,0.0,18807045.0,0.0,18807045.0
3520,2024-06-22,Jacob Weiss,Luxury,BMW i4,Kolkata,Blue,Diesel,Manual,Online,3,7141670.0,5.0,21425010.0,1071250.5,20353759.5
3521,2025-10-03,Angela Harris,Luxury,BMW X1,Pune,Black,Electric,Automatic,Dealer,2,5667101.0,12.0,11334202.0,1360104.24,9974097.76
3522,2024-04-13,Joshua Lee,Corporate,BMW 5 Series,Kolkata,White,Petrol,Manual,Online,2,7798647.0,10.0,15597294.0,1559729.4,14037564.6
3523,2023-10-04,Kimberly Crawford,Luxury,BMW X3,Kochi,Blue,Diesel,Manual,Dealer,3,6971091.0,2.0,20913273.0,418265.46,20495007.54
3524,2026-03-26,George Mcneil,Individual,BMW X3,Pune,Red,Diesel,Manual,Corporate,3,6944620.0,12.0,20833860.0,2500063.2,18333796.8
3525,2023-12-29,Eugene Banks,Luxury,BMW i4,Jaipur,Grey,Diesel,Automatic,Dealer,1,8455241.0,5.0,8455241.0,422762.05,8032478.95
3526,2023-10-01,Scott Lynch,Luxury,BMW X1,Mumbai,Blue,Electric,Automatic,Corporate,2,5041300.0,2.0,10082600.0,201652.0,9880948.0
3527,2024-06-30,Michael Leonard,Individual,BMW X1,Chennai,Blue,Petrol,Automatic,Online,1,5379140.0,7.0,5379140.0,376539.8,5002600.2
3528,2024-05-23,Madeline Thomas,Luxury,BMW i4,Delhi,Red,Electric,Automatic,Online,3,7045379.0,10.0,21136137.0,2113613.7,19022523.3
3529,2024-01-20,Samuel Turner,Corporate,BMW 7 Series,Chennai,Black,Electric,Automatic,Dealer,1,16027757.0,5.0,16027757.0,801387.85,15226369.15
3530,2026-07-28,Jerry Cook,Corporate,BMW 7 Series,Mumbai,Black,Hybrid,Automatic,Online,2,15107875.0,0.0,30215750.0,0.0,30215750.0
3531,2023-09-28,Johnathan Fowler,Individual,BMW X5,Jaipur,Blue,Petrol,Manual,Dealer,1,11591516.0,10.0,11591516.0,1159151.6,10432364.4
3532,2025-03-17,Christopher Thompson,Corporate,BMW X3,Pune,Black,Diesel,Manual,Dealer,2,7324747.0,0.0,14649494.0,0.0,14649494.0
3533,2026-05-19,Andrew Obrien,Individual,BMW 7 Series,Pune,Grey,Petrol,Automatic,Corporate,3,15950940.0,0.0,47852820.0,0.0,47852820.0
3534,2023-12-10,Brittany Mayer,Individual,BMW X5,Chennai,White,Electric,Manual,Corporate,3,10965055.0,12.0,32895165.0,3947419.8,28947745.2
3535,2026-02-11,Bruce Orozco,Individual,BMW i4,Bangalore,Blue,Electric,Manual,Online,3,7698732.0,7.0,23096196.0,1616733.72,21479462.28
3536,2024-05-03,Sierra Taylor,Corporate,BMW X7,Mumbai,Silver,Diesel,Manual,Dealer,3,12728456.0,12.0,38185368.0,4582244.16,33603123.84
3537,2026-07-15,Anthony Mills,Luxury,BMW 3 Series,Kolkata,White,Petrol,Manual,Online,3,4752338.0,7.0,14257014.0,997990.98,13259023.02
3538,2026-03-22,Rachel Acevedo,Corporate,BMW X1,Pune,Grey,Hybrid,Automatic,Dealer,1,5275614.0,0.0,5275614.0,0.0,5275614.0
3539,2024-08-24,James Guerrero,Luxury,BMW X3,Hyderabad,Red,Hybrid,Manual,Corporate,2,6614787.0,10.0,13229574.0,1322957.4,11906616.6
3540,2025-07-24,Grant Wilkins,Luxury,BMW X7,Kochi,Blue,Diesel,Automatic,Online,2,13868111.0,0.0,27736222.0,0.0,27736222.0
3541,2026-03-29,Christina Smith,Individual,BMW 3 Series,Jaipur,Black,Petrol,Automatic,Online,3,4588149.0,10.0,13764447.0,1376444.7,12388002.3
3542,2024-03-18,Deanna Palmer,Luxury,BMW X7,Bangalore,White,Diesel,Manual,Corporate,1,15563393.0,12.0,15563393.0,1867607.16,13695785.84
3543,2026-05-03,Nicholas Wallace,Corporate,BMW i5,Jaipur,White,Petrol,Manual,Corporate,3,9205863.0,10.0,27617589.0,2761758.9,24855830.1
3544,2024-11-15,Christopher Tucker,Luxury,BMW 5 Series,Kolkata,Red,Petrol,Manual,Online,1,8467696.0,10.0,8467696.0,846769.6,7620926.4
3545,2024-06-05,Andrea Williams,Corporate,BMW i5,Pune,Blue,Hybrid,Automatic,Corporate,3,9185797.0,12.0,27557391.0,3306886.92,24250504.08
3546,2025-04-16,Kara Johnston,Corporate,BMW 3 Series,Kochi,Red,Diesel,Manual,Dealer,2,5300712.0,7.0,10601424.0,742099.68,9859324.32
3547,2025-09-25,James Hubbard,Individual,BMW i5,Chennai,Silver,Hybrid,Automatic,Corporate,2,9025231.0,2.0,18050462.0,361009.24,17689452.76
3548,2024-07-14,Cheryl Coleman,Corporate,BMW i5,Bangalore,Grey,Diesel,Automatic,Dealer,3,10411864.0,5.0,31235592.0,1561779.6,29673812.4
3549,2023-10-02,Joshua Spence,Luxury,BMW X5,Kolkata,Red,Diesel,Automatic,Dealer,1,10685804.0,7.0,10685804.0,748006.28,9937797.72
3550,2024-06-15,Andrea Trujillo,Luxury,BMW 3 Series,Kolkata,Red,Electric,Automatic,Online,2,5765967.0,10.0,11531934.0,1153193.4,10378740.6
3551,2026-06-03,Tim Walker,Corporate,BMW X5,Delhi,Grey,Petrol,Manual,Online,1,11801098.0,7.0,11801098.0,826076.86,10975021.14
3552,2025-07-11,Kristin Johnson,Corporate,BMW X3,Kochi,Red,Hybrid,Manual,Dealer,2,6574068.0,7.0,13148136.0,920369.52,12227766.48
3553,2024-11-26,Alexandra Lee,Corporate,BMW i5,Pune,Black,Hybrid,Manual,Online,2,10599836.0,0.0,21199672.0,0.0,21199672.0
3554,2024-07-30,Jamie Brown,Individual,BMW 3 Series,Pune,Grey,Diesel,Manual,Dealer,3,5902649.0,5.0,17707947.0,885397.35,16822549.65
3555,2024-07-31,Jesse Atkins,Individual,BMW i5,Chennai,Grey,Diesel,Automatic,Corporate,3,10921211.0,12.0,32763633.0,3931635.96,28831997.04
3556,2023-12-30,Joseph Stevens Jr.,Individual,BMW 3 Series,Hyderabad,Grey,Electric,Automatic,Online,3,5232933.0,5.0,15698799.0,784939.95,14913859.05
3557,2026-05-06,David Morgan,Corporate,BMW i4,Ahmedabad,White,Petrol,Manual,Corporate,1,7507414.0,12.0,7507414.0,900889.68,6606524.32
3558,2024-04-13,Andrea Fields,Corporate,BMW i5,Ahmedabad,Grey,Petrol,Manual,Corporate,3,9227048.0,2.0,27681144.0,553622.88,27127521.12
3559,2026-08-09,Marie Johnson,Corporate,BMW i4,Hyderabad,Blue,Petrol,Automatic,Online,1,7026456.0,2.0,7026456.0,140529.12,6885926.88
3560,2026-05-04,Daniel Newman,Luxury,BMW X5,Pune,Blue,Electric,Automatic,Corporate,3,9599719.0,0.0,28799157.0,0.0,28799157.0
3561,2025-11-25,Bradley Serrano,Luxury,BMW 3 Series,Kochi,Red,Hybrid,Manual,Online,3,5729243.0,2.0,17187729.0,343754.58,16843974.42
3562,2026-01-06,Kelsey Brewer,Corporate,BMW X1,Jaipur,Blue,Hybrid,Automatic,Dealer,2,6069551.0,2.0,12139102.0,242782.04,11896319.96
3563,2024-09-27,Fernando Navarro,Individual,BMW 3 Series,Mumbai,Red,Diesel,Automatic,Dealer,2,6174227.0,2.0,12348454.0,246969.08,12101484.92
3564,2026-03-20,Chelsea Jones,Individual,BMW i7,Bangalore,White,Electric,Automatic,Online,1,15220750.0,5.0,15220750.0,761037.5,14459712.5
3565,2023-11-02,Steven White,Corporate,BMW X3,Bangalore,Silver,Hybrid,Manual,Online,3,7417887.0,10.0,22253661.0,2225366.1,20028294.9
3566,2026-06-07,Brenda Mckenzie,Individual,BMW X7,Hyderabad,Silver,Diesel,Manual,Corporate,3,14147419.0,7.0,42442257.0,2970957.99,39471299.01
3567,2025-07-21,Angela Koch,Luxury,BMW i7,Kolkata,White,Hybrid,Manual,Online,1,14657508.0,5.0,14657508.0,732875.4,13924632.6
3568,2024-06-22,Craig Reese,Corporate,BMW 3 Series,Chennai,Black,Diesel,Automatic,Dealer,1,4847987.0,2.0,4847987.0,96959.74,4751027.26
3569,2023-08-30,Anne Owen,Luxury,BMW X5,Kolkata,White,Electric,Automatic,Online,2,11463344.0,0.0,22926688.0,0.0,22926688.0
3570,2026-08-04,Sean King,Corporate,BMW i5,Kochi,Black,Diesel,Automatic,Dealer,1,10544717.0,5.0,10544717.0,527235.85,10017481.15
3571,2024-08-16,Aaron Day,Individual,BMW X7,Kolkata,Red,Petrol,Automatic,Corporate,1,13809240.0,12.0,13809240.0,1657108.8,12152131.2
3572,2024-04-29,Crystal Sanchez,Luxury,BMW 7 Series,Ahmedabad,Blue,Hybrid,Automatic,Corporate,3,18422511.0,5.0,55267533.0,2763376.65,52504156.35
3573,2025-03-17,Paul Owens,Luxury,BMW X7,Mumbai,White,Hybrid,Manual,Online,1,13746022.0,5.0,13746022.0,687301.1,13058720.9
3574,2025-10-14,Diane Anderson,Corporate,BMW i5,Delhi,Black,Diesel,Automatic,Corporate,2,9634904.0,2.0,19269808.0,385396.16,18884411.84
3575,2024-10-07,Taylor Gonzales,Individual,BMW i5,Hyderabad,Grey,Diesel,Automatic,Online,3,9526515.0,10.0,28579545.0,2857954.5,25721590.5
3576,2024-12-27,Tiffany Miller,Individual,BMW X1,Ahmedabad,Black,Diesel,Automatic,Corporate,2,5161081.0,5.0,10322162.0,516108.1,9806053.9
3577,2024-10-25,Leonard Greene,Individual,BMW 3 Series,Hyderabad,Silver,Petrol,Manual,Corporate,3,5297460.0,7.0,15892380.0,1112466.6,14779913.4
3578,2025-11-15,Jennifer Clark,Corporate,BMW X1,Kochi,Black,Petrol,Manual,Dealer,1,5857240.0,7.0,5857240.0,410006.8,5447233.2
3579,2023-10-20,Patrick Smith,Corporate,BMW i5,Kochi,Black,Diesel,Manual,Corporate,3,10747582.0,0.0,32242746.0,0.0,32242746.0
3580,2026-02-10,Victoria Garcia,Corporate,BMW i7,Hyderabad,Grey,Hybrid,Automatic,Dealer,2,17726181.0,12.0,35452362.0,4254283.44,31198078.56
3581,2025-07-27,Donna Lopez,Luxury,BMW 3 Series,Mumbai,Black,Diesel,Automatic,Dealer,1,5049104.0,5.0,5049104.0,252455.2,4796648.8
3582,2024-10-13,Jeffrey Tucker,Luxury,BMW 5 Series,Jaipur,Black,Electric,Automatic,Corporate,1,7828520.0,5.0,7828520.0,391426.0,7437094.0
3583,2024-01-17,Wyatt King,Corporate,BMW X1,Hyderabad,Grey,Petrol,Manual,Online,3,5660315.0,0.0,16980945.0,0.0,16980945.0
3584,2024-09-05,Christina Torres,Corporate,BMW 3 Series,Jaipur,Red,Electric,Automatic,Online,2,5257404.0,0.0,10514808.0,0.0,10514808.0
3585,2025-11-09,Mary Hurley,Individual,BMW 5 Series,Delhi,Red,Diesel,Automatic,Dealer,3,7885341.0,7.0,23656023.0,1655921.61,22000101.39
3586,2025-02-28,Douglas Holmes,Individual,BMW 5 Series,Delhi,Blue,Electric,Manual,Dealer,2,8197275.0,7.0,16394550.0,1147618.5,15246931.5
3587,2024-10-10,Jessica Jennings,Luxury,BMW i4,Pune,Blue,Petrol,Manual,Online,2,8387040.0,10.0,16774080.0,1677408.0,15096672.0
3588,2025-07-18,Lisa Hutchinson,Luxury,BMW 3 Series,Mumbai,Blue,Hybrid,Automatic,Dealer,2,4950456.0,5.0,9900912.0,495045.6,9405866.4
3589,2024-07-27,Robert Rogers,Individual,BMW X1,Kochi,Grey,Electric,Automatic,Corporate,3,5223436.0,2.0,15670308.0,313406.16,15356901.84
3590,2024-11-02,Stephanie Carr,Corporate,BMW X7,Delhi,Black,Diesel,Automatic,Online,1,12296991.0,7.0,12296991.0,860789.37,11436201.63
3591,2025-09-20,Kelsey Hinton,Corporate,BMW X5,Mumbai,Red,Petrol,Manual,Online,3,9774171.0,12.0,29322513.0,3518701.56,25803811.44
3592,2025-06-18,Johnny Short,Corporate,BMW X1,Bangalore,Black,Hybrid,Manual,Online,1,6437482.0,0.0,6437482.0,0.0,6437482.0
3593,2023-11-14,Matthew Wilson,Individual,BMW 5 Series,Hyderabad,Black,Hybrid,Manual,Dealer,1,7175532.0,7.0,7175532.0,502287.24,6673244.76
3594,2023-10-17,Allison Hurst,Luxury,BMW X3,Ahmedabad,Grey,Electric,Manual,Corporate,3,7109417.0,7.0,21328251.0,1492977.57,19835273.43
3595,2023-09-11,Anna Braun,Individual,BMW i7,Jaipur,Blue,Petrol,Manual,Corporate,2,16478590.0,10.0,32957180.0,3295718.0,29661462.0
3596,2025-08-07,Robin Smith,Individual,BMW X1,Kolkata,Grey,Hybrid,Automatic,Online,1,5223396.0,0.0,5223396.0,0.0,5223396.0
3597,2024-04-07,Angela Vasquez,Individual,BMW i4,Mumbai,Red,Electric,Automatic,Dealer,2,8371206.0,5.0,16742412.0,837120.6,15905291.4
3598,2023-10-08,Joshua Reynolds,Individual,BMW i4,Jaipur,Grey,Petrol,Manual,Dealer,1,7216559.0,0.0,7216559.0,0.0,7216559.0
3599,2025-04-10,Jennifer Martinez,Individual,BMW X3,Kochi,Blue,Electric,Manual,Online,1,6549547.0,0.0,6549547.0,0.0,6549547.0
3600,2024-05-08,Diana Watts,Luxury,BMW X5,Kochi,White,Diesel,Automatic,Corporate,2,11273662.0,5.0,22547324.0,1127366.2,21419957.8
3601,2024-12-18,Amanda Johnson,Individual,BMW i5,Delhi,Grey,Electric,Manual,Dealer,3,10391653.0,12.0,31174959.0,3740995.08,27433963.92
3602,2026-05-23,Steven Sanchez,Individual,BMW i7,Bangalore,White,Diesel,Manual,Dealer,3,16013454.0,0.0,48040362.0,0.0,48040362.0
3603,2023-12-05,Joshua Schaefer,Luxury,BMW 3 Series,Delhi,Red,Diesel,Manual,Online,3,5794338.0,10.0,17383014.0,1738301.4,15644712.6
3604,2026-07-09,Robert Gonzalez,Individual,BMW X5,Mumbai,Silver,Hybrid,Manual,Dealer,3,11118652.0,0.0,33355956.0,0.0,33355956.0
3605,2024-09-28,Stephen Edwards,Luxury,BMW i4,Mumbai,Silver,Diesel,Manual,Online,2,8191025.0,7.0,16382050.0,1146743.5,15235306.5
3606,2026-04-10,Elizabeth Kim,Luxury,BMW 7 Series,Mumbai,Grey,Electric,Automatic,Dealer,2,18698941.0,10.0,37397882.0,3739788.2,33658093.8
3607,2024-08-03,Michael May,Individual,BMW i4,Kolkata,Black,Electric,Automatic,Online,2,8160580.0,12.0,16321160.0,1958539.2,14362620.8
3608,2023-11-01,Daisy Schmitt DVM,Individual,BMW i7,Mumbai,Red,Hybrid,Manual,Online,1,17317824.0,7.0,17317824.0,1212247.68,16105576.32
3609,2025-05-20,Bill Braun,Corporate,BMW 3 Series,Pune,Black,Hybrid,Automatic,Online,3,5263022.0,12.0,15789066.0,1894687.92,13894378.08
3610,2025-08-18,Nicholas Schroeder,Individual,BMW i7,Hyderabad,Grey,Diesel,Manual,Online,3,14496783.0,0.0,43490349.0,0.0,43490349.0
3611,2025-01-12,Whitney Savage,Corporate,BMW i7,Jaipur,Blue,Hybrid,Manual,Dealer,1,16568405.0,5.0,16568405.0,828420.25,15739984.75
3612,2026-02-14,Emily Johnson,Luxury,BMW i7,Jaipur,Black,Petrol,Manual,Corporate,3,16910686.0,7.0,50732058.0,3551244.06,47180813.94
3613,2025-04-08,Dr. Adam Crawford,Luxury,BMW X5,Pune,Red,Diesel,Manual,Dealer,1,11538421.0,2.0,11538421.0,230768.42,11307652.58
3614,2025-05-26,Robert Baker,Corporate,BMW i4,Bangalore,Silver,Diesel,Manual,Dealer,2,8134572.0,7.0,16269144.0,1138840.08,15130303.92
3615,2024-11-17,Russell Sanchez,Individual,BMW i7,Chennai,White,Hybrid,Automatic,Dealer,1,15381046.0,10.0,15381046.0,1538104.6,13842941.4
3616,2024-05-21,Laurie Adams,Individual,BMW 5 Series,Bangalore,Black,Electric,Manual,Online,3,7899266.0,0.0,23697798.0,0.0,23697798.0
3617,2026-06-02,Jon Valdez,Individual,BMW 5 Series,Kochi,Blue,Electric,Automatic,Dealer,1,7464004.0,10.0,7464004.0,746400.4,6717603.6
3618,2024-12-14,Shannon Bell,Luxury,BMW X1,Chennai,Red,Diesel,Automatic,Online,3,5098311.0,12.0,15294933.0,1835391.96,13459541.04
3619,2026-01-23,Christine Hernandez,Individual,BMW X7,Kochi,Silver,Hybrid,Manual,Dealer,1,14619315.0,12.0,14619315.0,1754317.8,12864997.2
3620,2024-10-10,Monica Lucas,Luxury,BMW X1,Bangalore,Blue,Petrol,Manual,Online,2,5128684.0,12.0,10257368.0,1230884.16,9026483.84
3621,2025-07-04,Katie Murray,Individual,BMW X1,Kolkata,Grey,Petrol,Automatic,Dealer,2,5760848.0,12.0,11521696.0,1382603.52,10139092.48
3622,2025-12-23,Melissa Crawford MD,Luxury,BMW i5,Jaipur,Grey,Diesel,Automatic,Corporate,1,9285658.0,0.0,9285658.0,0.0,9285658.0
3623,2023-11-09,Patrick Sullivan,Individual,BMW X7,Delhi,Black,Diesel,Automatic,Dealer,2,12509877.0,7.0,25019754.0,1751382.78,23268371.22
3624,2026-04-29,Matthew Nicholson,Corporate,BMW X7,Delhi,Silver,Hybrid,Automatic,Corporate,1,15206868.0,12.0,15206868.0,1824824.16,13382043.84
3625,2026-02-19,Raymond Ramirez,Corporate,BMW X1,Pune,Black,Hybrid,Manual,Online,3,6312137.0,10.0,18936411.0,1893641.1,17042769.9
3626,2026-04-30,Donna Thomas,Luxury,BMW 3 Series,Mumbai,Silver,Petrol,Automatic,Dealer,1,4808998.0,10.0,4808998.0,480899.8,4328098.2
3627,2025-05-02,Emily Gonzalez,Individual,BMW X5,Hyderabad,Grey,Hybrid,Automatic,Online,1,11738333.0,12.0,11738333.0,1408599.96,10329733.04
3628,2025-07-21,Melanie Luna,Individual,BMW i7,Mumbai,Red,Electric,Automatic,Online,3,15933974.0,5.0,47801922.0,2390096.1,45411825.9
3629,2024-05-02,Matthew Jackson,Luxury,BMW 7 Series,Kochi,Blue,Electric,Automatic,Corporate,2,17476862.0,5.0,34953724.0,1747686.2,33206037.8
3630,2024-04-15,Bobby Waters,Individual,BMW X7,Jaipur,Black,Petrol,Manual,Dealer,3,13824548.0,0.0,41473644.0,0.0,41473644.0
3631,2025-07-27,Tina Yang,Luxury,BMW 3 Series,Kolkata,Silver,Petrol,Manual,Online,1,5040024.0,10.0,5040024.0,504002.4,4536021.6
3632,2026-01-25,Douglas Davenport,Luxury,BMW i4,Bangalore,Blue,Petrol,Manual,Dealer,2,7700330.0,12.0,15400660.0,1848079.2,13552580.8
3633,2025-02-25,Sean Hanson,Luxury,BMW i4,Jaipur,White,Electric,Automatic,Dealer,3,8004345.0,0.0,24013035.0,0.0,24013035.0
3634,2026-06-25,Ronnie Mitchell,Individual,BMW 3 Series,Delhi,White,Petrol,Manual,Corporate,1,5318253.0,7.0,5318253.0,372277.71,4945975.29
3635,2024-07-20,Juan Bradley,Luxury,BMW X7,Kolkata,White,Diesel,Manual,Online,1,15040224.0,2.0,15040224.0,300804.48,14739419.52
3636,2026-05-28,Kimberly Richards,Luxury,BMW 5 Series,Jaipur,Red,Electric,Manual,Corporate,1,8169970.0,2.0,8169970.0,163399.4,8006570.6
3637,2024-07-30,Nicholas Christensen,Luxury,BMW i7,Kochi,White,Hybrid,Automatic,Online,2,17990410.0,7.0,35980820.0,2518657.4,33462162.6
3638,2025-01-08,Troy Williams,Luxury,BMW i4,Kochi,Red,Diesel,Manual,Online,2,7662379.0,0.0,15324758.0,0.0,15324758.0
3639,2025-04-29,Cory Wilson,Corporate,BMW X3,Bangalore,Silver,Diesel,Manual,Dealer,1,6654120.0,7.0,6654120.0,465788.4,6188331.6
3640,2025-07-04,Christine Roy,Individual,BMW X1,Jaipur,Grey,Hybrid,Manual,Dealer,1,5892750.0,5.0,5892750.0,294637.5,5598112.5
3641,2025-10-10,Christopher Riddle,Individual,BMW 7 Series,Pune,White,Diesel,Automatic,Dealer,2,18660802.0,12.0,37321604.0,4478592.48,32843011.52
3642,2024-05-26,Ronald Rodriguez,Luxury,BMW i5,Chennai,Black,Diesel,Automatic,Online,2,9758107.0,2.0,19516214.0,390324.28,19125889.72
3643,2023-10-11,Matthew Hill,Corporate,BMW i5,Hyderabad,White,Petrol,Automatic,Corporate,2,10072224.0,2.0,20144448.0,402888.96,19741559.04
3644,2024-03-24,Micheal Martinez,Luxury,BMW i5,Jaipur,Silver,Hybrid,Automatic,Online,1,9425140.0,2.0,9425140.0,188502.8,9236637.2
3645,2025-01-18,Maria Smith,Individual,BMW X5,Delhi,White,Petrol,Manual,Dealer,2,11784924.0,2.0,23569848.0,471396.96,23098451.04
3646,2026-07-12,Nicholas Koch,Corporate,BMW 5 Series,Kochi,Blue,Diesel,Manual,Corporate,1,7442017.0,10.0,7442017.0,744201.7,6697815.3
3647,2025-10-05,Dustin Mcintosh,Luxury,BMW 5 Series,Kolkata,Grey,Hybrid,Automatic,Online,3,7930002.0,2.0,23790006.0,475800.12,23314205.88
3648,2026-04-10,Katelyn Farmer,Corporate,BMW X5,Bangalore,Silver,Electric,Manual,Dealer,3,10158548.0,12.0,30475644.0,3657077.28,26818566.72
3649,2024-05-28,Daniel Silva,Luxury,BMW 3 Series,Chennai,Red,Petrol,Manual,Corporate,1,5262172.0,0.0,5262172.0,0.0,5262172.0
3650,2024-04-22,John Austin,Individual,BMW X3,Hyderabad,White,Petrol,Automatic,Online,2,6770157.0,2.0,13540314.0,270806.28,13269507.72
3651,2025-12-31,Kevin Smith,Luxury,BMW 3 Series,Ahmedabad,Blue,Petrol,Automatic,Corporate,1,4782361.0,2.0,4782361.0,95647.22,4686713.78
3652,2024-09-06,Kelly Pratt,Luxury,BMW i5,Mumbai,Silver,Electric,Automatic,Online,3,9005915.0,2.0,27017745.0,540354.9,26477390.1
3653,2026-02-01,Mary Browning,Luxury,BMW X1,Ahmedabad,Black,Hybrid,Automatic,Dealer,1,5693935.0,10.0,5693935.0,569393.5,5124541.5
3654,2025-10-11,Timothy Boyle,Corporate,BMW i7,Bangalore,Grey,Diesel,Automatic,Online,2,17654078.0,12.0,35308156.0,4236978.72,31071177.28
3655,2026-03-07,Laura Rowe,Individual,BMW i7,Kolkata,Silver,Electric,Automatic,Dealer,3,17507060.0,7.0,52521180.0,3676482.6,48844697.4
3656,2025-06-14,Sarah Wright,Individual,BMW 3 Series,Delhi,Black,Petrol,Manual,Online,2,5283949.0,5.0,10567898.0,528394.9,10039503.1
3657,2024-06-28,Sean Ritter,Luxury,BMW X7,Delhi,Black,Electric,Manual,Online,2,14433891.0,0.0,28867782.0,0.0,28867782.0
3658,2025-08-10,Scott Schultz,Corporate,BMW i5,Chennai,Silver,Petrol,Manual,Online,2,9209405.0,12.0,18418810.0,2210257.2,16208552.8
3659,2026-04-11,Kevin Bell,Corporate,BMW 7 Series,Kochi,Red,Petrol,Automatic,Dealer,3,17463439.0,2.0,52390317.0,1047806.34,51342510.66
3660,2024-08-15,Daniel Fowler,Individual,BMW 5 Series,Pune,Silver,Hybrid,Manual,Corporate,2,6512732.0,0.0,13025464.0,0.0,13025464.0
3661,2026-07-29,Jonathan Sanchez,Luxury,BMW X1,Bangalore,Blue,Electric,Automatic,Dealer,1,5691842.0,12.0,5691842.0,683021.04,5008820.96
3662,2024-08-26,Brandon Gilbert,Luxury,BMW 7 Series,Hyderabad,Red,Diesel,Manual,Online,1,18636169.0,5.0,18636169.0,931808.45,17704360.55
3663,2024-10-25,Wayne Walton,Corporate,BMW X3,Mumbai,Black,Electric,Manual,Dealer,2,7233670.0,12.0,14467340.0,1736080.8,12731259.2
3664,2025-01-05,Joseph Thomas,Corporate,BMW X5,Mumbai,Black,Petrol,Automatic,Dealer,2,11999026.0,0.0,23998052.0,0.0,23998052.0
3665,2024-06-25,Taylor Welch,Luxury,BMW X5,Pune,White,Hybrid,Manual,Corporate,3,11624592.0,7.0,34873776.0,2441164.32,32432611.68
3666,2023-09-19,Christopher Douglas,Corporate,BMW i5,Jaipur,White,Petrol,Manual,Corporate,2,9371548.0,0.0,18743096.0,0.0,18743096.0
3667,2026-04-14,Jesse Brown,Individual,BMW i7,Chennai,Blue,Petrol,Manual,Corporate,1,14998075.0,5.0,14998075.0,749903.75,14248171.25
3668,2024-08-28,Rebecca Randolph,Luxury,BMW X7,Bangalore,White,Diesel,Manual,Online,2,15352392.0,2.0,30704784.0,614095.68,30090688.32
3669,2026-05-24,Angela Freeman,Corporate,BMW X3,Pune,Blue,Electric,Manual,Online,1,7750442.0,0.0,7750442.0,0.0,7750442.0
3670,2024-10-18,Molly Roberts,Luxury,BMW i4,Ahmedabad,Black,Diesel,Manual,Corporate,3,8257419.0,0.0,24772257.0,0.0,24772257.0
3671,2025-05-08,Chelsea Daniels,Corporate,BMW X1,Chennai,Grey,Hybrid,Automatic,Online,2,6486128.0,5.0,12972256.0,648612.8,12323643.2
3672,2026-06-05,Nicole Perkins,Individual,BMW X5,Bangalore,Red,Electric,Manual,Dealer,2,9868105.0,0.0,19736210.0,0.0,19736210.0
3673,2023-11-30,Mikayla Lopez,Individual,BMW X5,Hyderabad,White,Hybrid,Manual,Dealer,1,10261409.0,2.0,10261409.0,205228.18,10056180.82
3674,2026-02-05,Nancy Harris,Luxury,BMW i5,Mumbai,Silver,Petrol,Automatic,Corporate,2,9571043.0,7.0,19142086.0,1339946.02,17802139.98
3675,2025-07-14,Melissa Lewis,Corporate,BMW i7,Jaipur,White,Petrol,Manual,Online,3,16460846.0,12.0,49382538.0,5925904.56,43456633.44
3676,2025-04-22,Marcia Watson,Corporate,BMW 5 Series,Bangalore,Red,Hybrid,Automatic,Dealer,1,8068042.0,12.0,8068042.0,968165.04,7099876.96
3677,2024-04-20,Jeremy Rice,Individual,BMW X5,Kolkata,Red,Hybrid,Manual,Corporate,1,9704005.0,2.0,9704005.0,194080.1,9509924.9
3678,2025-02-05,Mr. Derrick Andrews DVM,Individual,BMW X5,Jaipur,Silver,Petrol,Manual,Corporate,2,11647910.0,10.0,23295820.0,2329582.0,20966238.0
3679,2025-05-12,Angela Vazquez,Corporate,BMW i4,Kolkata,Silver,Petrol,Automatic,Dealer,1,8461036.0,0.0,8461036.0,0.0,8461036.0
3680,2026-01-02,Brandon Marsh,Corporate,BMW i4,Kochi,Red,Electric,Manual,Online,3,7596780.0,10.0,22790340.0,2279034.0,20511306.0
3681,2024-12-08,Terry Cruz,Luxury,BMW X3,Delhi,Grey,Hybrid,Automatic,Online,1,7081128.0,0.0,7081128.0,0.0,7081128.0
3682,2023-08-18,Jody Reyes,Corporate,BMW 7 Series,Kolkata,White,Electric,Manual,Corporate,2,16880310.0,12.0,33760620.0,4051274.4,29709345.6
3683,2024-05-09,William Klein,Luxury,BMW 5 Series,Kolkata,White,Electric,Automatic,Corporate,3,6564996.0,5.0,19694988.0,984749.4,18710238.6
3684,2024-11-08,Elizabeth Edwards,Luxury,BMW X5,Kochi,Silver,Hybrid,Manual,Online,2,9727290.0,10.0,19454580.0,1945458.0,17509122.0
3685,2024-09-26,Sean Curtis,Corporate,BMW i4,Jaipur,Blue,Hybrid,Automatic,Online,3,7467598.0,7.0,22402794.0,1568195.58,20834598.42
3686,2024-02-27,Cindy Gutierrez,Luxury,BMW i5,Delhi,Silver,Petrol,Manual,Dealer,1,10727657.0,5.0,10727657.0,536382.85,10191274.15
3687,2023-10-16,Jenna Baldwin,Corporate,BMW 3 Series,Ahmedabad,Silver,Hybrid,Manual,Dealer,3,5867667.0,0.0,17603001.0,0.0,17603001.0
3688,2023-12-15,Cathy Gonzalez,Luxury,BMW X1,Pune,Silver,Petrol,Manual,Corporate,1,6379063.0,12.0,6379063.0,765487.56,5613575.44
3689,2024-06-30,Cory Marquez,Corporate,BMW X1,Kolkata,White,Diesel,Manual,Dealer,1,6224460.0,2.0,6224460.0,124489.2,6099970.8
3690,2024-01-03,Gregory Knight,Luxury,BMW X1,Mumbai,Red,Electric,Automatic,Online,3,5857316.0,10.0,17571948.0,1757194.8,15814753.2
3691,2025-01-02,Johnny Hicks,Individual,BMW 3 Series,Hyderabad,Silver,Hybrid,Manual,Dealer,1,4970198.0,2.0,4970198.0,99403.96,4870794.04
3692,2026-08-03,Mrs. Connie Grant,Corporate,BMW i4,Mumbai,Silver,Electric,Automatic,Corporate,3,7657587.0,12.0,22972761.0,2756731.32,20216029.68
3693,2023-12-12,Dylan Peters,Individual,BMW i4,Hyderabad,Black,Diesel,Automatic,Dealer,3,7550464.0,12.0,22651392.0,2718167.04,19933224.96
3694,2024-02-22,Christopher Smith,Luxury,BMW X3,Ahmedabad,Grey,Electric,Automatic,Dealer,1,7521939.0,5.0,7521939.0,376096.95,7145842.05
3695,2025-10-05,Amanda Bishop,Individual,BMW X5,Pune,Grey,Petrol,Automatic,Dealer,2,11044109.0,12.0,22088218.0,2650586.16,19437631.84
3696,2025-01-23,Justin Chambers,Corporate,BMW X7,Bangalore,White,Hybrid,Manual,Online,2,13972428.0,0.0,27944856.0,0.0,27944856.0
3697,2026-07-22,David Clark,Luxury,BMW i7,Delhi,Black,Diesel,Automatic,Corporate,2,17352593.0,7.0,34705186.0,2429363.02,32275822.98
3698,2024-05-10,Steven Warner,Corporate,BMW X1,Kochi,Grey,Petrol,Manual,Dealer,3,5195546.0,2.0,15586638.0,311732.76,15274905.24
3699,2025-06-19,Sean Graham,Corporate,BMW i4,Kolkata,White,Diesel,Automatic,Online,1,7216778.0,2.0,7216778.0,144335.56,7072442.44
3700,2025-11-20,Dominique Rosales,Corporate,BMW X3,Delhi,Blue,Diesel,Automatic,Online,3,7379223.0,12.0,22137669.0,2656520.28,19481148.72
3701,2025-10-24,Rachel Howell,Individual,BMW X5,Pune,Black,Diesel,Manual,Corporate,3,10926522.0,5.0,32779566.0,1638978.3,31140587.7
3702,2025-06-17,Deanna Coleman,Individual,BMW X5,Kolkata,Grey,Electric,Automatic,Corporate,2,9527753.0,7.0,19055506.0,1333885.42,17721620.58
3703,2024-06-28,Amanda Jones,Luxury,BMW 7 Series,Ahmedabad,Silver,Petrol,Manual,Online,1,17438847.0,10.0,17438847.0,1743884.7,15694962.3
3704,2026-02-06,Belinda Berger,Luxury,BMW 3 Series,Chennai,Silver,Diesel,Manual,Online,1,5589572.0,12.0,5589572.0,670748.64,4918823.36
3705,2026-04-23,Claudia Oconnell,Individual,BMW 7 Series,Kolkata,Silver,Diesel,Automatic,Corporate,1,18721157.0,2.0,18721157.0,374423.14,18346733.86
3706,2025-08-09,Robert Garrison,Luxury,BMW i4,Pune,Grey,Petrol,Manual,Dealer,3,7707073.0,0.0,23121219.0,0.0,23121219.0
3707,2025-03-02,Dana Haney,Individual,BMW X7,Ahmedabad,Blue,Petrol,Automatic,Dealer,3,12099644.0,0.0,36298932.0,0.0,36298932.0
3708,2024-05-13,Kathleen Taylor,Corporate,BMW X1,Kochi,Red,Petrol,Manual,Corporate,2,5437854.0,5.0,10875708.0,543785.4,10331922.6
3709,2024-01-03,Tara Fitzgerald,Luxury,BMW i4,Hyderabad,Silver,Petrol,Automatic,Dealer,2,7240134.0,2.0,14480268.0,289605.36,14190662.64
3710,2023-11-08,Caitlin Dennis,Luxury,BMW X1,Kochi,Red,Diesel,Manual,Corporate,1,6332096.0,12.0,6332096.0,759851.52,5572244.48
3711,2023-11-11,Andrea Stephens,Individual,BMW 7 Series,Bangalore,Black,Hybrid,Automatic,Dealer,2,14020505.0,2.0,28041010.0,560820.2,27480189.8
3712,2026-03-29,James Hammond,Luxury,BMW X7,Chennai,White,Diesel,Automatic,Online,1,15631814.0,10.0,15631814.0,1563181.4,14068632.6
3713,2024-11-30,Maria Todd,Corporate,BMW i4,Delhi,Blue,Electric,Manual,Corporate,2,7381327.0,0.0,14762654.0,0.0,14762654.0
3714,2025-09-03,Brian Downs,Corporate,BMW i5,Jaipur,Red,Diesel,Automatic,Dealer,2,10864658.0,2.0,21729316.0,434586.32,21294729.68
3715,2024-01-13,Christopher Becker,Individual,BMW 7 Series,Hyderabad,Silver,Petrol,Automatic,Online,3,18349938.0,12.0,55049814.0,6605977.68,48443836.32
3716,2025-11-10,Tina Burch,Luxury,BMW i7,Jaipur,Grey,Hybrid,Manual,Corporate,2,14222364.0,5.0,28444728.0,1422236.4,27022491.6
3717,2024-08-29,Robert Thomas,Luxury,BMW X5,Hyderabad,Black,Hybrid,Automatic,Online,2,10635615.0,7.0,21271230.0,1488986.1,19782243.9
3718,2025-02-23,William Cannon,Corporate,BMW X3,Ahmedabad,Blue,Electric,Automatic,Online,3,6826382.0,12.0,20479146.0,2457497.52,18021648.48
3719,2025-08-12,John Miller,Luxury,BMW X1,Ahmedabad,Blue,Hybrid,Manual,Corporate,2,6153669.0,12.0,12307338.0,1476880.56,10830457.44
3720,2024-07-24,Heather Potter,Corporate,BMW X3,Chennai,Silver,Electric,Manual,Online,1,7425932.0,12.0,7425932.0,891111.84,6534820.16
3721,2026-05-04,Cathy Krause MD,Luxury,BMW i4,Ahmedabad,White,Hybrid,Automatic,Online,2,7110850.0,0.0,14221700.0,0.0,14221700.0
3722,2025-07-16,Natalie Reynolds,Luxury,BMW 7 Series,Kolkata,White,Diesel,Manual,Corporate,1,18382650.0,10.0,18382650.0,1838265.0,16544385.0
3723,2024-02-09,Kimberly Edwards,Individual,BMW 5 Series,Kolkata,Black,Petrol,Manual,Online,1,7039298.0,7.0,7039298.0,492750.86,6546547.14
3724,2024-10-17,Nathan Sanchez,Luxury,BMW 5 Series,Jaipur,Blue,Hybrid,Manual,Corporate,2,8474481.0,0.0,16948962.0,0.0,16948962.0
3725,2026-02-09,Kevin Jacobs,Corporate,BMW 3 Series,Mumbai,Grey,Hybrid,Manual,Corporate,3,4655756.0,12.0,13967268.0,1676072.16,12291195.84
3726,2025-02-16,Kenneth Rivera,Individual,BMW X5,Bangalore,Red,Diesel,Automatic,Online,2,10105427.0,10.0,20210854.0,2021085.4,18189768.6
3727,2024-11-01,Christopher Banks,Corporate,BMW 7 Series,Jaipur,Silver,Electric,Automatic,Dealer,1,17027983.0,5.0,17027983.0,851399.15,16176583.85
3728,2024-01-09,Dawn Martinez,Luxury,BMW 5 Series,Kochi,Red,Electric,Automatic,Online,1,7766533.0,10.0,7766533.0,776653.3,6989879.7
3729,2026-03-07,Shelby Richardson,Individual,BMW 3 Series,Bangalore,Red,Hybrid,Manual,Online,1,5488348.0,12.0,5488348.0,658601.76,4829746.24
3730,2024-12-20,Matthew Jackson,Corporate,BMW 7 Series,Chennai,Black,Petrol,Manual,Dealer,2,18022659.0,12.0,36045318.0,4325438.16,31719879.84
3731,2026-07-05,Jacob Johnson,Luxury,BMW X3,Mumbai,Red,Electric,Manual,Online,2,6971723.0,10.0,13943446.0,1394344.6,12549101.4
3732,2026-04-27,Alexis Dunn,Individual,BMW i4,Hyderabad,Black,Petrol,Manual,Dealer,2,8359199.0,7.0,16718398.0,1170287.86,15548110.14
3733,2026-05-13,Rebecca Richardson,Individual,BMW 3 Series,Kochi,Silver,Hybrid,Automatic,Online,1,6440188.0,0.0,6440188.0,0.0,6440188.0
3734,2024-11-12,Mitchell Gonzalez,Individual,BMW i5,Pune,Black,Electric,Automatic,Online,3,9058881.0,2.0,27176643.0,543532.86,26633110.14
3735,2025-05-20,Debra Diaz,Individual,BMW X3,Kochi,Silver,Diesel,Automatic,Dealer,1,7493117.0,12.0,7493117.0,899174.04,6593942.96
3736,2025-08-05,Dakota Moody,Luxury,BMW 3 Series,Hyderabad,Red,Hybrid,Manual,Online,2,5800452.0,5.0,11600904.0,580045.2,11020858.8
3737,2026-07-23,April Henderson,Corporate,BMW X5,Mumbai,Silver,Hybrid,Manual,Dealer,2,11271090.0,10.0,22542180.0,2254218.0,20287962.0
3738,2024-12-03,Kristina Terry,Individual,BMW X5,Hyderabad,Silver,Electric,Automatic,Online,3,11108842.0,12.0,33326526.0,3999183.12,29327342.88
3739,2024-11-04,Wesley Miller,Corporate,BMW 5 Series,Kolkata,Silver,Diesel,Manual,Dealer,1,7096038.0,5.0,7096038.0,354801.9,6741236.1
3740,2025-02-18,Jason Anderson,Corporate,BMW X5,Bangalore,Red,Diesel,Manual,Online,1,10287078.0,7.0,10287078.0,720095.46,9566982.54
3741,2025-12-18,Laura Klein,Luxury,BMW i7,Kochi,Black,Hybrid,Automatic,Online,2,15876064.0,10.0,31752128.0,3175212.8,28576915.2
3742,2024-10-23,Traci Silva,Luxury,BMW X5,Ahmedabad,Red,Petrol,Manual,Online,2,9870791.0,5.0,19741582.0,987079.1,18754502.9
3743,2025-12-29,Amy Parks,Luxury,BMW i7,Kolkata,Blue,Electric,Automatic,Dealer,3,16165146.0,0.0,48495438.0,0.0,48495438.0
3744,2025-11-04,Justin Fleming,Corporate,BMW X1,Pune,Blue,Petrol,Manual,Online,2,6055529.0,2.0,12111058.0,242221.16,11868836.84
3745,2024-10-25,Amanda Lyons,Individual,BMW X3,Pune,Red,Hybrid,Automatic,Online,3,6556222.0,10.0,19668666.0,1966866.6,17701799.4
3746,2025-09-09,Maureen Johnson,Individual,BMW X5,Mumbai,Silver,Petrol,Automatic,Dealer,1,10831011.0,7.0,10831011.0,758170.77,10072840.23
3747,2024-01-24,Jacqueline Griffin,Luxury,BMW 3 Series,Jaipur,Red,Electric,Manual,Online,3,5280024.0,0.0,15840072.0,0.0,15840072.0
3748,2024-01-26,Joshua Allen,Individual,BMW i5,Kochi,Blue,Diesel,Automatic,Dealer,3,10161618.0,12.0,30484854.0,3658182.48,26826671.52
3749,2026-02-01,William Dennis,Luxury,BMW X5,Kochi,Silver,Diesel,Automatic,Online,1,11228262.0,10.0,11228262.0,1122826.2,10105435.8
3750,2026-05-17,Rebecca Hansen,Luxury,BMW X1,Delhi,Black,Diesel,Automatic,Online,3,6453703.0,0.0,19361109.0,0.0,19361109.0
3751,2024-12-29,Colleen Bryant,Corporate,BMW X3,Hyderabad,Silver,Diesel,Automatic,Online,3,7225961.0,7.0,21677883.0,1517451.81,20160431.19
3752,2025-10-09,Deborah Hunter,Individual,BMW X3,Jaipur,Grey,Petrol,Automatic,Online,3,6843860.0,10.0,20531580.0,2053158.0,18478422.0
3753,2024-10-02,Ryan Wright,Corporate,BMW i4,Delhi,Blue,Hybrid,Manual,Dealer,3,8276851.0,10.0,24830553.0,2483055.3,22347497.7
3754,2023-10-28,Christopher Johnson,Luxury,BMW X3,Hyderabad,Black,Hybrid,Manual,Online,1,7724473.0,7.0,7724473.0,540713.11,7183759.89
3755,2024-10-01,Amber Parks,Corporate,BMW 7 Series,Bangalore,Grey,Diesel,Manual,Corporate,2,16199916.0,0.0,32399832.0,0.0,32399832.0
3756,2025-10-23,Karen Reyes,Corporate,BMW 3 Series,Delhi,White,Hybrid,Manual,Corporate,1,5221707.0,10.0,5221707.0,522170.7,4699536.3
3757,2024-09-29,Rodney Cole,Corporate,BMW i5,Jaipur,Red,Hybrid,Manual,Online,3,10361162.0,7.0,31083486.0,2175844.02,28907641.98
3758,2024-09-21,Virginia Smith,Corporate,BMW X3,Pune,Blue,Petrol,Automatic,Dealer,2,7575253.0,7.0,15150506.0,1060535.42,14089970.58
3759,2025-09-26,Elizabeth Gomez,Individual,BMW 5 Series,Kochi,Red,Diesel,Manual,Corporate,1,8442391.0,12.0,8442391.0,1013086.92,7429304.08
3760,2024-10-24,Benjamin Allen,Luxury,BMW X5,Kochi,Grey,Electric,Automatic,Corporate,1,11324372.0,12.0,11324372.0,1358924.64,9965447.36
3761,2026-05-04,Natasha Green DVM,Individual,BMW X1,Delhi,Red,Petrol,Automatic,Online,1,5790368.0,10.0,5790368.0,579036.8,5211331.2
3762,2024-04-14,Michelle Reid,Luxury,BMW i5,Delhi,Red,Diesel,Manual,Corporate,2,10651771.0,7.0,21303542.0,1491247.94,19812294.06
3763,2023-08-16,Jessica Stewart,Luxury,BMW X5,Kolkata,Grey,Hybrid,Automatic,Dealer,1,9998402.0,5.0,9998402.0,499920.1,9498481.9
3764,2026-04-17,Teresa Mcfarland,Luxury,BMW X1,Chennai,Grey,Electric,Manual,Dealer,1,5975876.0,12.0,5975876.0,717105.12,5258770.88
3765,2024-01-13,Ana Mitchell,Luxury,BMW X5,Mumbai,White,Diesel,Manual,Online,2,9928398.0,0.0,19856796.0,0.0,19856796.0
3766,2025-04-19,Natalie Hernandez,Individual,BMW X1,Mumbai,Silver,Diesel,Manual,Corporate,1,5110850.0,7.0,5110850.0,357759.5,4753090.5
3767,2024-09-14,Alvin Oconnell,Individual,BMW X7,Hyderabad,Blue,Hybrid,Automatic,Dealer,2,13192309.0,7.0,26384618.0,1846923.26,24537694.74
3768,2026-05-14,Jerome Liu,Luxury,BMW 7 Series,Bangalore,Black,Hybrid,Automatic,Online,3,15759149.0,12.0,47277447.0,5673293.64,41604153.36
3769,2026-02-15,Mason Brown,Corporate,BMW i5,Chennai,Black,Electric,Manual,Corporate,2,10900377.0,7.0,21800754.0,1526052.78,20274701.22
3770,2025-11-01,Brian Brown,Corporate,BMW i5,Pune,White,Electric,Manual,Corporate,2,10077096.0,7.0,20154192.0,1410793.44,18743398.56
3771,2025-09-05,Robert Pearson,Individual,BMW X3,Bangalore,Silver,Diesel,Manual,Dealer,1,7596570.0,2.0,7596570.0,151931.4,7444638.6
3772,2024-10-21,Todd Hicks,Luxury,BMW 7 Series,Jaipur,Red,Petrol,Manual,Online,2,18532318.0,7.0,37064636.0,2594524.52,34470111.48
3773,2024-01-23,Cynthia Vargas,Luxury,BMW X7,Kochi,Red,Electric,Automatic,Corporate,3,15868584.0,10.0,47605752.0,4760575.2,42845176.8
3774,2025-10-28,Benjamin Baxter,Individual,BMW 7 Series,Jaipur,Blue,Diesel,Automatic,Dealer,2,16403826.0,0.0,32807652.0,0.0,32807652.0
3775,2025-01-07,Kenneth Moreno,Individual,BMW X1,Hyderabad,Grey,Petrol,Automatic,Corporate,3,6293720.0,10.0,18881160.0,1888116.0,16993044.0
3776,2024-01-15,Alyssa Valenzuela,Individual,BMW 7 Series,Chennai,Red,Hybrid,Manual,Online,2,15744705.0,7.0,31489410.0,2204258.7,29285151.3
3777,2025-04-13,Dawn Morris,Corporate,BMW i4,Jaipur,Red,Electric,Automatic,Dealer,1,7816209.0,7.0,7816209.0,547134.63,7269074.37
3778,2025-10-14,Robert Harris,Individual,BMW i5,Ahmedabad,Silver,Diesel,Automatic,Corporate,2,10549336.0,0.0,21098672.0,0.0,21098672.0
3779,2025-10-22,Rebecca Gonzalez,Corporate,BMW i4,Ahmedabad,Grey,Petrol,Automatic,Dealer,1,8176582.0,5.0,8176582.0,408829.1,7767752.9
3780,2025-04-21,Lisa Rivera,Corporate,BMW i5,Mumbai,Silver,Electric,Manual,Dealer,1,10727799.0,5.0,10727799.0,536389.95,10191409.05
3781,2026-01-18,Eugene Henderson,Luxury,BMW X5,Kolkata,White,Hybrid,Manual,Corporate,1,10227645.0,12.0,10227645.0,1227317.4,9000327.6
3782,2026-07-24,Adam Case,Individual,BMW 3 Series,Chennai,Blue,Electric,Manual,Dealer,2,5034122.0,2.0,10068244.0,201364.88,9866879.12
3783,2025-08-25,Zachary Parsons,Luxury,BMW 7 Series,Ahmedabad,Silver,Diesel,Automatic,Online,3,15850748.0,12.0,47552244.0,5706269.28,41845974.72
3784,2024-08-25,Anthony Townsend,Corporate,BMW i4,Chennai,Blue,Petrol,Automatic,Online,3,7654673.0,2.0,22964019.0,459280.38,22504738.62
3785,2024-12-07,Tamara Watson,Corporate,BMW X5,Delhi,Silver,Diesel,Manual,Corporate,3,11221948.0,10.0,33665844.0,3366584.4,30299259.6
3786,2025-03-26,Rose Harris,Luxury,BMW 3 Series,Delhi,Grey,Petrol,Manual,Online,1,4718651.0,7.0,4718651.0,330305.57,4388345.43
3787,2023-09-03,Brittany Combs,Corporate,BMW X3,Kolkata,Red,Hybrid,Manual,Corporate,2,7852502.0,2.0,15705004.0,314100.08,15390903.92
3788,2024-03-18,Travis Yang,Luxury,BMW 3 Series,Delhi,Blue,Hybrid,Manual,Dealer,3,5084135.0,12.0,15252405.0,1830288.6,13422116.4
3789,2025-11-06,Jerry Mccormick,Luxury,BMW X1,Hyderabad,Black,Diesel,Manual,Corporate,1,6492491.0,10.0,6492491.0,649249.1,5843241.9
3790,2024-08-09,David Brown,Luxury,BMW X5,Pune,Grey,Petrol,Automatic,Online,2,11742522.0,12.0,23485044.0,2818205.28,20666838.72
3791,2025-02-03,Michael Schneider,Corporate,BMW 7 Series,Mumbai,Red,Electric,Automatic,Online,2,16195889.0,10.0,32391778.0,3239177.8,29152600.2
3792,2025-08-26,Mr. Adam Allen Jr.,Individual,BMW 3 Series,Ahmedabad,Red,Electric,Automatic,Dealer,1,5365243.0,12.0,5365243.0,643829.16,4721413.84
3793,2025-08-21,Bradley Watson,Individual,BMW 7 Series,Chennai,Red,Petrol,Automatic,Corporate,1,15890699.0,10.0,15890699.0,1589069.9,14301629.1
3794,2024-06-22,Edward Davis,Corporate,BMW i5,Ahmedabad,Red,Diesel,Automatic,Online,2,9191087.0,2.0,18382174.0,367643.48,18014530.52
3795,2024-03-11,Zachary Cobb,Individual,BMW i5,Kochi,Black,Petrol,Automatic,Online,2,9111864.0,10.0,18223728.0,1822372.8,16401355.2
3796,2025-02-24,Steven Calderon,Individual,BMW X1,Mumbai,Blue,Hybrid,Manual,Dealer,2,5958470.0,2.0,11916940.0,238338.8,11678601.2
3797,2025-07-02,Scott Henderson,Corporate,BMW i4,Ahmedabad,Black,Electric,Manual,Corporate,3,7347499.0,7.0,22042497.0,1542974.79,20499522.21
3798,2024-12-02,Julie Graves,Corporate,BMW X7,Kochi,Red,Electric,Manual,Online,2,13543885.0,12.0,27087770.0,3250532.4,23837237.6
3799,2025-06-12,Jesse Price,Corporate,BMW i7,Pune,Blue,Petrol,Manual,Corporate,3,16565259.0,5.0,49695777.0,2484788.85,47210988.15
3800,2025-04-23,Erin Anderson,Individual,BMW X1,Kolkata,Silver,Petrol,Manual,Online,3,5281026.0,12.0,15843078.0,1901169.36,13941908.64
3801,2024-03-13,Karen Martinez,Individual,BMW i5,Pune,Red,Diesel,Manual,Corporate,2,10835703.0,0.0,21671406.0,0.0,21671406.0
3802,2024-04-17,Barbara Barton,Corporate,BMW X5,Hyderabad,Grey,Diesel,Automatic,Corporate,1,11039197.0,0.0,11039197.0,0.0,11039197.0
3803,2026-01-10,Tamara King,Corporate,BMW X5,Bangalore,Silver,Diesel,Automatic,Online,3,9781442.0,12.0,29344326.0,3521319.12,25823006.88
3804,2025-02-27,Kyle Burke,Individual,BMW i4,Delhi,White,Petrol,Automatic,Corporate,2,8490094.0,5.0,16980188.0,849009.4,16131178.6
3805,2025-09-22,Richard Gonzalez,Luxury,BMW 7 Series,Ahmedabad,Grey,Diesel,Automatic,Corporate,3,17235631.0,5.0,51706893.0,2585344.65,49121548.35
3806,2024-01-26,Laurie Nichols DVM,Individual,BMW i5,Hyderabad,Silver,Electric,Automatic,Corporate,1,9629534.0,2.0,9629534.0,192590.68,9436943.32
3807,2024-08-02,Jeremy Stevens,Corporate,BMW 5 Series,Hyderabad,Black,Diesel,Automatic,Dealer,2,8047334.0,5.0,16094668.0,804733.4,15289934.6
3808,2025-03-10,Megan Washington,Corporate,BMW X3,Chennai,White,Petrol,Automatic,Corporate,2,7707696.0,0.0,15415392.0,0.0,15415392.0
3809,2025-07-08,Melissa Reed,Corporate,BMW 7 Series,Pune,Red,Petrol,Automatic,Online,3,18011392.0,5.0,54034176.0,2701708.8,51332467.2
3810,2025-03-29,Brian Fisher,Corporate,BMW i7,Delhi,White,Diesel,Manual,Online,1,14371366.0,12.0,14371366.0,1724563.92,12646802.08
3811,2025-08-14,Ana Schmidt,Luxury,BMW 3 Series,Bangalore,Black,Diesel,Manual,Corporate,3,5661168.0,0.0,16983504.0,0.0,16983504.0
3812,2025-07-10,Christine Booth,Individual,BMW X1,Delhi,Grey,Petrol,Automatic,Corporate,3,6053482.0,5.0,18160446.0,908022.3,17252423.7
3813,2024-01-03,Diana Jones MD,Individual,BMW i7,Kolkata,Grey,Hybrid,Automatic,Online,1,16902057.0,7.0,16902057.0,1183143.99,15718913.01
3814,2024-11-10,Robert Henderson,Luxury,BMW X1,Delhi,White,Petrol,Automatic,Dealer,1,5269320.0,0.0,5269320.0,0.0,5269320.0
3815,2026-06-29,Sarah Steele,Luxury,BMW X1,Jaipur,Black,Electric,Manual,Dealer,1,5175286.0,0.0,5175286.0,0.0,5175286.0
3816,2023-11-25,Mrs. Suzanne Moore,Luxury,BMW 7 Series,Kochi,Red,Petrol,Manual,Online,3,18409408.0,0.0,55228224.0,0.0,55228224.0
3817,2026-07-23,Brandon Rivera,Luxury,BMW X3,Pune,Red,Petrol,Automatic,Dealer,1,6830895.0,0.0,6830895.0,0.0,6830895.0
3818,2023-12-16,Shannon Perry,Corporate,BMW 5 Series,Mumbai,Red,Diesel,Automatic,Dealer,2,6903058.0,7.0,13806116.0,966428.12,12839687.88
3819,2025-02-11,Jessica Morrow,Corporate,BMW X1,Kolkata,Black,Electric,Automatic,Dealer,2,6312891.0,7.0,12625782.0,883804.74,11741977.26
3820,2025-12-21,Kenneth Butler,Corporate,BMW 3 Series,Mumbai,Black,Petrol,Manual,Dealer,3,5948674.0,10.0,17846022.0,1784602.2,16061419.8
3821,2024-08-03,Gina Davis,Individual,BMW X5,Chennai,White,Diesel,Automatic,Online,1,9969822.0,12.0,9969822.0,1196378.64,8773443.36
3822,2024-08-11,Latoya Mathis,Luxury,BMW X3,Kochi,Grey,Petrol,Manual,Online,2,7271499.0,0.0,14542998.0,0.0,14542998.0
3823,2025-11-18,John Brown,Corporate,BMW X7,Pune,Grey,Electric,Automatic,Corporate,3,12243401.0,7.0,36730203.0,2571114.21,34159088.79
3824,2026-02-18,Courtney Montes,Corporate,BMW i4,Hyderabad,Silver,Diesel,Automatic,Dealer,1,7474152.0,7.0,7474152.0,523190.64,6950961.36
3825,2026-07-29,Joshua Ford,Corporate,BMW X1,Ahmedabad,Black,Petrol,Automatic,Corporate,3,6347398.0,12.0,19042194.0,2285063.28,16757130.72
3826,2026-03-19,Cynthia Hall,Corporate,BMW i4,Chennai,Grey,Diesel,Automatic,Online,3,7394187.0,10.0,22182561.0,2218256.1,19964304.9
3827,2026-08-06,Jane Stewart,Luxury,BMW i4,Chennai,Red,Electric,Manual,Online,2,7028656.0,10.0,14057312.0,1405731.2,12651580.8
3828,2026-07-31,Rachael Rowe,Individual,BMW X7,Kochi,White,Diesel,Manual,Dealer,3,13029971.0,2.0,39089913.0,781798.26,38308114.74
3829,2025-12-16,Jessica Terrell,Individual,BMW i4,Bangalore,Black,Petrol,Manual,Online,2,8428553.0,10.0,16857106.0,1685710.6,15171395.4
3830,2026-05-17,Amy Rivers,Individual,BMW 3 Series,Jaipur,White,Diesel,Manual,Dealer,1,5382599.0,2.0,5382599.0,107651.98,5274947.02
3831,2026-07-24,Melissa Fletcher,Luxury,BMW X7,Pune,Blue,Electric,Automatic,Corporate,3,15731053.0,7.0,47193159.0,3303521.13,43889637.87
3832,2025-04-13,Donald Curtis,Individual,BMW 7 Series,Mumbai,Silver,Petrol,Manual,Dealer,2,17926877.0,10.0,35853754.0,3585375.4,32268378.6
3833,2026-04-22,Kristie Booth,Luxury,BMW i5,Pune,White,Electric,Manual,Online,3,10915400.0,12.0,32746200.0,3929544.0,28816656.0
3834,2026-07-08,Brianna Jackson,Individual,BMW X5,Pune,Black,Hybrid,Automatic,Online,1,9972151.0,10.0,9972151.0,997215.1,8974935.9
3835,2025-09-25,Natasha Walton,Individual,BMW i5,Hyderabad,Grey,Diesel,Manual,Online,1,10632182.0,7.0,10632182.0,744252.74,9887929.26
3836,2023-12-29,Jenna Archer,Luxury,BMW i7,Mumbai,Black,Petrol,Manual,Dealer,1,14609726.0,10.0,14609726.0,1460972.6,13148753.4
3837,2026-07-31,Audrey Smith,Corporate,BMW X7,Delhi,Blue,Hybrid,Manual,Corporate,2,13841197.0,10.0,27682394.0,2768239.4,24914154.6
3838,2024-12-22,Helen Wells,Corporate,BMW X7,Ahmedabad,Black,Hybrid,Automatic,Dealer,3,15958291.0,5.0,47874873.0,2393743.65,45481129.35
3839,2024-02-13,Sandra Rivera,Individual,BMW 7 Series,Chennai,Grey,Electric,Manual,Corporate,1,17358167.0,0.0,17358167.0,0.0,17358167.0
3840,2025-06-21,Stacy Smith,Individual,BMW i4,Ahmedabad,Blue,Electric,Manual,Corporate,1,7838097.0,0.0,7838097.0,0.0,7838097.0
3841,2025-07-23,Michael Bowman,Individual,BMW 5 Series,Bangalore,Black,Electric,Manual,Corporate,2,8071389.0,5.0,16142778.0,807138.9,15335639.1
3842,2024-06-04,Lisa Howard,Corporate,BMW 5 Series,Delhi,Grey,Petrol,Automatic,Corporate,1,7991786.0,12.0,7991786.0,959014.32,7032771.68
3843,2026-05-22,Margaret Graves,Individual,BMW X7,Bangalore,Black,Diesel,Manual,Dealer,2,12427724.0,7.0,24855448.0,1739881.36,23115566.64
3844,2024-10-03,Thomas Griffin Jr.,Corporate,BMW i5,Kochi,Silver,Petrol,Manual,Online,2,9348936.0,12.0,18697872.0,2243744.64,16454127.36
3845,2024-04-03,Ernest Colon,Corporate,BMW X3,Kolkata,Silver,Hybrid,Automatic,Corporate,2,7235333.0,2.0,14470666.0,289413.32,14181252.68
3846,2024-03-07,Breanna Mcdonald,Corporate,BMW X3,Mumbai,Blue,Petrol,Automatic,Corporate,2,7548223.0,0.0,15096446.0,0.0,15096446.0
3847,2025-04-27,Stephanie Maxwell,Individual,BMW X3,Pune,Blue,Hybrid,Manual,Dealer,2,7088900.0,10.0,14177800.0,1417780.0,12760020.0
3848,2024-12-31,Scott Brady,Corporate,BMW X1,Chennai,Grey,Diesel,Automatic,Dealer,1,5180843.0,10.0,5180843.0,518084.3,4662758.7
3849,2024-08-16,Dana Frey,Luxury,BMW X1,Jaipur,Blue,Diesel,Automatic,Corporate,3,5789383.0,7.0,17368149.0,1215770.43,16152378.57
3850,2025-05-20,Sarah Becker,Luxury,BMW i4,Mumbai,Red,Electric,Automatic,Online,3,7819103.0,2.0,23457309.0,469146.18,22988162.82
3851,2026-06-24,Jessica Macias,Luxury,BMW i4,Chennai,Black,Petrol,Manual,Online,1,8227834.0,5.0,8227834.0,411391.7,7816442.3
3852,2024-07-30,Jason Peck,Individual,BMW 3 Series,Jaipur,Grey,Electric,Automatic,Online,1,4738030.0,2.0,4738030.0,94760.6,4643269.4
3853,2025-12-29,Kendra Johnson,Individual,BMW i5,Delhi,Silver,Hybrid,Manual,Dealer,2,10178542.0,2.0,20357084.0,407141.68,19949942.32
3854,2025-06-16,Katelyn Owens,Corporate,BMW X7,Hyderabad,Blue,Electric,Automatic,Dealer,2,15399361.0,10.0,30798722.0,3079872.2,27718849.8
3855,2024-12-14,Alexander Mckay,Luxury,BMW i7,Pune,Silver,Hybrid,Manual,Online,2,15069895.0,10.0,30139790.0,3013979.0,27125811.0
3856,2024-06-11,Kayla Stone,Individual,BMW X3,Hyderabad,Grey,Electric,Manual,Online,3,6677300.0,12.0,20031900.0,2403828.0,17628072.0
3857,2025-06-18,Rhonda Strong,Luxury,BMW X5,Hyderabad,Black,Hybrid,Automatic,Online,1,11599206.0,0.0,11599206.0,0.0,11599206.0
3858,2024-10-11,David Lambert,Luxury,BMW X1,Delhi,Silver,Electric,Manual,Dealer,2,5641797.0,10.0,11283594.0,1128359.4,10155234.6
3859,2024-02-26,Michael Escobar,Individual,BMW X1,Pune,Silver,Diesel,Automatic,Online,1,6413811.0,7.0,6413811.0,448966.77,5964844.23
3860,2025-10-31,Lori Kirk,Individual,BMW X3,Jaipur,Black,Petrol,Automatic,Online,2,7770956.0,12.0,15541912.0,1865029.44,13676882.56
3861,2026-04-13,Sara Ramos,Corporate,BMW 3 Series,Ahmedabad,Silver,Electric,Manual,Online,1,5666405.0,2.0,5666405.0,113328.1,5553076.9
3862,2024-08-28,Stephanie Anderson,Luxury,BMW 5 Series,Mumbai,Blue,Electric,Automatic,Online,2,6585886.0,10.0,13171772.0,1317177.2,11854594.8
3863,2025-12-05,Jose Robertson,Corporate,BMW 7 Series,Mumbai,White,Diesel,Automatic,Dealer,3,16628815.0,5.0,49886445.0,2494322.25,47392122.75
3864,2023-11-21,Kellie Smith,Luxury,BMW i5,Ahmedabad,Silver,Hybrid,Automatic,Dealer,2,10495147.0,7.0,20990294.0,1469320.58,19520973.42
3865,2023-12-06,Taylor Parker,Individual,BMW 3 Series,Hyderabad,Blue,Hybrid,Manual,Dealer,2,5369386.0,7.0,10738772.0,751714.04,9987057.96
3866,2026-06-07,Cathy Phillips,Individual,BMW X5,Jaipur,Silver,Petrol,Manual,Corporate,1,11850352.0,12.0,11850352.0,1422042.24,10428309.76
3867,2024-05-29,Kimberly Porter,Individual,BMW i5,Kochi,Black,Hybrid,Automatic,Online,1,9582159.0,12.0,9582159.0,1149859.08,8432299.92
3868,2025-10-24,Lucas Reynolds,Individual,BMW 5 Series,Bangalore,Blue,Hybrid,Automatic,Corporate,2,7130606.0,5.0,14261212.0,713060.6,13548151.4
3869,2026-07-20,Andrew Cline,Luxury,BMW i5,Mumbai,Blue,Electric,Automatic,Online,3,9126564.0,7.0,27379692.0,1916578.44,25463113.56
3870,2025-01-02,Brendan Cline,Individual,BMW i4,Mumbai,Silver,Electric,Automatic,Online,3,8406168.0,10.0,25218504.0,2521850.4,22696653.6
3871,2025-11-04,Cynthia Mendoza,Individual,BMW i4,Delhi,Grey,Hybrid,Automatic,Online,3,8173498.0,12.0,24520494.0,2942459.28,21578034.72
3872,2024-01-07,Karen Richardson,Individual,BMW i5,Jaipur,White,Electric,Automatic,Online,1,10860920.0,12.0,10860920.0,1303310.4,9557609.6
3873,2025-10-03,Theodore Lowe,Individual,BMW 5 Series,Hyderabad,Red,Petrol,Automatic,Online,3,6681500.0,12.0,20044500.0,2405340.0,17639160.0
3874,2025-01-02,Rebecca Mora,Luxury,BMW i4,Kochi,Grey,Hybrid,Manual,Dealer,1,8227999.0,10.0,8227999.0,822799.9,7405199.1
3875,2025-07-05,Dana Moore,Corporate,BMW 7 Series,Jaipur,White,Diesel,Manual,Dealer,2,17610270.0,12.0,35220540.0,4226464.8,30994075.2
3876,2025-12-08,Candice Perez,Individual,BMW X7,Delhi,White,Petrol,Automatic,Dealer,3,13688253.0,10.0,41064759.0,4106475.9,36958283.1
3877,2024-05-23,Mrs. Cynthia Hoover MD,Luxury,BMW i4,Chennai,Black,Diesel,Manual,Dealer,1,8245136.0,7.0,8245136.0,577159.52,7667976.48
3878,2023-12-25,Michael Wong,Individual,BMW i5,Jaipur,Silver,Hybrid,Automatic,Dealer,3,10576668.0,7.0,31730004.0,2221100.28,29508903.72
3879,2024-06-10,Joshua Campos,Luxury,BMW i4,Chennai,Blue,Electric,Automatic,Corporate,3,8196716.0,2.0,24590148.0,491802.96,24098345.04
3880,2025-04-16,Stephanie Ortiz,Luxury,BMW X7,Ahmedabad,Grey,Hybrid,Automatic,Online,2,15030537.0,10.0,30061074.0,3006107.4,27054966.6
3881,2025-11-30,Lisa Contreras DVM,Corporate,BMW X5,Chennai,Blue,Electric,Manual,Online,2,11491337.0,12.0,22982674.0,2757920.88,20224753.12
3882,2026-06-09,Ronnie Hernandez,Luxury,BMW 7 Series,Kolkata,Silver,Electric,Automatic,Corporate,2,17950120.0,5.0,35900240.0,1795012.0,34105228.0
3883,2024-07-23,Tamara Francis,Luxury,BMW 7 Series,Jaipur,Blue,Hybrid,Manual,Online,2,14863715.0,10.0,29727430.0,2972743.0,26754687.0
3884,2025-04-07,Stephen Hernandez,Individual,BMW 3 Series,Chennai,White,Diesel,Automatic,Online,2,4906493.0,5.0,9812986.0,490649.3,9322336.7
3885,2025-03-29,David Brown,Corporate,BMW 7 Series,Kolkata,White,Hybrid,Manual,Dealer,1,15893880.0,2.0,15893880.0,317877.6,15576002.4
3886,2025-06-07,Brittany Sanchez,Corporate,BMW X5,Ahmedabad,Red,Petrol,Manual,Dealer,1,10433989.0,0.0,10433989.0,0.0,10433989.0
3887,2024-07-27,Kaitlyn Peters,Luxury,BMW X7,Mumbai,Red,Electric,Automatic,Dealer,1,13405139.0,7.0,13405139.0,938359.73,12466779.27
3888,2025-05-15,Brian Gonzalez,Corporate,BMW X3,Ahmedabad,Blue,Petrol,Automatic,Corporate,3,7338256.0,7.0,22014768.0,1541033.76,20473734.24
3889,2024-02-08,Eric Torres,Luxury,BMW i5,Mumbai,Red,Petrol,Automatic,Online,3,10011220.0,10.0,30033660.0,3003366.0,27030294.0
3890,2024-07-14,Christopher Hall,Corporate,BMW X1,Kolkata,White,Diesel,Manual,Dealer,3,5856046.0,2.0,17568138.0,351362.76,17216775.24
3891,2026-05-24,Amber Glenn,Luxury,BMW X1,Delhi,Blue,Hybrid,Automatic,Dealer,1,5271619.0,10.0,5271619.0,527161.9,4744457.1
3892,2024-05-19,Mr. Max Cox,Luxury,BMW i4,Hyderabad,White,Diesel,Manual,Dealer,2,7459519.0,12.0,14919038.0,1790284.56,13128753.44
3893,2024-05-10,Joseph Escobar,Luxury,BMW 5 Series,Chennai,Grey,Petrol,Automatic,Corporate,1,6988799.0,12.0,6988799.0,838655.88,6150143.12
3894,2026-05-12,Thomas Sanchez,Luxury,BMW i7,Delhi,Blue,Petrol,Automatic,Online,3,14598002.0,2.0,43794006.0,875880.12,42918125.88
3895,2025-11-22,Joseph Oconnor,Luxury,BMW 3 Series,Delhi,White,Petrol,Automatic,Online,1,4914216.0,2.0,4914216.0,98284.32,4815931.68
3896,2023-12-05,Christina Anderson,Corporate,BMW X5,Kolkata,Silver,Hybrid,Automatic,Online,1,9845986.0,5.0,9845986.0,492299.3,9353686.7
3897,2023-09-03,Brandon Herrera,Corporate,BMW X1,Ahmedabad,Silver,Electric,Automatic,Online,3,5211870.0,10.0,15635610.0,1563561.0,14072049.0
3898,2025-05-17,Mark Jimenez,Corporate,BMW i7,Kolkata,Silver,Hybrid,Manual,Corporate,1,16266407.0,12.0,16266407.0,1951968.84,14314438.16
3899,2023-09-18,Dana Schroeder,Corporate,BMW X5,Delhi,White,Petrol,Manual,Corporate,3,10768574.0,12.0,32305722.0,3876686.64,28429035.36
3900,2025-04-09,Cody Stein,Individual,BMW i5,Mumbai,White,Hybrid,Manual,Online,3,9972171.0,12.0,29916513.0,3589981.56,26326531.44
3901,2026-06-28,Lisa Zhang,Luxury,BMW X1,Hyderabad,Silver,Hybrid,Manual,Dealer,2,6319609.0,2.0,12639218.0,252784.36,12386433.64
3902,2026-01-18,Megan Aguilar,Luxury,BMW X3,Hyderabad,Silver,Petrol,Automatic,Online,3,7603464.0,2.0,22810392.0,456207.84,22354184.16
3903,2026-07-04,Monica Gardner,Individual,BMW i7,Kochi,Red,Diesel,Automatic,Corporate,3,15966076.0,12.0,47898228.0,5747787.36,42150440.64
3904,2024-06-03,Miguel Solomon,Corporate,BMW X5,Chennai,Red,Electric,Manual,Online,1,10498338.0,0.0,10498338.0,0.0,10498338.0
3905,2024-10-20,Natasha Moore,Luxury,BMW 5 Series,Chennai,Grey,Hybrid,Manual,Corporate,2,6767946.0,0.0,13535892.0,0.0,13535892.0
3906,2024-06-14,Crystal Park,Corporate,BMW i5,Kolkata,Grey,Hybrid,Automatic,Online,3,10337765.0,0.0,31013295.0,0.0,31013295.0
3907,2025-05-22,Jason Kim,Individual,BMW X7,Ahmedabad,Red,Hybrid,Automatic,Corporate,2,12392672.0,10.0,24785344.0,2478534.4,22306809.6
3908,2025-10-13,Keith Obrien,Luxury,BMW i7,Pune,Silver,Petrol,Automatic,Online,3,17037343.0,0.0,51112029.0,0.0,51112029.0
3909,2024-12-07,Mark Boone,Corporate,BMW 7 Series,Delhi,White,Diesel,Automatic,Online,2,15230075.0,7.0,30460150.0,2132210.5,28327939.5
3910,2024-06-29,Larry Jensen,Individual,BMW i7,Kolkata,Blue,Diesel,Manual,Corporate,3,15015077.0,7.0,45045231.0,3153166.17,41892064.83
3911,2026-08-08,Matthew Ferguson,Luxury,BMW i7,Delhi,Blue,Petrol,Automatic,Corporate,2,16579860.0,10.0,33159720.0,3315972.0,29843748.0
3912,2025-11-06,Cheyenne Wilkerson,Individual,BMW X5,Pune,Grey,Electric,Automatic,Online,2,10699556.0,5.0,21399112.0,1069955.6,20329156.4
3913,2023-11-20,Brittney Harrison,Individual,BMW 3 Series,Jaipur,Black,Diesel,Automatic,Corporate,1,5528863.0,0.0,5528863.0,0.0,5528863.0
3914,2024-04-02,Amy Johnson,Corporate,BMW 7 Series,Ahmedabad,Grey,Diesel,Automatic,Corporate,2,15711476.0,12.0,31422952.0,3770754.24,27652197.76
3915,2025-01-08,Jennifer Kline,Corporate,BMW X7,Ahmedabad,White,Diesel,Automatic,Corporate,3,12859361.0,12.0,38578083.0,4629369.96,33948713.04
3916,2025-03-26,Ann Rojas,Individual,BMW i4,Delhi,Black,Hybrid,Manual,Dealer,1,8183381.0,10.0,8183381.0,818338.1,7365042.9
3917,2024-07-11,Samantha Thomas,Luxury,BMW i7,Bangalore,Blue,Hybrid,Manual,Corporate,3,14140027.0,0.0,42420081.0,0.0,42420081.0
3918,2023-08-11,Jeffrey Neal,Corporate,BMW 3 Series,Ahmedabad,Grey,Electric,Manual,Corporate,3,4935940.0,2.0,14807820.0,296156.4,14511663.6
3919,2026-03-22,Jason Thompson,Individual,BMW i7,Mumbai,Blue,Electric,Manual,Online,2,16787004.0,10.0,33574008.0,3357400.8,30216607.2
3920,2025-07-11,Kelly Meyer,Individual,BMW X7,Chennai,Black,Diesel,Manual,Online,3,15300464.0,12.0,45901392.0,5508167.04,40393224.96
3921,2025-07-29,Cassandra Cook,Corporate,BMW X3,Pune,Black,Electric,Manual,Dealer,3,7839032.0,0.0,23517096.0,0.0,23517096.0
3922,2025-08-06,David Fleming,Luxury,BMW X3,Kolkata,Blue,Hybrid,Automatic,Dealer,3,7412951.0,5.0,22238853.0,1111942.65,21126910.35
3923,2025-05-23,Angela Gonzalez,Luxury,BMW i5,Ahmedabad,Silver,Electric,Automatic,Corporate,3,10610850.0,0.0,31832550.0,0.0,31832550.0
3924,2026-07-14,Tracey Richard,Luxury,BMW 3 Series,Pune,Black,Diesel,Manual,Online,2,5315773.0,5.0,10631546.0,531577.3,10099968.7
3925,2023-09-02,Michelle Alvarez,Corporate,BMW i4,Ahmedabad,Red,Diesel,Manual,Dealer,3,7189940.0,10.0,21569820.0,2156982.0,19412838.0
3926,2024-02-28,Amy Taylor,Luxury,BMW X3,Pune,Red,Electric,Automatic,Dealer,3,6591008.0,7.0,19773024.0,1384111.68,18388912.32
3927,2024-11-20,Dale Gonzalez,Luxury,BMW X7,Hyderabad,White,Diesel,Automatic,Corporate,2,15132752.0,0.0,30265504.0,0.0,30265504.0
3928,2025-09-19,Krystal Watson,Individual,BMW i7,Kolkata,Silver,Diesel,Manual,Online,2,15176161.0,10.0,30352322.0,3035232.2,27317089.8
3929,2026-02-04,Shannon Sanford,Individual,BMW X1,Pune,Red,Electric,Automatic,Dealer,3,5526668.0,7.0,16580004.0,1160600.28,15419403.72
3930,2026-01-16,Michael King,Individual,BMW 5 Series,Pune,Red,Hybrid,Automatic,Corporate,1,7315531.0,2.0,7315531.0,146310.62,7169220.38
3931,2025-09-22,Heather Garcia,Corporate,BMW i5,Chennai,Grey,Electric,Manual,Dealer,2,9439514.0,5.0,18879028.0,943951.4,17935076.6
3932,2024-01-21,Catherine Gardner,Corporate,BMW X3,Kochi,Grey,Electric,Manual,Online,1,6622889.0,7.0,6622889.0,463602.23,6159286.77
3933,2023-10-23,Don Manning,Individual,BMW X7,Kochi,Black,Hybrid,Automatic,Dealer,3,12513909.0,12.0,37541727.0,4505007.24,33036719.76
3934,2023-12-06,Terry Ingram,Corporate,BMW 5 Series,Pune,Red,Hybrid,Manual,Corporate,1,6592861.0,12.0,6592861.0,791143.32,5801717.68
3935,2024-04-07,Gina Simpson,Corporate,BMW X7,Jaipur,Silver,Petrol,Automatic,Dealer,3,14981969.0,0.0,44945907.0,0.0,44945907.0
3936,2025-12-18,Angela Morales,Luxury,BMW X5,Jaipur,Blue,Diesel,Manual,Corporate,1,10429503.0,2.0,10429503.0,208590.06,10220912.94
3937,2024-11-10,Donna Matthews MD,Individual,BMW X7,Chennai,Blue,Electric,Automatic,Dealer,1,12421180.0,10.0,12421180.0,1242118.0,11179062.0
3938,2023-12-03,Amy Adams,Individual,BMW i7,Pune,Red,Petrol,Automatic,Dealer,2,17294224.0,2.0,34588448.0,691768.96,33896679.04
3939,2025-10-06,Richard Hughes,Luxury,BMW 7 Series,Delhi,Red,Petrol,Manual,Dealer,2,16968063.0,0.0,33936126.0,0.0,33936126.0
3940,2026-05-10,Scott Barker,Corporate,BMW X7,Bangalore,Red,Petrol,Automatic,Corporate,2,14507092.0,10.0,29014184.0,2901418.4,26112765.6
3941,2024-10-19,Jaclyn Cox,Luxury,BMW X5,Chennai,Red,Petrol,Automatic,Online,2,10994185.0,0.0,21988370.0,0.0,21988370.0
3942,2026-02-04,Donna Jordan,Corporate,BMW i5,Ahmedabad,Silver,Hybrid,Automatic,Dealer,3,9170884.0,7.0,27512652.0,1925885.64,25586766.36
3943,2025-06-28,Alex Marks,Luxury,BMW i5,Chennai,White,Diesel,Automatic,Corporate,2,10346393.0,10.0,20692786.0,2069278.6,18623507.4
3944,2024-02-05,Christine Petersen MD,Individual,BMW X5,Chennai,Red,Hybrid,Automatic,Corporate,3,11556868.0,0.0,34670604.0,0.0,34670604.0
3945,2024-12-12,Christina Murray,Individual,BMW X1,Mumbai,Blue,Electric,Automatic,Dealer,1,5294643.0,2.0,5294643.0,105892.86,5188750.14
3946,2024-12-29,Judy Simmons,Corporate,BMW i7,Delhi,White,Hybrid,Automatic,Online,3,14173428.0,0.0,42520284.0,0.0,42520284.0
3947,2023-08-21,Lauren Phillips,Luxury,BMW X5,Jaipur,White,Hybrid,Manual,Dealer,2,11830654.0,7.0,23661308.0,1656291.56,22005016.44
3948,2025-11-18,Joan Murray,Luxury,BMW X7,Kolkata,White,Hybrid,Automatic,Dealer,1,12445505.0,12.0,12445505.0,1493460.6,10952044.4
3949,2024-12-04,Cody Benjamin,Corporate,BMW X1,Chennai,Black,Hybrid,Manual,Corporate,3,5814386.0,5.0,17443158.0,872157.9,16571000.1
3950,2024-01-31,Brittany Beck,Luxury,BMW 5 Series,Hyderabad,Grey,Petrol,Automatic,Dealer,1,6731037.0,10.0,6731037.0,673103.7,6057933.3
3951,2026-03-17,Margaret Johnston DVM,Individual,BMW 5 Series,Hyderabad,Silver,Diesel,Automatic,Dealer,3,8310847.0,12.0,24932541.0,2991904.92,21940636.08
3952,2023-09-20,Darren Young,Individual,BMW 7 Series,Pune,Red,Hybrid,Automatic,Online,3,16996219.0,12.0,50988657.0,6118638.84,44870018.16
3953,2023-11-23,Kevin Coleman,Individual,BMW 7 Series,Mumbai,Blue,Hybrid,Automatic,Corporate,2,14964875.0,12.0,29929750.0,3591570.0,26338180.0
3954,2025-03-09,Patricia Baker,Individual,BMW X7,Bangalore,Black,Electric,Manual,Online,2,14393775.0,10.0,28787550.0,2878755.0,25908795.0
3955,2025-05-15,Becky Kline,Luxury,BMW 7 Series,Bangalore,White,Hybrid,Automatic,Dealer,1,14546116.0,0.0,14546116.0,0.0,14546116.0
3956,2024-08-01,Collin Alvarez,Corporate,BMW X7,Delhi,Red,Petrol,Manual,Corporate,1,15254671.0,12.0,15254671.0,1830560.52,13424110.48
3957,2025-01-10,Lauren Olson,Corporate,BMW X7,Chennai,Black,Hybrid,Automatic,Dealer,3,15676067.0,12.0,47028201.0,5643384.12,41384816.88
3958,2025-10-31,Russell Bryan,Luxury,BMW i5,Mumbai,Blue,Electric,Manual,Online,2,9572889.0,10.0,19145778.0,1914577.8,17231200.2
3959,2026-03-12,Benjamin Bonilla,Corporate,BMW 3 Series,Kolkata,Silver,Electric,Automatic,Dealer,3,4524232.0,12.0,13572696.0,1628723.52,11943972.48
3960,2024-01-26,Alexander Matthews,Luxury,BMW i4,Delhi,Red,Diesel,Manual,Corporate,2,7714038.0,7.0,15428076.0,1079965.32,14348110.68
3961,2023-10-19,Dennis Cox,Individual,BMW 3 Series,Ahmedabad,Blue,Petrol,Manual,Corporate,1,5040837.0,10.0,5040837.0,504083.7,4536753.3
3962,2024-06-28,Jackie White,Individual,BMW i7,Chennai,Grey,Hybrid,Manual,Online,3,15217840.0,5.0,45653520.0,2282676.0,43370844.0
3963,2025-10-14,David Ward,Individual,BMW X1,Jaipur,Grey,Petrol,Manual,Dealer,2,5603255.0,7.0,11206510.0,784455.7,10422054.3
3964,2025-01-13,Warren Evans,Corporate,BMW 5 Series,Kolkata,White,Hybrid,Automatic,Online,2,8467453.0,7.0,16934906.0,1185443.42,15749462.58
3965,2025-11-21,Stephen Hendricks,Luxury,BMW X7,Jaipur,White,Hybrid,Automatic,Online,3,13342885.0,0.0,40028655.0,0.0,40028655.0
3966,2025-09-14,Sean Cross,Individual,BMW X7,Bangalore,White,Hybrid,Manual,Dealer,2,12507341.0,7.0,25014682.0,1751027.74,23263654.26
3967,2025-01-23,Tommy Rios,Luxury,BMW X3,Kochi,Grey,Hybrid,Manual,Dealer,1,7594909.0,5.0,7594909.0,379745.45,7215163.55
3968,2024-11-08,Brooke Freeman,Individual,BMW 5 Series,Kolkata,Grey,Hybrid,Manual,Dealer,2,7275060.0,2.0,14550120.0,291002.4,14259117.6
3969,2024-02-20,Julie Martinez,Corporate,BMW 5 Series,Pune,White,Petrol,Automatic,Dealer,2,8223564.0,2.0,16447128.0,328942.56,16118185.44
3970,2025-11-22,Ashley Myers DVM,Individual,BMW X3,Hyderabad,Blue,Hybrid,Automatic,Corporate,2,6925887.0,2.0,13851774.0,277035.48,13574738.52
3971,2025-09-11,Bryan Reilly,Individual,BMW X5,Jaipur,Black,Hybrid,Automatic,Online,3,10795619.0,7.0,32386857.0,2267079.99,30119777.01
3972,2023-10-08,Anne Lopez,Corporate,BMW 3 Series,Pune,Silver,Electric,Automatic,Dealer,1,6120500.0,0.0,6120500.0,0.0,6120500.0
3973,2023-08-26,Bethany Clarke,Individual,BMW 5 Series,Mumbai,Blue,Electric,Manual,Online,1,8007835.0,10.0,8007835.0,800783.5,7207051.5
3974,2025-03-16,Aaron Johnson,Individual,BMW i7,Kochi,White,Diesel,Automatic,Corporate,2,14964419.0,12.0,29928838.0,3591460.56,26337377.44
3975,2023-09-26,Phillip Little,Luxury,BMW 5 Series,Chennai,Red,Electric,Manual,Dealer,1,7767794.0,2.0,7767794.0,155355.88,7612438.12
3976,2024-07-02,Tracy Serrano,Luxury,BMW 5 Series,Delhi,Black,Electric,Automatic,Online,3,8405835.0,12.0,25217505.0,3026100.6,22191404.4
3977,2025-12-23,Philip Kelly,Luxury,BMW i5,Mumbai,Silver,Hybrid,Manual,Corporate,3,9556246.0,2.0,28668738.0,573374.76,28095363.24
3978,2026-03-04,Matthew Arnold,Individual,BMW 7 Series,Delhi,Black,Hybrid,Automatic,Dealer,1,14378598.0,0.0,14378598.0,0.0,14378598.0
3979,2024-04-25,Bonnie Vang,Luxury,BMW X1,Ahmedabad,Silver,Petrol,Automatic,Dealer,3,6305915.0,12.0,18917745.0,2270129.4,16647615.6
3980,2023-12-19,Laura Johnson,Corporate,BMW 3 Series,Kochi,White,Hybrid,Manual,Corporate,1,5302928.0,5.0,5302928.0,265146.4,5037781.6
3981,2024-03-06,Nicholas Oliver,Corporate,BMW i7,Kolkata,Blue,Electric,Manual,Online,1,17400608.0,12.0,17400608.0,2088072.96,15312535.04
3982,2026-06-06,Michael Hamilton,Luxury,BMW X5,Hyderabad,Blue,Diesel,Automatic,Online,1,11249073.0,12.0,11249073.0,1349888.76,9899184.24
3983,2025-12-28,Edward Tucker,Individual,BMW 7 Series,Pune,White,Diesel,Manual,Online,2,16607316.0,12.0,33214632.0,3985755.84,29228876.16
3984,2023-11-17,Donald Tucker,Corporate,BMW 5 Series,Bangalore,Silver,Diesel,Automatic,Dealer,2,8385415.0,10.0,16770830.0,1677083.0,15093747.0
3985,2025-10-25,Jamie Butler,Individual,BMW X1,Delhi,Red,Diesel,Manual,Dealer,2,5705501.0,2.0,11411002.0,228220.04,11182781.96
3986,2024-04-06,Jose Braun,Luxury,BMW X3,Ahmedabad,Grey,Hybrid,Automatic,Dealer,2,7331961.0,7.0,14663922.0,1026474.54,13637447.46
3987,2023-11-06,Martin Higgins,Luxury,BMW i5,Jaipur,Silver,Hybrid,Automatic,Corporate,2,10038392.0,5.0,20076784.0,1003839.2,19072944.8
3988,2024-11-29,Jerome Dunn,Luxury,BMW 7 Series,Chennai,Black,Diesel,Manual,Online,2,17964775.0,2.0,35929550.0,718591.0,35210959.0
3989,2026-02-02,Gloria Smith,Individual,BMW i7,Mumbai,White,Hybrid,Automatic,Corporate,2,14430851.0,12.0,28861702.0,3463404.24,25398297.76
3990,2024-08-20,Brandon Mueller,Individual,BMW 3 Series,Ahmedabad,Black,Electric,Manual,Dealer,2,6264537.0,12.0,12529074.0,1503488.88,11025585.12
3991,2025-11-13,Kimberly Hernandez,Individual,BMW 5 Series,Chennai,Blue,Electric,Manual,Corporate,2,8188772.0,0.0,16377544.0,0.0,16377544.0
3992,2026-08-08,Jennifer Edwards,Corporate,BMW i7,Kolkata,Silver,Hybrid,Manual,Dealer,2,17906464.0,5.0,35812928.0,1790646.4,34022281.6
3993,2024-12-26,Stacie Hamilton,Individual,BMW X1,Bangalore,Black,Petrol,Manual,Dealer,3,6248139.0,7.0,18744417.0,1312109.19,17432307.81
3994,2026-04-19,Bonnie Espinoza,Individual,BMW X1,Delhi,Red,Hybrid,Manual,Dealer,2,6217666.0,2.0,12435332.0,248706.64,12186625.36
3995,2025-11-24,Julie Sanchez,Corporate,BMW 3 Series,Chennai,Blue,Diesel,Manual,Corporate,1,6065129.0,12.0,6065129.0,727815.48,5337313.52
3996,2024-09-22,Matthew Sanchez,Luxury,BMW i7,Ahmedabad,Red,Electric,Manual,Dealer,3,15527970.0,12.0,46583910.0,5590069.2,40993840.8
3997,2024-01-06,Pedro Marshall,Luxury,BMW i5,Jaipur,Red,Hybrid,Automatic,Dealer,1,10062392.0,7.0,10062392.0,704367.44,9358024.56
3998,2025-08-10,Jennifer Jenkins,Corporate,BMW 5 Series,Pune,Grey,Electric,Automatic,Online,3,7701012.0,2.0,23103036.0,462060.72,22640975.28
3999,2026-01-31,Amanda Thomas,Individual,BMW X1,Jaipur,Red,Petrol,Automatic,Dealer,2,5267520.0,5.0,10535040.0,526752.0,10008288.0
4000,2025-10-29,Jeremiah Walker,Corporate,BMW 7 Series,Hyderabad,Blue,Electric,Automatic,Dealer,1,15562099.0,10.0,15562099.0,1556209.9,14005889.1
4001,2026-04-20,Michael Carter,Luxury,BMW X3,Ahmedabad,Blue,Diesel,Manual,Online,3,6933564.0,0.0,20800692.0,0.0,20800692.0
4002,2025-11-02,Nicole Miller,Individual,BMW X3,Ahmedabad,Blue,Petrol,Manual,Dealer,3,7489014.0,7.0,22467042.0,1572692.94,20894349.06
4003,2026-02-10,Dawn Hanson,Corporate,BMW X7,Kolkata,Black,Petrol,Manual,Corporate,2,13724404.0,7.0,27448808.0,1921416.56,25527391.44
4004,2024-04-18,Ashley Scott,Luxury,BMW 7 Series,Hyderabad,White,Diesel,Automatic,Dealer,1,18610582.0,0.0,18610582.0,0.0,18610582.0
4005,2025-08-30,Jake Lopez Jr.,Individual,BMW i5,Kolkata,Grey,Electric,Manual,Online,3,10814480.0,2.0,32443440.0,648868.8,31794571.2
4006,2025-12-16,Daniel Baker,Luxury,BMW X3,Mumbai,Black,Electric,Manual,Corporate,1,7755558.0,2.0,7755558.0,155111.16,7600446.84
4007,2023-11-17,Keith Gomez,Individual,BMW X7,Kochi,Grey,Hybrid,Manual,Online,3,12696672.0,0.0,38090016.0,0.0,38090016.0
4008,2026-05-14,Eric Cross,Individual,BMW i5,Pune,White,Electric,Manual,Online,1,9485727.0,2.0,9485727.0,189714.54,9296012.46
4009,2024-12-15,Martha Walker,Corporate,BMW i5,Delhi,Black,Electric,Manual,Dealer,3,10212736.0,0.0,30638208.0,0.0,30638208.0
4010,2023-11-14,Emily Cortez,Luxury,BMW 7 Series,Delhi,Grey,Diesel,Manual,Corporate,1,15520985.0,0.0,15520985.0,0.0,15520985.0
4011,2025-04-24,Patricia Payne,Corporate,BMW 5 Series,Ahmedabad,Blue,Diesel,Manual,Corporate,3,8087842.0,0.0,24263526.0,0.0,24263526.0
4012,2025-01-15,Charles Hicks,Corporate,BMW i5,Bangalore,Silver,Electric,Manual,Corporate,3,9174406.0,7.0,27523218.0,1926625.26,25596592.74
4013,2026-06-08,Andrew Osborne,Luxury,BMW i5,Pune,Black,Diesel,Manual,Dealer,2,10201072.0,2.0,20402144.0,408042.88,19994101.12
4014,2026-07-24,Jose Mcknight,Luxury,BMW 5 Series,Mumbai,Silver,Hybrid,Manual,Online,2,8100257.0,2.0,16200514.0,324010.28,15876503.72
4015,2023-12-22,Hayley Silva,Corporate,BMW 7 Series,Ahmedabad,Red,Hybrid,Manual,Online,2,17353338.0,7.0,34706676.0,2429467.32,32277208.68
4016,2024-08-02,Jason Case,Individual,BMW i7,Mumbai,Black,Diesel,Manual,Online,3,15513640.0,7.0,46540920.0,3257864.4,43283055.6
4017,2023-08-23,Nicholas Mueller,Individual,BMW X3,Kochi,White,Petrol,Manual,Online,3,6653037.0,5.0,19959111.0,997955.55,18961155.45
4018,2025-04-07,Alan Powell,Corporate,BMW i4,Hyderabad,Red,Petrol,Manual,Dealer,1,7402629.0,10.0,7402629.0,740262.9,6662366.1
4019,2024-11-19,John Green,Corporate,BMW X5,Chennai,Black,Diesel,Automatic,Online,1,9639074.0,0.0,9639074.0,0.0,9639074.0
4020,2026-02-25,Bonnie Smith,Corporate,BMW i5,Chennai,Silver,Diesel,Manual,Online,2,9645540.0,2.0,19291080.0,385821.6,18905258.4
4021,2024-09-24,Joseph Porter,Individual,BMW i7,Hyderabad,Red,Petrol,Automatic,Corporate,1,17179872.0,5.0,17179872.0,858993.6,16320878.4
4022,2024-12-31,Frederick Fry,Luxury,BMW i5,Kolkata,Grey,Petrol,Manual,Corporate,2,9203945.0,5.0,18407890.0,920394.5,17487495.5
4023,2025-07-04,Kimberly Branch,Corporate,BMW i7,Kochi,White,Petrol,Manual,Corporate,2,14375652.0,7.0,28751304.0,2012591.28,26738712.72
4024,2025-08-28,Christine Williams,Individual,BMW i7,Kolkata,Grey,Hybrid,Automatic,Corporate,3,15936887.0,2.0,47810661.0,956213.22,46854447.78
4025,2024-08-30,Nathan Martin,Corporate,BMW X7,Bangalore,Grey,Diesel,Manual,Dealer,1,12188972.0,2.0,12188972.0,243779.44,11945192.56
4026,2025-04-01,Alicia Hudson,Corporate,BMW 7 Series,Chennai,Red,Hybrid,Automatic,Online,3,17052055.0,7.0,51156165.0,3580931.55,47575233.45
4027,2024-09-03,Charles Tate,Luxury,BMW i7,Ahmedabad,Blue,Electric,Manual,Dealer,3,14434355.0,12.0,43303065.0,5196367.8,38106697.2
4028,2025-01-09,Christian Andrews,Luxury,BMW 7 Series,Ahmedabad,Black,Electric,Manual,Corporate,1,17916683.0,0.0,17916683.0,0.0,17916683.0
4029,2025-08-27,Jennifer Jones,Individual,BMW 5 Series,Ahmedabad,Silver,Diesel,Manual,Corporate,2,7917522.0,2.0,15835044.0,316700.88,15518343.12
4030,2023-08-31,Heather Davis,Individual,BMW X7,Jaipur,Red,Hybrid,Automatic,Corporate,2,13427454.0,10.0,26854908.0,2685490.8,24169417.2
4031,2024-02-23,Anita Clay,Luxury,BMW X5,Kochi,Red,Hybrid,Manual,Online,1,11489286.0,5.0,11489286.0,574464.3,10914821.7
4032,2025-06-10,Robert Zimmerman,Corporate,BMW X1,Mumbai,Grey,Petrol,Automatic,Dealer,2,5861346.0,5.0,11722692.0,586134.6,11136557.4
4033,2023-10-30,Mark Garcia,Corporate,BMW 7 Series,Ahmedabad,Grey,Electric,Manual,Corporate,2,17318645.0,12.0,34637290.0,4156474.8,30480815.2
4034,2026-01-05,Craig Bailey,Luxury,BMW X5,Jaipur,Grey,Hybrid,Manual,Corporate,3,11364157.0,12.0,34092471.0,4091096.52,30001374.48
4035,2026-06-06,Kayla Campbell,Corporate,BMW X3,Ahmedabad,Silver,Diesel,Manual,Online,2,6664221.0,5.0,13328442.0,666422.1,12662019.9
4036,2026-02-22,John Brown,Corporate,BMW X5,Chennai,Blue,Diesel,Manual,Dealer,2,10044036.0,0.0,20088072.0,0.0,20088072.0
4037,2026-06-06,Bailey Hebert,Individual,BMW i7,Chennai,Silver,Hybrid,Manual,Corporate,3,16345279.0,5.0,49035837.0,2451791.85,46584045.15
4038,2025-01-31,Joanna Rogers,Luxury,BMW i7,Delhi,Grey,Electric,Manual,Dealer,1,15395722.0,2.0,15395722.0,307914.44,15087807.56
4039,2026-06-13,Angela Kennedy,Luxury,BMW i4,Jaipur,Red,Diesel,Automatic,Corporate,2,7015291.0,2.0,14030582.0,280611.64,13749970.36
4040,2024-07-10,Robert Hampton,Corporate,BMW X5,Kolkata,Silver,Petrol,Automatic,Corporate,1,11934147.0,2.0,11934147.0,238682.94,11695464.06
4041,2024-11-04,Patricia Mcclain,Corporate,BMW X7,Delhi,Silver,Electric,Automatic,Dealer,3,15105181.0,0.0,45315543.0,0.0,45315543.0
4042,2024-01-21,Timothy Clark,Individual,BMW i4,Mumbai,Blue,Petrol,Manual,Dealer,2,7116103.0,0.0,14232206.0,0.0,14232206.0
4043,2025-06-16,Jonathan Richard,Corporate,BMW X3,Chennai,Silver,Diesel,Manual,Corporate,1,7158979.0,0.0,7158979.0,0.0,7158979.0
4044,2026-06-04,Jennifer Novak,Corporate,BMW X1,Jaipur,Grey,Diesel,Automatic,Online,3,5947819.0,10.0,17843457.0,1784345.7,16059111.3
4045,2026-06-18,Joshua Peterson,Luxury,BMW i4,Delhi,Silver,Hybrid,Manual,Dealer,2,8358364.0,5.0,16716728.0,835836.4,15880891.6
4046,2026-01-26,Jeremy Smith,Individual,BMW X1,Mumbai,Red,Hybrid,Manual,Online,2,5286241.0,2.0,10572482.0,211449.64,10361032.36
4047,2025-01-13,Amy Cobb,Individual,BMW i7,Hyderabad,Red,Electric,Automatic,Dealer,1,17282292.0,12.0,17282292.0,2073875.04,15208416.96
4048,2025-07-12,Andrea Brown,Luxury,BMW 3 Series,Hyderabad,Black,Hybrid,Automatic,Corporate,2,5817609.0,7.0,11635218.0,814465.26,10820752.74
4049,2023-09-14,Ryan Davis,Luxury,BMW X5,Bangalore,Blue,Hybrid,Manual,Corporate,2,11143077.0,10.0,22286154.0,2228615.4,20057538.6
4050,2025-07-12,Charles Sanchez,Corporate,BMW i4,Mumbai,Black,Hybrid,Automatic,Online,1,8087099.0,2.0,8087099.0,161741.98,7925357.02
4051,2026-04-02,Robert Mccormick,Corporate,BMW X1,Pune,Blue,Hybrid,Automatic,Dealer,3,5937819.0,5.0,17813457.0,890672.85,16922784.15
4052,2023-11-02,Michelle Robles,Luxury,BMW X5,Hyderabad,Grey,Petrol,Manual,Online,1,11219221.0,2.0,11219221.0,224384.42,10994836.58
4053,2025-03-17,Ronald Wong,Luxury,BMW X5,Kolkata,Black,Petrol,Automatic,Dealer,1,11473190.0,7.0,11473190.0,803123.3,10670066.7
4054,2025-08-08,Kevin Chung,Corporate,BMW X1,Kolkata,Black,Diesel,Automatic,Online,1,5198920.0,10.0,5198920.0,519892.0,4679028.0
4055,2024-07-01,Marie Jackson,Luxury,BMW X3,Pune,Red,Electric,Automatic,Corporate,3,7754561.0,10.0,23263683.0,2326368.3,20937314.7
4056,2023-12-24,Andrea Stanley,Luxury,BMW X1,Mumbai,Grey,Petrol,Manual,Corporate,2,6044862.0,10.0,12089724.0,1208972.4,10880751.6
4057,2023-11-12,Shelley Coffey,Individual,BMW 3 Series,Ahmedabad,Silver,Hybrid,Manual,Dealer,1,5713788.0,0.0,5713788.0,0.0,5713788.0
4058,2025-07-11,Michelle Faulkner,Corporate,BMW X7,Delhi,Grey,Diesel,Manual,Corporate,2,12171250.0,0.0,24342500.0,0.0,24342500.0
4059,2025-10-03,Kevin Weaver,Individual,BMW X3,Jaipur,Blue,Electric,Manual,Online,1,6911624.0,2.0,6911624.0,138232.48,6773391.52
4060,2024-07-03,Mr. Eric Moore,Individual,BMW X5,Delhi,Red,Diesel,Manual,Corporate,2,9530362.0,5.0,19060724.0,953036.2,18107687.8
4061,2025-05-28,Victoria Williams,Corporate,BMW 3 Series,Kochi,Grey,Diesel,Manual,Dealer,1,4520742.0,0.0,4520742.0,0.0,4520742.0
4062,2025-11-09,Jason Shaw,Corporate,BMW 5 Series,Kolkata,Blue,Electric,Manual,Dealer,3,7532738.0,10.0,22598214.0,2259821.4,20338392.6
4063,2024-03-21,Tina Tate,Individual,BMW i5,Jaipur,Silver,Diesel,Automatic,Dealer,3,10382000.0,5.0,31146000.0,1557300.0,29588700.0
4064,2023-11-13,Evan Cobb,Corporate,BMW 3 Series,Ahmedabad,Black,Electric,Automatic,Corporate,2,5813516.0,7.0,11627032.0,813892.24,10813139.76
4065,2025-07-17,Jasmine Boone,Individual,BMW i7,Chennai,White,Diesel,Automatic,Corporate,3,14520923.0,5.0,43562769.0,2178138.45,41384630.55
4066,2025-08-14,Christina Hudson,Individual,BMW i7,Kochi,White,Petrol,Automatic,Online,2,15686971.0,2.0,31373942.0,627478.84,30746463.16
4067,2024-09-17,Mary Mcintosh,Corporate,BMW X7,Pune,Black,Hybrid,Automatic,Online,1,13110388.0,2.0,13110388.0,262207.76,12848180.24
4068,2024-03-06,Timothy Rodriguez,Individual,BMW 3 Series,Hyderabad,White,Petrol,Automatic,Corporate,2,5931552.0,2.0,11863104.0,237262.08,11625841.92
4069,2023-10-07,Donna Brooks,Corporate,BMW i7,Pune,Blue,Petrol,Automatic,Dealer,1,14901783.0,10.0,14901783.0,1490178.3,13411604.7
4070,2025-05-03,Brian Patel,Luxury,BMW X1,Bangalore,Silver,Petrol,Manual,Dealer,3,6393140.0,2.0,19179420.0,383588.4,18795831.6
4071,2024-01-03,John Malone,Corporate,BMW 3 Series,Delhi,Black,Diesel,Automatic,Online,1,5608020.0,12.0,5608020.0,672962.4,4935057.6
4072,2024-12-28,Juan Miles,Corporate,BMW i5,Delhi,Red,Electric,Manual,Corporate,2,10486496.0,2.0,20972992.0,419459.84,20553532.16
4073,2025-08-28,Tiffany Taylor,Luxury,BMW i4,Mumbai,White,Electric,Manual,Corporate,3,8230845.0,12.0,24692535.0,2963104.2,21729430.8
4074,2025-02-06,Stephanie Ellis,Individual,BMW X5,Mumbai,Black,Diesel,Manual,Corporate,1,11707322.0,5.0,11707322.0,585366.1,11121955.9
4075,2026-06-27,Stephanie Carpenter,Luxury,BMW X1,Jaipur,White,Electric,Automatic,Online,2,5289581.0,5.0,10579162.0,528958.1,10050203.9
4076,2025-10-16,Patricia Haynes,Corporate,BMW 7 Series,Pune,Silver,Hybrid,Automatic,Online,3,17062929.0,7.0,51188787.0,3583215.09,47605571.91
4077,2025-10-01,Amber Stewart,Corporate,BMW i7,Chennai,Black,Hybrid,Manual,Online,1,15022061.0,10.0,15022061.0,1502206.1,13519854.9
4078,2025-07-01,April Morgan,Luxury,BMW i5,Ahmedabad,Blue,Petrol,Manual,Corporate,1,9813025.0,12.0,9813025.0,1177563.0,8635462.0
4079,2025-05-05,Ashley Hoffman,Luxury,BMW X3,Kochi,Silver,Petrol,Automatic,Online,3,6741442.0,5.0,20224326.0,1011216.3,19213109.7
4080,2024-05-02,Diana Roberts,Corporate,BMW X3,Kolkata,White,Electric,Automatic,Online,2,7992847.0,0.0,15985694.0,0.0,15985694.0
4081,2024-08-30,Mary Cox,Corporate,BMW i7,Pune,Silver,Diesel,Manual,Corporate,2,15454038.0,10.0,30908076.0,3090807.6,27817268.4
4082,2025-03-30,Patrick Henderson,Corporate,BMW i5,Bangalore,Silver,Diesel,Automatic,Online,1,10801040.0,10.0,10801040.0,1080104.0,9720936.0
4083,2026-03-31,Mark Cole,Corporate,BMW X5,Delhi,Grey,Hybrid,Manual,Corporate,2,11374971.0,12.0,22749942.0,2729993.04,20019948.96
4084,2023-08-13,Amanda Rogers,Individual,BMW 7 Series,Pune,White,Diesel,Manual,Online,3,16381289.0,0.0,49143867.0,0.0,49143867.0
4085,2025-07-01,Briana Ramirez,Corporate,BMW i7,Mumbai,Red,Petrol,Automatic,Dealer,3,16023867.0,7.0,48071601.0,3365012.07,44706588.93
4086,2024-01-14,Nicholas Scott Jr.,Corporate,BMW X3,Pune,Red,Electric,Manual,Online,3,7263757.0,5.0,21791271.0,1089563.55,20701707.45
4087,2025-05-21,Charles Adkins,Luxury,BMW 5 Series,Kolkata,Silver,Electric,Manual,Online,1,7394165.0,2.0,7394165.0,147883.3,7246281.7
4088,2024-01-06,Mitchell Boyer,Individual,BMW 5 Series,Hyderabad,White,Electric,Automatic,Online,2,7191833.0,10.0,14383666.0,1438366.6,12945299.4
4089,2025-09-19,Terry Hernandez,Individual,BMW X7,Ahmedabad,Black,Hybrid,Manual,Dealer,3,13105230.0,12.0,39315690.0,4717882.8,34597807.2
4090,2024-10-24,Dr. Caleb Torres,Individual,BMW 7 Series,Ahmedabad,Grey,Electric,Automatic,Online,3,15237531.0,7.0,45712593.0,3199881.51,42512711.49
4091,2025-09-29,Melanie Page,Corporate,BMW X5,Bangalore,Grey,Petrol,Automatic,Online,2,10347074.0,0.0,20694148.0,0.0,20694148.0
4092,2024-02-14,Jessica Bell,Corporate,BMW X5,Pune,Blue,Electric,Manual,Online,1,11830709.0,5.0,11830709.0,591535.45,11239173.55
4093,2025-02-20,Sharon Dixon,Luxury,BMW 7 Series,Bangalore,White,Diesel,Manual,Online,3,17556456.0,12.0,52669368.0,6320324.16,46349043.84
4094,2024-05-06,Kathy Allen,Corporate,BMW X7,Kolkata,Red,Electric,Automatic,Corporate,1,14134794.0,10.0,14134794.0,1413479.4,12721314.6
4095,2024-06-29,Amanda Buck,Individual,BMW i7,Bangalore,Silver,Petrol,Manual,Dealer,3,14125700.0,7.0,42377100.0,2966397.0,39410703.0
4096,2023-09-02,Katherine Martinez,Individual,BMW i4,Bangalore,Grey,Electric,Automatic,Corporate,2,7777113.0,12.0,15554226.0,1866507.12,13687718.88
4097,2024-10-15,Mrs. Marcia Guzman,Luxury,BMW i7,Ahmedabad,Grey,Hybrid,Automatic,Corporate,1,16445576.0,2.0,16445576.0,328911.52,16116664.48
4098,2026-03-12,Ashley Ellis,Individual,BMW X1,Bangalore,Black,Electric,Automatic,Dealer,3,6401379.0,7.0,19204137.0,1344289.59,17859847.41
4099,2024-08-05,Nicole Johnson,Corporate,BMW X5,Pune,Black,Petrol,Automatic,Dealer,1,11814701.0,10.0,11814701.0,1181470.1,10633230.9
4100,2026-01-09,Natalie Lloyd,Luxury,BMW 7 Series,Chennai,Black,Petrol,Automatic,Corporate,2,15356969.0,5.0,30713938.0,1535696.9,29178241.1
4101,2024-04-13,Valerie Douglas,Individual,BMW X1,Mumbai,Grey,Petrol,Automatic,Corporate,2,6196768.0,2.0,12393536.0,247870.72,12145665.28
4102,2024-10-05,Paul Farrell,Luxury,BMW X1,Jaipur,Red,Diesel,Automatic,Corporate,3,6175487.0,7.0,18526461.0,1296852.27,17229608.73
4103,2024-01-26,Kevin Snyder,Corporate,BMW i7,Mumbai,Grey,Petrol,Manual,Online,2,16215487.0,5.0,32430974.0,1621548.7,30809425.3
4104,2024-02-23,Thomas Brown,Corporate,BMW X7,Mumbai,Silver,Petrol,Automatic,Corporate,2,15136211.0,2.0,30272422.0,605448.44,29666973.56
4105,2026-03-13,Alexander Jackson,Corporate,BMW 5 Series,Hyderabad,Grey,Hybrid,Manual,Online,1,7116449.0,12.0,7116449.0,853973.88,6262475.12
4106,2024-10-01,Molly Newton,Luxury,BMW 7 Series,Kolkata,Blue,Hybrid,Automatic,Dealer,2,16574917.0,0.0,33149834.0,0.0,33149834.0
4107,2026-03-19,Yolanda Nash,Luxury,BMW i4,Kochi,Grey,Electric,Automatic,Corporate,2,7910360.0,2.0,15820720.0,316414.4,15504305.6
4108,2025-09-24,Juan Harmon,Corporate,BMW i5,Ahmedabad,Red,Diesel,Manual,Corporate,2,9930352.0,5.0,19860704.0,993035.2,18867668.8
4109,2024-03-28,Angela Gomez,Individual,BMW i4,Bangalore,Red,Diesel,Manual,Dealer,2,7641634.0,7.0,15283268.0,1069828.76,14213439.24
4110,2023-11-12,Joseph Stark,Luxury,BMW X5,Pune,Silver,Diesel,Automatic,Online,2,11333591.0,5.0,22667182.0,1133359.1,21533822.9
4111,2024-08-10,Robert Campbell,Luxury,BMW 3 Series,Hyderabad,Black,Hybrid,Manual,Online,2,5814086.0,10.0,11628172.0,1162817.2,10465354.8
4112,2025-05-29,Linda Moore,Luxury,BMW X7,Kolkata,Black,Diesel,Automatic,Dealer,3,14800419.0,0.0,44401257.0,0.0,44401257.0
4113,2024-08-18,Stephen Jackson,Individual,BMW X1,Hyderabad,Grey,Diesel,Automatic,Dealer,2,5558449.0,10.0,11116898.0,1111689.8,10005208.2
4114,2023-10-05,Brian Ramirez,Corporate,BMW i4,Mumbai,Red,Electric,Automatic,Corporate,2,7483191.0,12.0,14966382.0,1795965.84,13170416.16
4115,2025-08-20,Jeffrey Scott,Luxury,BMW 5 Series,Mumbai,Blue,Electric,Manual,Dealer,2,7579364.0,7.0,15158728.0,1061110.96,14097617.04
4116,2026-07-13,Christine Gilbert,Luxury,BMW 3 Series,Delhi,Red,Hybrid,Manual,Online,2,6150927.0,5.0,12301854.0,615092.7,11686761.3
4117,2025-07-27,Heather Lucas,Corporate,BMW X7,Pune,Grey,Petrol,Automatic,Online,2,15463130.0,10.0,30926260.0,3092626.0,27833634.0
4118,2024-05-20,Richard Simon,Corporate,BMW 5 Series,Hyderabad,Silver,Hybrid,Manual,Corporate,2,8422174.0,12.0,16844348.0,2021321.76,14823026.24
4119,2024-03-26,Candice Taylor,Individual,BMW X3,Kochi,White,Diesel,Manual,Online,1,7053580.0,7.0,7053580.0,493750.6,6559829.4
4120,2023-10-07,Stephen Adkins,Individual,BMW X7,Bangalore,White,Electric,Manual,Dealer,2,13071057.0,5.0,26142114.0,1307105.7,24835008.3
4121,2024-06-09,Tracie Coleman,Corporate,BMW 3 Series,Delhi,Red,Hybrid,Manual,Online,1,4816513.0,12.0,4816513.0,577981.56,4238531.44
4122,2023-12-25,Michelle Bennett,Luxury,BMW 5 Series,Pune,Blue,Petrol,Automatic,Corporate,1,6787913.0,2.0,6787913.0,135758.26,6652154.74
4123,2025-05-20,Jonathan Roman MD,Individual,BMW X5,Chennai,Silver,Petrol,Automatic,Online,2,10927453.0,5.0,21854906.0,1092745.3,20762160.7
4124,2025-12-25,Kristina Bray,Individual,BMW i5,Pune,Silver,Electric,Automatic,Dealer,3,9104148.0,0.0,27312444.0,0.0,27312444.0
4125,2025-09-22,Stephen Hickman,Corporate,BMW i7,Jaipur,Grey,Diesel,Automatic,Corporate,2,17640788.0,7.0,35281576.0,2469710.32,32811865.68
4126,2023-12-07,Jennifer Owens,Individual,BMW i7,Chennai,White,Diesel,Automatic,Online,2,17269105.0,2.0,34538210.0,690764.2,33847445.8
4127,2025-07-18,Jeremy Rodriguez,Corporate,BMW 3 Series,Jaipur,Grey,Petrol,Automatic,Dealer,1,5791012.0,12.0,5791012.0,694921.44,5096090.56
4128,2024-10-11,Tamara Jennings,Luxury,BMW 7 Series,Kochi,Blue,Hybrid,Manual,Online,3,14683852.0,5.0,44051556.0,2202577.8,41848978.2
4129,2024-03-03,Christy Wu,Corporate,BMW X5,Kochi,Grey,Petrol,Automatic,Corporate,2,9587785.0,2.0,19175570.0,383511.4,18792058.6
4130,2026-05-15,Sarah Curtis,Individual,BMW i7,Kolkata,White,Electric,Automatic,Online,1,14401321.0,5.0,14401321.0,720066.05,13681254.95
4131,2025-03-29,Matthew Sanchez,Individual,BMW 3 Series,Ahmedabad,Silver,Electric,Automatic,Dealer,3,5504818.0,12.0,16514454.0,1981734.48,14532719.52
4132,2025-07-06,Patricia Bennett,Luxury,BMW X7,Bangalore,White,Petrol,Manual,Corporate,3,12045464.0,2.0,36136392.0,722727.84,35413664.16
4133,2025-04-20,Natalie Schroeder,Individual,BMW i4,Delhi,Black,Electric,Manual,Dealer,1,7711253.0,7.0,7711253.0,539787.71,7171465.29
4134,2026-08-01,Heather Goodman,Individual,BMW 3 Series,Delhi,White,Hybrid,Manual,Dealer,1,5015541.0,10.0,5015541.0,501554.1,4513986.9
4135,2024-06-23,Brian Chapman,Individual,BMW 7 Series,Kolkata,Grey,Petrol,Automatic,Dealer,2,17565033.0,5.0,35130066.0,1756503.3,33373562.7
4136,2024-01-18,Susan Green,Individual,BMW X7,Bangalore,Blue,Petrol,Manual,Online,2,15793027.0,5.0,31586054.0,1579302.7,30006751.3
4137,2025-12-17,Adam Hicks,Individual,BMW i4,Pune,Grey,Hybrid,Automatic,Corporate,2,7695744.0,2.0,15391488.0,307829.76,15083658.24
4138,2024-07-26,Amy Harris,Luxury,BMW X1,Kolkata,Black,Diesel,Manual,Online,2,6319227.0,12.0,12638454.0,1516614.48,11121839.52
4139,2025-06-08,Michael Valentine,Individual,BMW 5 Series,Chennai,Silver,Hybrid,Manual,Online,2,6516155.0,12.0,13032310.0,1563877.2,11468432.8
4140,2024-11-09,Michael Carter,Luxury,BMW i7,Chennai,Black,Diesel,Automatic,Corporate,2,15338850.0,0.0,30677700.0,0.0,30677700.0
4141,2025-12-11,Walter Olsen,Corporate,BMW 5 Series,Kolkata,White,Diesel,Automatic,Dealer,3,7451352.0,10.0,22354056.0,2235405.6,20118650.4
4142,2024-09-12,Stacy Clark,Luxury,BMW i7,Mumbai,Black,Electric,Manual,Online,3,17188680.0,2.0,51566040.0,1031320.8,50534719.2
4143,2025-12-11,Laura Herrera,Luxury,BMW i7,Pune,Grey,Petrol,Manual,Online,2,14343516.0,5.0,28687032.0,1434351.6,27252680.4
4144,2025-04-07,Mr. Joshua Perkins,Corporate,BMW X1,Hyderabad,White,Petrol,Automatic,Dealer,3,5227064.0,10.0,15681192.0,1568119.2,14113072.8
4145,2025-03-05,Mrs. Amanda Taylor,Luxury,BMW X7,Delhi,Blue,Electric,Automatic,Dealer,3,13729164.0,10.0,41187492.0,4118749.2,37068742.8
4146,2026-03-07,Theresa David,Luxury,BMW 7 Series,Chennai,Black,Electric,Manual,Corporate,1,16555062.0,12.0,16555062.0,1986607.44,14568454.56
4147,2025-07-12,James Rose,Corporate,BMW 3 Series,Pune,White,Diesel,Manual,Online,1,4706624.0,10.0,4706624.0,470662.4,4235961.6
4148,2025-06-07,Mrs. Becky Horn DDS,Luxury,BMW X1,Mumbai,Black,Electric,Manual,Online,1,5873773.0,2.0,5873773.0,117475.46,5756297.54
4149,2025-02-01,Brandy Allen,Corporate,BMW X3,Mumbai,Black,Electric,Automatic,Online,3,7476145.0,0.0,22428435.0,0.0,22428435.0
4150,2025-07-25,Adam Perez,Corporate,BMW X1,Ahmedabad,Silver,Diesel,Automatic,Dealer,1,5941565.0,12.0,5941565.0,712987.8,5228577.2
4151,2023-10-19,Laura Moore,Individual,BMW X3,Ahmedabad,Blue,Diesel,Automatic,Corporate,1,6628948.0,2.0,6628948.0,132578.96,6496369.04
4152,2026-03-23,David Evans,Luxury,BMW i7,Ahmedabad,Red,Electric,Manual,Dealer,2,14388118.0,12.0,28776236.0,3453148.32,25323087.68
4153,2025-03-22,Megan Mejia,Corporate,BMW i4,Kolkata,Black,Electric,Automatic,Corporate,2,8269049.0,5.0,16538098.0,826904.9,15711193.1
4154,2023-08-12,Caleb Rodriguez,Luxury,BMW X1,Kochi,Black,Petrol,Manual,Online,1,5501176.0,12.0,5501176.0,660141.12,4841034.88
4155,2024-12-25,Kevin Wright,Luxury,BMW i7,Bangalore,Red,Diesel,Automatic,Corporate,2,17248286.0,10.0,34496572.0,3449657.2,31046914.8
4156,2024-03-29,Amanda Fleming,Luxury,BMW 5 Series,Ahmedabad,Blue,Hybrid,Automatic,Corporate,1,7734924.0,7.0,7734924.0,541444.68,7193479.32
4157,2023-12-19,Ashley Rodriguez,Individual,BMW X3,Delhi,Silver,Electric,Manual,Corporate,2,6590513.0,5.0,13181026.0,659051.3,12521974.7
4158,2024-07-07,Joanna Trujillo,Corporate,BMW X5,Kochi,Black,Hybrid,Manual,Dealer,2,10349899.0,7.0,20699798.0,1448985.86,19250812.14
4159,2025-12-25,Carolyn Perry,Individual,BMW i7,Delhi,Grey,Electric,Manual,Corporate,1,15643989.0,0.0,15643989.0,0.0,15643989.0
4160,2023-08-23,Krystal Knox,Individual,BMW 7 Series,Ahmedabad,White,Hybrid,Automatic,Corporate,3,14928278.0,12.0,44784834.0,5374180.08,39410653.92
4161,2025-07-04,Jim Briggs,Individual,BMW X7,Bangalore,Red,Petrol,Automatic,Corporate,3,12508689.0,7.0,37526067.0,2626824.69,34899242.31
4162,2024-06-10,Joel Mathews,Luxury,BMW X1,Kolkata,Black,Electric,Automatic,Dealer,3,5006769.0,12.0,15020307.0,1802436.84,13217870.16
4163,2024-01-13,Donald Mueller,Luxury,BMW i4,Chennai,Grey,Hybrid,Automatic,Dealer,1,7102737.0,2.0,7102737.0,142054.74,6960682.26
4164,2026-03-22,Jennifer Jackson,Corporate,BMW X5,Jaipur,Grey,Petrol,Automatic,Corporate,2,11437064.0,7.0,22874128.0,1601188.96,21272939.04
4165,2026-01-21,Christopher Fuller,Individual,BMW i7,Ahmedabad,Red,Diesel,Automatic,Corporate,3,14562588.0,7.0,43687764.0,3058143.48,40629620.52
4166,2024-05-22,Robert Jimenez,Individual,BMW X5,Kolkata,Black,Hybrid,Manual,Corporate,2,11182889.0,7.0,22365778.0,1565604.46,20800173.54
4167,2024-07-31,Christina Brock,Individual,BMW X5,Kochi,Red,Petrol,Automatic,Dealer,2,11018409.0,12.0,22036818.0,2644418.16,19392399.84
4168,2025-11-01,Bradley Williams,Luxury,BMW X5,Bangalore,White,Hybrid,Manual,Corporate,2,10358373.0,7.0,20716746.0,1450172.22,19266573.78
4169,2023-12-30,John Wheeler,Corporate,BMW i7,Hyderabad,Grey,Electric,Automatic,Online,1,15475161.0,0.0,15475161.0,0.0,15475161.0
4170,2026-06-02,Elizabeth Stephenson,Luxury,BMW X3,Jaipur,White,Electric,Automatic,Dealer,3,7372552.0,7.0,22117656.0,1548235.92,20569420.08
4171,2025-06-16,William Welch,Corporate,BMW 5 Series,Ahmedabad,Red,Hybrid,Manual,Online,2,8024500.0,5.0,16049000.0,802450.0,15246550.0
4172,2024-01-16,Maria Acevedo,Individual,BMW i7,Mumbai,Silver,Electric,Manual,Corporate,3,15567897.0,10.0,46703691.0,4670369.1,42033321.9
4173,2025-10-15,Guy Fields,Individual,BMW X1,Pune,Red,Hybrid,Automatic,Online,3,5810818.0,10.0,17432454.0,1743245.4,15689208.6
4174,2024-04-17,Thomas West,Corporate,BMW 7 Series,Chennai,Black,Hybrid,Manual,Corporate,3,14673217.0,2.0,44019651.0,880393.02,43139257.98
4175,2024-03-01,Barbara Miller,Luxury,BMW i7,Bangalore,Black,Petrol,Manual,Corporate,2,14623709.0,7.0,29247418.0,2047319.26,27200098.74
4176,2026-02-14,Kaitlin Mendez,Individual,BMW X1,Mumbai,Black,Diesel,Automatic,Corporate,1,5775025.0,12.0,5775025.0,693003.0,5082022.0
4177,2025-02-15,Marc Gonzalez,Luxury,BMW i4,Jaipur,Silver,Hybrid,Automatic,Corporate,1,7454556.0,5.0,7454556.0,372727.8,7081828.2
4178,2026-08-09,Stephanie Leblanc,Luxury,BMW i4,Pune,Blue,Diesel,Manual,Dealer,1,7486838.0,5.0,7486838.0,374341.9,7112496.1
4179,2024-08-22,Billy Lopez,Corporate,BMW 3 Series,Hyderabad,Red,Hybrid,Manual,Corporate,3,5754564.0,5.0,17263692.0,863184.6,16400507.4
4180,2026-06-07,Karen Morrison,Luxury,BMW 5 Series,Bangalore,Grey,Diesel,Manual,Online,3,6890692.0,2.0,20672076.0,413441.52,20258634.48
4181,2024-05-31,Natalie Ochoa,Individual,BMW 5 Series,Ahmedabad,White,Diesel,Automatic,Online,3,6983935.0,2.0,20951805.0,419036.1,20532768.9
4182,2026-07-02,Robert Jones,Corporate,BMW i4,Jaipur,White,Electric,Manual,Corporate,2,7904924.0,0.0,15809848.0,0.0,15809848.0
4183,2023-12-19,Jesus Shaw,Luxury,BMW 3 Series,Pune,Silver,Hybrid,Manual,Dealer,2,5182951.0,12.0,10365902.0,1243908.24,9121993.76
4184,2026-04-16,Crystal Long,Corporate,BMW i4,Delhi,Silver,Electric,Automatic,Corporate,1,7427483.0,2.0,7427483.0,148549.66,7278933.34
4185,2026-01-17,Jared Hanna II,Luxury,BMW X5,Mumbai,Silver,Petrol,Automatic,Online,1,10966924.0,10.0,10966924.0,1096692.4,9870231.6
4186,2024-06-26,Pamela Harris,Luxury,BMW i4,Pune,Grey,Diesel,Automatic,Online,3,7066390.0,2.0,21199170.0,423983.4,20775186.6
4187,2025-09-03,Joshua Rice,Luxury,BMW i5,Chennai,Red,Electric,Manual,Online,1,10537365.0,7.0,10537365.0,737615.55,9799749.45
4188,2025-05-11,Heidi Ross,Corporate,BMW X7,Hyderabad,White,Diesel,Automatic,Corporate,3,15699629.0,5.0,47098887.0,2354944.35,44743942.65
4189,2024-11-14,Patrick Smith,Corporate,BMW X7,Ahmedabad,Blue,Electric,Automatic,Corporate,3,12019981.0,10.0,36059943.0,3605994.3,32453948.7
4190,2023-11-22,Mark Nguyen,Luxury,BMW X3,Mumbai,Blue,Petrol,Automatic,Dealer,3,7714690.0,5.0,23144070.0,1157203.5,21986866.5
4191,2024-07-02,Todd Reyes,Luxury,BMW 3 Series,Delhi,Red,Hybrid,Manual,Dealer,2,4805988.0,12.0,9611976.0,1153437.12,8458538.88
4192,2024-08-17,Frank Jordan,Luxury,BMW X5,Delhi,Black,Petrol,Automatic,Corporate,1,11951722.0,0.0,11951722.0,0.0,11951722.0
4193,2025-06-24,Emily Mendoza,Luxury,BMW i7,Kolkata,Black,Diesel,Automatic,Corporate,3,16563959.0,12.0,49691877.0,5963025.24,43728851.76
4194,2025-08-21,Michael Stuart,Individual,BMW X1,Pune,Red,Electric,Automatic,Dealer,2,5940149.0,2.0,11880298.0,237605.96,11642692.04
4195,2023-09-28,James Taylor,Individual,BMW X5,Ahmedabad,Grey,Electric,Manual,Corporate,1,9657637.0,5.0,9657637.0,482881.85,9174755.15
4196,2026-03-29,Dominique Fritz,Corporate,BMW 5 Series,Kolkata,Grey,Diesel,Manual,Online,3,7100398.0,2.0,21301194.0,426023.88,20875170.12
4197,2024-11-01,Madison Ramirez,Luxury,BMW X3,Kolkata,Black,Diesel,Manual,Online,1,6841136.0,2.0,6841136.0,136822.72,6704313.28
4198,2024-09-25,Christopher Campbell,Individual,BMW X7,Kochi,White,Diesel,Manual,Online,3,14974580.0,2.0,44923740.0,898474.8,44025265.2
4199,2024-07-04,Paige Banks,Corporate,BMW 5 Series,Ahmedabad,White,Electric,Manual,Dealer,3,7016151.0,5.0,21048453.0,1052422.65,19996030.35
4200,2024-05-02,Ryan Martinez,Corporate,BMW i7,Pune,Silver,Petrol,Automatic,Dealer,2,17494694.0,7.0,34989388.0,2449257.16,32540130.84
4201,2023-12-31,Brian Webb,Corporate,BMW X1,Kochi,Grey,Electric,Automatic,Dealer,1,6102031.0,0.0,6102031.0,0.0,6102031.0
4202,2025-04-04,Brian Gray,Individual,BMW X5,Hyderabad,Silver,Petrol,Automatic,Dealer,2,9812721.0,12.0,19625442.0,2355053.04,17270388.96
4203,2026-07-22,Mary Johnson,Luxury,BMW 7 Series,Delhi,Grey,Petrol,Manual,Dealer,2,14895014.0,5.0,29790028.0,1489501.4,28300526.6
4204,2024-09-20,Jaime Patton,Individual,BMW i7,Pune,Black,Electric,Manual,Dealer,2,15829230.0,12.0,31658460.0,3799015.2,27859444.8
4205,2025-10-07,Brittney Lee,Luxury,BMW X1,Mumbai,Silver,Petrol,Automatic,Online,2,5911737.0,5.0,11823474.0,591173.7,11232300.3
4206,2025-11-01,Claire Barnes,Luxury,BMW i7,Bangalore,Blue,Petrol,Manual,Corporate,2,15378832.0,12.0,30757664.0,3690919.68,27066744.32
4207,2024-05-10,Mary Bailey,Individual,BMW 5 Series,Pune,White,Petrol,Manual,Corporate,2,8024686.0,10.0,16049372.0,1604937.2,14444434.8
4208,2025-07-06,James Simon,Luxury,BMW X3,Kochi,Red,Petrol,Automatic,Online,1,6873883.0,0.0,6873883.0,0.0,6873883.0
4209,2025-10-02,Kayla Brooks,Individual,BMW 7 Series,Kochi,Red,Petrol,Manual,Online,3,18889692.0,5.0,56669076.0,2833453.8,53835622.2
4210,2023-11-27,Alexandra Brown,Luxury,BMW 3 Series,Bangalore,Silver,Hybrid,Automatic,Dealer,3,4953821.0,5.0,14861463.0,743073.15,14118389.85
4211,2023-10-13,John Galloway,Luxury,BMW X3,Hyderabad,Black,Petrol,Automatic,Dealer,2,7364420.0,2.0,14728840.0,294576.8,14434263.2
4212,2025-07-04,Grace Martin,Corporate,BMW 5 Series,Ahmedabad,Black,Electric,Manual,Corporate,1,7133278.0,2.0,7133278.0,142665.56,6990612.44
4213,2024-06-06,Joseph Adams,Luxury,BMW i5,Jaipur,Blue,Electric,Automatic,Corporate,2,10091718.0,7.0,20183436.0,1412840.52,18770595.48
4214,2026-02-20,Brenda Kelley,Luxury,BMW 7 Series,Ahmedabad,White,Hybrid,Manual,Online,3,15565463.0,0.0,46696389.0,0.0,46696389.0
4215,2023-11-05,Michael Davis,Individual,BMW i7,Bangalore,Blue,Petrol,Manual,Dealer,2,17829990.0,5.0,35659980.0,1782999.0,33876981.0
4216,2025-01-10,David Estrada,Luxury,BMW 5 Series,Jaipur,Black,Diesel,Automatic,Online,1,7872861.0,0.0,7872861.0,0.0,7872861.0
4217,2023-10-05,Michelle Thompson,Corporate,BMW 7 Series,Mumbai,Red,Diesel,Automatic,Dealer,2,14858498.0,7.0,29716996.0,2080189.72,27636806.28
4218,2025-06-16,Tammy Lewis,Luxury,BMW i5,Delhi,Silver,Diesel,Automatic,Corporate,3,10958920.0,0.0,32876760.0,0.0,32876760.0
4219,2025-10-28,Alicia Johnson,Individual,BMW X3,Kolkata,Black,Diesel,Automatic,Dealer,2,6865230.0,7.0,13730460.0,961132.2,12769327.8
4220,2024-10-29,Robert Lucero,Individual,BMW X5,Mumbai,Red,Hybrid,Manual,Online,1,10561737.0,2.0,10561737.0,211234.74,10350502.26
4221,2025-07-31,Jennifer Smith,Luxury,BMW i4,Kolkata,Red,Diesel,Manual,Corporate,2,7062155.0,2.0,14124310.0,282486.2,13841823.8
4222,2026-05-16,Lynn Mendoza,Individual,BMW X7,Kolkata,Black,Hybrid,Manual,Dealer,2,15816628.0,5.0,31633256.0,1581662.8,30051593.2
4223,2024-09-07,Bonnie Kelly,Individual,BMW 3 Series,Ahmedabad,Blue,Petrol,Automatic,Dealer,2,5863754.0,2.0,11727508.0,234550.16,11492957.84
4224,2026-07-01,Frank Callahan,Corporate,BMW 3 Series,Pune,Silver,Hybrid,Automatic,Online,1,6291960.0,0.0,6291960.0,0.0,6291960.0
4225,2025-09-25,Barbara Wright,Corporate,BMW 7 Series,Pune,Blue,Electric,Automatic,Corporate,1,16319528.0,7.0,16319528.0,1142366.96,15177161.04
4226,2024-09-04,John Gutierrez,Luxury,BMW i5,Kochi,White,Hybrid,Manual,Corporate,1,10407004.0,10.0,10407004.0,1040700.4,9366303.6
4227,2024-09-14,Guy Parker,Luxury,BMW X1,Kochi,White,Diesel,Automatic,Dealer,2,6155337.0,12.0,12310674.0,1477280.88,10833393.12
4228,2026-03-07,Makayla Shelton,Luxury,BMW i5,Kochi,White,Diesel,Manual,Corporate,2,9399977.0,12.0,18799954.0,2255994.48,16543959.52
4229,2023-11-17,Kristin Ryan,Luxury,BMW X7,Jaipur,Black,Electric,Automatic,Dealer,2,12089513.0,12.0,24179026.0,2901483.12,21277542.88
4230,2026-03-14,Dana Thompson,Individual,BMW X5,Ahmedabad,Red,Electric,Automatic,Dealer,1,10468821.0,10.0,10468821.0,1046882.1,9421938.9
4231,2025-01-16,Renee Holloway,Individual,BMW X7,Kochi,Black,Diesel,Manual,Online,1,14487938.0,12.0,14487938.0,1738552.56,12749385.44
4232,2023-08-26,Richard Scott,Corporate,BMW i4,Chennai,Silver,Petrol,Manual,Online,1,7725994.0,7.0,7725994.0,540819.58,7185174.42
4233,2025-02-03,Mckenzie Fitzgerald,Corporate,BMW 3 Series,Jaipur,Blue,Hybrid,Automatic,Online,2,5656744.0,10.0,11313488.0,1131348.8,10182139.2
4234,2023-10-01,Erin Lawson,Luxury,BMW X7,Jaipur,White,Petrol,Automatic,Dealer,3,13745453.0,7.0,41236359.0,2886545.13,38349813.87
4235,2025-10-14,Deborah Cooper,Corporate,BMW X5,Kochi,Blue,Electric,Manual,Corporate,1,11003251.0,10.0,11003251.0,1100325.1,9902925.9
4236,2025-10-13,Ashley Sampson,Individual,BMW 7 Series,Hyderabad,Blue,Petrol,Automatic,Corporate,3,17110389.0,5.0,51331167.0,2566558.35,48764608.65
4237,2025-09-09,Rachel Haas,Individual,BMW 3 Series,Pune,Blue,Petrol,Manual,Corporate,1,5784156.0,5.0,5784156.0,289207.8,5494948.2
4238,2025-10-13,Rachel Roberts,Corporate,BMW X5,Bangalore,Grey,Hybrid,Manual,Dealer,1,9917342.0,10.0,9917342.0,991734.2,8925607.8
4239,2024-09-07,Mr. Garrett Edwards,Luxury,BMW X1,Kolkata,Silver,Petrol,Manual,Dealer,2,5481041.0,5.0,10962082.0,548104.1,10413977.9
4240,2023-11-16,Emily Espinoza,Corporate,BMW X3,Bangalore,White,Diesel,Automatic,Dealer,1,7530197.0,7.0,7530197.0,527113.79,7003083.21
4241,2025-11-19,Morgan Reyes,Individual,BMW X7,Ahmedabad,Black,Diesel,Automatic,Corporate,3,15536964.0,7.0,46610892.0,3262762.44,43348129.56
4242,2023-11-25,Caleb Perkins,Corporate,BMW i5,Bangalore,Grey,Petrol,Automatic,Online,3,9293449.0,0.0,27880347.0,0.0,27880347.0
4243,2024-01-29,Joseph Lester,Luxury,BMW i4,Pune,White,Hybrid,Manual,Online,1,7291562.0,0.0,7291562.0,0.0,7291562.0
4244,2025-04-03,Eric Andrade,Individual,BMW X1,Ahmedabad,Blue,Diesel,Automatic,Dealer,1,5456041.0,0.0,5456041.0,0.0,5456041.0
4245,2023-09-24,Julia Odom,Luxury,BMW i5,Jaipur,Black,Hybrid,Manual,Online,1,9844627.0,2.0,9844627.0,196892.54,9647734.46
4246,2023-10-26,Lynn Williams,Luxury,BMW 3 Series,Chennai,Red,Petrol,Automatic,Online,3,4992571.0,0.0,14977713.0,0.0,14977713.0
4247,2024-02-18,Marissa Phillips,Individual,BMW X3,Jaipur,Silver,Petrol,Automatic,Dealer,3,7280608.0,0.0,21841824.0,0.0,21841824.0
4248,2025-02-14,Nicole Johnson,Corporate,BMW i5,Hyderabad,Blue,Petrol,Automatic,Dealer,1,9638690.0,12.0,9638690.0,1156642.8,8482047.2
4249,2025-08-16,Debbie Burch,Luxury,BMW 7 Series,Jaipur,Grey,Hybrid,Manual,Corporate,2,16196059.0,0.0,32392118.0,0.0,32392118.0
4250,2024-03-03,Frank Mann,Individual,BMW X1,Hyderabad,Red,Hybrid,Automatic,Corporate,2,5134701.0,10.0,10269402.0,1026940.2,9242461.8
4251,2025-01-13,Cody Henderson,Individual,BMW 7 Series,Chennai,Blue,Hybrid,Manual,Corporate,1,16349685.0,12.0,16349685.0,1961962.2,14387722.8
4252,2025-04-28,Crystal Palmer,Individual,BMW X1,Delhi,Black,Hybrid,Manual,Dealer,1,5640544.0,0.0,5640544.0,0.0,5640544.0
4253,2023-09-10,Michael Thompson,Individual,BMW 3 Series,Delhi,Black,Petrol,Manual,Dealer,2,6268854.0,0.0,12537708.0,0.0,12537708.0
4254,2023-08-18,Savannah Hamilton,Individual,BMW 5 Series,Mumbai,Silver,Hybrid,Manual,Dealer,2,7205121.0,5.0,14410242.0,720512.1,13689729.9
4255,2024-07-28,James Parker,Corporate,BMW i4,Hyderabad,Silver,Diesel,Manual,Corporate,3,8435778.0,2.0,25307334.0,506146.68,24801187.32
4256,2025-07-14,Edwin Owens,Luxury,BMW i4,Hyderabad,Grey,Petrol,Manual,Corporate,1,8377695.0,7.0,8377695.0,586438.65,7791256.35
4257,2026-08-08,Erika Fitzpatrick,Individual,BMW i4,Ahmedabad,Grey,Electric,Automatic,Corporate,2,7888184.0,12.0,15776368.0,1893164.16,13883203.84
4258,2023-10-18,Chase Richard,Luxury,BMW i4,Ahmedabad,White,Petrol,Automatic,Online,1,8376322.0,2.0,8376322.0,167526.44,8208795.56
4259,2024-07-01,Rita Moreno,Corporate,BMW 7 Series,Chennai,White,Petrol,Manual,Dealer,3,16329810.0,7.0,48989430.0,3429260.1,45560169.9
4260,2025-11-28,James Smith,Luxury,BMW i7,Delhi,Red,Hybrid,Automatic,Corporate,2,15338340.0,12.0,30676680.0,3681201.6,26995478.4
4261,2024-10-01,Rodney Sexton,Luxury,BMW i4,Mumbai,Red,Petrol,Manual,Corporate,1,7588354.0,10.0,7588354.0,758835.4,6829518.6
4262,2026-08-07,Kelly Hamilton,Corporate,BMW X7,Delhi,White,Petrol,Manual,Online,3,15053093.0,0.0,45159279.0,0.0,45159279.0
4263,2025-02-03,Albert Burns,Luxury,BMW i5,Pune,Black,Electric,Automatic,Online,1,10299849.0,10.0,10299849.0,1029984.9,9269864.1
4264,2024-06-22,Dawn Grimes,Luxury,BMW 7 Series,Chennai,Red,Diesel,Automatic,Dealer,2,17034135.0,5.0,34068270.0,1703413.5,32364856.5
4265,2024-05-31,Melissa Barber,Individual,BMW i4,Bangalore,Blue,Petrol,Manual,Corporate,3,8414051.0,5.0,25242153.0,1262107.65,23980045.35
4266,2025-09-19,Jonathan Bell,Corporate,BMW X5,Kolkata,Black,Hybrid,Automatic,Dealer,1,11412965.0,2.0,11412965.0,228259.3,11184705.7
4267,2026-08-08,Christopher Duncan,Luxury,BMW i4,Jaipur,Black,Electric,Manual,Corporate,2,8377263.0,2.0,16754526.0,335090.52,16419435.48
4268,2026-07-29,Caroline Turner,Corporate,BMW X5,Pune,Blue,Electric,Automatic,Corporate,3,10418743.0,5.0,31256229.0,1562811.45,29693417.55
4269,2025-05-19,Anna Jackson,Individual,BMW i7,Kolkata,Red,Diesel,Automatic,Dealer,2,15912739.0,12.0,31825478.0,3819057.36,28006420.64
4270,2026-05-11,Mr. Jeffery Esparza,Individual,BMW 3 Series,Ahmedabad,Silver,Petrol,Manual,Corporate,1,6134994.0,12.0,6134994.0,736199.28,5398794.72
4271,2024-09-15,Christopher Sandoval,Luxury,BMW X3,Ahmedabad,Blue,Hybrid,Automatic,Online,1,6642713.0,2.0,6642713.0,132854.26,6509858.74
4272,2025-07-26,Stephanie Wilson,Luxury,BMW X5,Ahmedabad,Blue,Petrol,Automatic,Online,3,11754081.0,0.0,35262243.0,0.0,35262243.0
4273,2024-02-13,Carl Johnson,Corporate,BMW i5,Kolkata,Red,Hybrid,Manual,Dealer,2,9857430.0,0.0,19714860.0,0.0,19714860.0
4274,2025-10-28,Samantha Thomas,Luxury,BMW X7,Hyderabad,Grey,Petrol,Manual,Corporate,2,15227898.0,5.0,30455796.0,1522789.8,28933006.2
4275,2026-06-13,Brian Salazar DVM,Individual,BMW X7,Ahmedabad,Black,Hybrid,Manual,Dealer,1,12344621.0,0.0,12344621.0,0.0,12344621.0
4276,2024-05-02,Dale Campbell,Individual,BMW X1,Hyderabad,Silver,Electric,Manual,Dealer,2,5684299.0,0.0,11368598.0,0.0,11368598.0
4277,2025-08-09,Judy Morales,Luxury,BMW i4,Mumbai,Silver,Hybrid,Manual,Online,2,7282284.0,7.0,14564568.0,1019519.76,13545048.24
4278,2025-08-22,Samuel Cantu,Luxury,BMW i7,Chennai,Black,Electric,Automatic,Dealer,1,17165704.0,12.0,17165704.0,2059884.48,15105819.52
4279,2026-06-04,Corey Odom,Corporate,BMW i4,Ahmedabad,Red,Diesel,Manual,Corporate,3,8309309.0,12.0,24927927.0,2991351.24,21936575.76
4280,2023-11-27,Bradley Payne,Luxury,BMW 7 Series,Delhi,Red,Petrol,Automatic,Dealer,1,17918453.0,5.0,17918453.0,895922.65,17022530.35
4281,2024-11-08,Linda Collins,Individual,BMW 3 Series,Bangalore,White,Diesel,Automatic,Online,2,5573023.0,5.0,11146046.0,557302.3,10588743.7
4282,2025-06-12,Eric Beasley,Corporate,BMW X5,Kolkata,Black,Diesel,Manual,Corporate,1,11058542.0,10.0,11058542.0,1105854.2,9952687.8
4283,2026-02-25,Brittany Alexander,Corporate,BMW 5 Series,Ahmedabad,Blue,Diesel,Manual,Dealer,1,6619263.0,2.0,6619263.0,132385.26,6486877.74
4284,2025-09-06,Meghan Hunter,Individual,BMW 7 Series,Pune,Blue,Petrol,Manual,Online,3,17198853.0,7.0,51596559.0,3611759.13,47984799.87
4285,2026-04-18,Lisa Prince,Individual,BMW 7 Series,Pune,White,Diesel,Automatic,Online,3,14766799.0,12.0,44300397.0,5316047.64,38984349.36
4286,2024-10-29,Timothy Hernandez,Individual,BMW X3,Bangalore,Red,Petrol,Automatic,Online,1,7835859.0,0.0,7835859.0,0.0,7835859.0
4287,2024-07-10,Benjamin Hodge,Individual,BMW 3 Series,Ahmedabad,Grey,Diesel,Automatic,Online,1,4714875.0,12.0,4714875.0,565785.0,4149090.0
4288,2026-03-28,Linda Nelson,Corporate,BMW 7 Series,Hyderabad,Blue,Diesel,Manual,Corporate,3,14632395.0,5.0,43897185.0,2194859.25,41702325.75
4289,2024-09-11,Olivia Hall,Corporate,BMW X1,Pune,Silver,Diesel,Manual,Dealer,3,5419779.0,5.0,16259337.0,812966.85,15446370.15
4290,2025-12-10,Mrs. Jacqueline Carter,Luxury,BMW 5 Series,Kolkata,Silver,Electric,Manual,Dealer,3,6727892.0,5.0,20183676.0,1009183.8,19174492.2
4291,2025-03-17,Deanna Moreno,Corporate,BMW X7,Bangalore,Blue,Diesel,Manual,Corporate,2,14239500.0,5.0,28479000.0,1423950.0,27055050.0
4292,2025-12-11,Laura Henderson,Luxury,BMW 7 Series,Kolkata,Silver,Electric,Automatic,Dealer,1,18445691.0,12.0,18445691.0,2213482.92,16232208.08
4293,2024-08-30,John Sawyer,Individual,BMW X3,Kochi,Black,Diesel,Automatic,Dealer,3,7717458.0,5.0,23152374.0,1157618.7,21994755.3
4294,2024-11-11,Lindsay Baldwin,Luxury,BMW X5,Jaipur,Blue,Petrol,Automatic,Corporate,3,11053730.0,2.0,33161190.0,663223.8,32497966.2
4295,2024-06-14,Mark Smith,Corporate,BMW X5,Hyderabad,Blue,Petrol,Manual,Dealer,3,11630636.0,0.0,34891908.0,0.0,34891908.0
4296,2024-12-26,Alison Barton,Corporate,BMW i4,Jaipur,Silver,Hybrid,Automatic,Online,3,7184612.0,12.0,21553836.0,2586460.32,18967375.68
4297,2026-05-10,Anthony Middleton,Corporate,BMW X3,Hyderabad,Silver,Hybrid,Manual,Online,1,7251049.0,5.0,7251049.0,362552.45,6888496.55
4298,2025-07-07,Tracy Buchanan,Corporate,BMW X3,Delhi,Blue,Diesel,Automatic,Online,3,7073513.0,7.0,21220539.0,1485437.73,19735101.27
4299,2024-07-24,Barry Carlson,Corporate,BMW X3,Chennai,Grey,Diesel,Manual,Corporate,2,6602359.0,0.0,13204718.0,0.0,13204718.0
4300,2026-08-01,Julie Cunningham,Corporate,BMW X7,Hyderabad,Blue,Electric,Automatic,Online,3,15110980.0,7.0,45332940.0,3173305.8,42159634.2
4301,2023-08-13,Jerry Oneill,Individual,BMW i7,Mumbai,Silver,Electric,Manual,Corporate,3,17293188.0,5.0,51879564.0,2593978.2,49285585.8
4302,2025-09-10,Tina Gardner,Corporate,BMW 5 Series,Hyderabad,Black,Hybrid,Automatic,Online,1,6754349.0,5.0,6754349.0,337717.45,6416631.55
4303,2024-11-13,Alexandra Fowler,Individual,BMW X5,Mumbai,Grey,Petrol,Automatic,Corporate,1,11324790.0,0.0,11324790.0,0.0,11324790.0
4304,2023-11-26,Dawn Ward,Corporate,BMW X3,Ahmedabad,White,Hybrid,Automatic,Corporate,2,6565183.0,10.0,13130366.0,1313036.6,11817329.4
4305,2025-11-18,Jennifer Lane,Individual,BMW 5 Series,Ahmedabad,Silver,Hybrid,Automatic,Dealer,1,7122117.0,0.0,7122117.0,0.0,7122117.0
4306,2024-09-03,Meredith Jensen,Luxury,BMW X5,Chennai,Silver,Electric,Automatic,Corporate,3,10469468.0,12.0,31408404.0,3769008.48,27639395.52
4307,2025-09-13,Jacob Hall,Luxury,BMW i7,Jaipur,Blue,Diesel,Manual,Corporate,3,17919249.0,5.0,53757747.0,2687887.35,51069859.65
4308,2025-01-31,Anthony Reed,Luxury,BMW X5,Hyderabad,Grey,Electric,Manual,Online,2,10518367.0,0.0,21036734.0,0.0,21036734.0
4309,2026-07-07,Sarah Woods,Individual,BMW X5,Delhi,Blue,Hybrid,Automatic,Online,3,10986227.0,10.0,32958681.0,3295868.1,29662812.9
4310,2026-08-09,Nicholas Washington,Luxury,BMW X1,Bangalore,Silver,Diesel,Manual,Dealer,3,6033920.0,5.0,18101760.0,905088.0,17196672.0
4311,2025-12-11,Kimberly Brown,Individual,BMW i5,Mumbai,Blue,Petrol,Automatic,Corporate,1,9278339.0,12.0,9278339.0,1113400.68,8164938.32
4312,2023-08-20,Julie Baker,Corporate,BMW X1,Kolkata,Grey,Petrol,Manual,Online,1,6395991.0,7.0,6395991.0,447719.37,5948271.63
4313,2023-11-14,Joseph Hutchinson,Individual,BMW 3 Series,Delhi,Grey,Electric,Manual,Dealer,2,4584798.0,12.0,9169596.0,1100351.52,8069244.48
4314,2024-03-21,Gina Taylor,Corporate,BMW 7 Series,Jaipur,Black,Petrol,Automatic,Dealer,1,17168990.0,10.0,17168990.0,1716899.0,15452091.0
4315,2024-09-17,Timothy Fisher,Luxury,BMW 7 Series,Hyderabad,White,Petrol,Manual,Online,3,18461875.0,10.0,55385625.0,5538562.5,49847062.5
4316,2023-11-22,Christopher Hamilton,Corporate,BMW X5,Kochi,Silver,Diesel,Manual,Online,1,10995299.0,10.0,10995299.0,1099529.9,9895769.1
4317,2024-09-18,Joseph Rivera,Individual,BMW i4,Delhi,White,Electric,Manual,Dealer,1,7382856.0,10.0,7382856.0,738285.6,6644570.4
4318,2024-01-01,Mary Shaw,Luxury,BMW i4,Mumbai,Red,Diesel,Manual,Corporate,3,7279327.0,7.0,21837981.0,1528658.67,20309322.33
4319,2025-02-21,Timothy Mills,Individual,BMW 7 Series,Bangalore,Black,Diesel,Manual,Online,1,16891658.0,0.0,16891658.0,0.0,16891658.0
4320,2023-10-29,Amy Jones,Luxury,BMW i4,Hyderabad,Silver,Electric,Manual,Corporate,2,7142002.0,2.0,14284004.0,285680.08,13998323.92
4321,2024-04-23,Kimberly Dickson,Individual,BMW X7,Pune,Blue,Electric,Manual,Dealer,2,12908385.0,0.0,25816770.0,0.0,25816770.0
4322,2026-01-31,Melissa Keller,Luxury,BMW 3 Series,Pune,Red,Diesel,Automatic,Online,1,4880664.0,10.0,4880664.0,488066.4,4392597.6
4323,2025-09-26,Javier Kelly,Individual,BMW X1,Chennai,Black,Hybrid,Automatic,Online,3,6395163.0,5.0,19185489.0,959274.45,18226214.55
4324,2026-05-01,Kathryn Cordova,Individual,BMW i4,Mumbai,Grey,Diesel,Manual,Corporate,1,7221145.0,10.0,7221145.0,722114.5,6499030.5
4325,2025-05-02,Joel Moore DDS,Luxury,BMW X3,Jaipur,Silver,Hybrid,Manual,Corporate,1,7212791.0,2.0,7212791.0,144255.82,7068535.18
4326,2025-12-11,Dylan Gomez,Luxury,BMW 3 Series,Jaipur,Silver,Petrol,Automatic,Dealer,2,4813267.0,10.0,9626534.0,962653.4,8663880.6
4327,2023-11-27,William Long,Individual,BMW i4,Hyderabad,Silver,Hybrid,Automatic,Dealer,1,7362433.0,10.0,7362433.0,736243.3,6626189.7
4328,2024-11-02,Aaron Sandoval,Luxury,BMW i5,Kochi,White,Diesel,Manual,Online,2,10772659.0,5.0,21545318.0,1077265.9,20468052.1
4329,2024-07-10,Kim Wade,Individual,BMW 3 Series,Hyderabad,Blue,Hybrid,Manual,Online,1,4991944.0,0.0,4991944.0,0.0,4991944.0
4330,2026-07-25,Larry Marshall,Corporate,BMW X5,Ahmedabad,White,Petrol,Automatic,Dealer,1,9623967.0,2.0,9623967.0,192479.34,9431487.66
4331,2024-07-30,Rebecca Crawford,Luxury,BMW i7,Delhi,Blue,Petrol,Automatic,Online,1,17938279.0,7.0,17938279.0,1255679.53,16682599.47
4332,2024-09-09,Stephanie Anderson,Luxury,BMW 5 Series,Mumbai,Grey,Hybrid,Manual,Online,1,8456129.0,0.0,8456129.0,0.0,8456129.0
4333,2026-05-14,Angel Powell,Luxury,BMW i5,Ahmedabad,Red,Electric,Automatic,Online,2,9680613.0,12.0,19361226.0,2323347.12,17037878.88
4334,2024-01-06,Aaron Frank,Individual,BMW i7,Bangalore,Blue,Hybrid,Automatic,Online,2,15273645.0,0.0,30547290.0,0.0,30547290.0
4335,2025-08-19,Edgar Wells,Luxury,BMW X7,Kochi,White,Hybrid,Automatic,Online,3,13221665.0,7.0,39664995.0,2776549.65,36888445.35
4336,2025-04-26,Linda Olsen,Corporate,BMW X5,Bangalore,Silver,Diesel,Automatic,Dealer,1,11765665.0,5.0,11765665.0,588283.25,11177381.75
4337,2026-07-27,Joseph Ray,Individual,BMW i5,Delhi,Black,Electric,Manual,Dealer,3,10605229.0,5.0,31815687.0,1590784.35,30224902.65
4338,2025-04-27,Kristen Sanchez,Individual,BMW i4,Kolkata,Blue,Diesel,Manual,Online,3,7546916.0,2.0,22640748.0,452814.96,22187933.04
4339,2024-11-18,Jessica Norris,Luxury,BMW X7,Ahmedabad,Red,Hybrid,Manual,Online,1,13075460.0,7.0,13075460.0,915282.2,12160177.8
4340,2025-08-11,Tracy Weaver,Corporate,BMW i4,Delhi,Black,Hybrid,Manual,Corporate,1,8301480.0,0.0,8301480.0,0.0,8301480.0
4341,2025-02-27,Amy Jackson,Luxury,BMW 7 Series,Kolkata,Grey,Diesel,Manual,Corporate,1,16430153.0,10.0,16430153.0,1643015.3,14787137.7
4342,2024-07-22,Marc Hester,Luxury,BMW X5,Mumbai,Black,Diesel,Manual,Dealer,2,11406370.0,0.0,22812740.0,0.0,22812740.0
4343,2026-05-17,Jacob Brown,Individual,BMW 5 Series,Kolkata,Silver,Diesel,Manual,Online,2,8053014.0,5.0,16106028.0,805301.4,15300726.6
4344,2023-08-19,Larry Wright,Luxury,BMW i5,Chennai,Blue,Petrol,Manual,Corporate,2,9567085.0,0.0,19134170.0,0.0,19134170.0
4345,2025-06-27,Karen Schwartz,Luxury,BMW X1,Kolkata,Grey,Electric,Manual,Dealer,1,5722595.0,10.0,5722595.0,572259.5,5150335.5
4346,2025-08-06,Edward Wilson,Individual,BMW X7,Kochi,Silver,Diesel,Manual,Online,1,12585364.0,2.0,12585364.0,251707.28,12333656.72
4347,2024-09-26,Adam Chase,Individual,BMW i4,Bangalore,Grey,Diesel,Automatic,Dealer,2,7295663.0,7.0,14591326.0,1021392.82,13569933.18
4348,2025-05-16,Brandon Bruce,Corporate,BMW 3 Series,Chennai,Silver,Electric,Automatic,Dealer,2,5658816.0,7.0,11317632.0,792234.24,10525397.76
4349,2025-02-08,Ellen Silva,Luxury,BMW 7 Series,Delhi,Grey,Petrol,Automatic,Corporate,2,15523611.0,7.0,31047222.0,2173305.54,28873916.46
4350,2024-02-22,Cheyenne Bernard,Luxury,BMW 3 Series,Pune,White,Hybrid,Automatic,Dealer,2,6422822.0,10.0,12845644.0,1284564.4,11561079.6
4351,2025-05-25,Donald Shannon,Luxury,BMW 3 Series,Mumbai,White,Hybrid,Manual,Dealer,2,6391367.0,0.0,12782734.0,0.0,12782734.0
4352,2023-11-23,Alexander Vasquez,Luxury,BMW 7 Series,Kochi,Silver,Electric,Manual,Online,2,18325021.0,7.0,36650042.0,2565502.94,34084539.06
4353,2023-11-09,Jennifer Delgado,Corporate,BMW 3 Series,Ahmedabad,Black,Petrol,Manual,Online,1,6180381.0,7.0,6180381.0,432626.67,5747754.33
4354,2024-05-09,Kelly Adams,Corporate,BMW 5 Series,Delhi,Grey,Petrol,Automatic,Corporate,1,8150834.0,2.0,8150834.0,163016.68,7987817.32
4355,2023-09-13,Lisa Davis,Corporate,BMW i7,Bangalore,Blue,Electric,Automatic,Corporate,3,17060046.0,7.0,51180138.0,3582609.66,47597528.34
4356,2023-08-24,Caleb Baker,Corporate,BMW i4,Bangalore,Grey,Diesel,Manual,Dealer,3,8384786.0,12.0,25154358.0,3018522.96,22135835.04
4357,2024-10-27,Kyle Jensen,Luxury,BMW 5 Series,Pune,Grey,Electric,Automatic,Online,2,8370733.0,12.0,16741466.0,2008975.92,14732490.08
4358,2024-09-06,Jacob Webb,Luxury,BMW X3,Pune,Black,Diesel,Manual,Corporate,2,7551917.0,7.0,15103834.0,1057268.38,14046565.62
4359,2023-11-22,Micheal Yates,Luxury,BMW i4,Delhi,Grey,Electric,Automatic,Dealer,2,7140653.0,2.0,14281306.0,285626.12,13995679.88
4360,2025-03-28,April Robertson,Individual,BMW X3,Bangalore,Grey,Diesel,Manual,Corporate,3,7767439.0,10.0,23302317.0,2330231.7,20972085.3
4361,2024-08-04,Anthony Mathis,Luxury,BMW X3,Kochi,White,Diesel,Automatic,Dealer,1,6860762.0,12.0,6860762.0,823291.44,6037470.56
4362,2025-01-28,Brent Chavez,Individual,BMW i7,Kochi,Black,Electric,Automatic,Online,3,17500138.0,2.0,52500414.0,1050008.28,51450405.72
4363,2025-11-14,Katie Church,Luxury,BMW 5 Series,Mumbai,Silver,Petrol,Manual,Online,1,8305995.0,12.0,8305995.0,996719.4,7309275.6
4364,2024-04-07,Deanna Williams,Corporate,BMW i5,Delhi,Grey,Hybrid,Automatic,Corporate,2,10935661.0,7.0,21871322.0,1530992.54,20340329.46
4365,2024-09-01,Bryan Smith Jr.,Corporate,BMW X3,Bangalore,Grey,Hybrid,Automatic,Online,3,7474461.0,12.0,22423383.0,2690805.96,19732577.04
4366,2023-09-18,Tammy Miller,Luxury,BMW X7,Jaipur,Black,Petrol,Manual,Corporate,1,14470849.0,10.0,14470849.0,1447084.9,13023764.1
4367,2024-10-27,Donna Crawford,Corporate,BMW X3,Pune,Grey,Hybrid,Manual,Online,3,7423105.0,7.0,22269315.0,1558852.05,20710462.95
4368,2025-07-04,Dana Gaines,Individual,BMW X7,Kolkata,Grey,Petrol,Manual,Dealer,2,13681373.0,7.0,27362746.0,1915392.22,25447353.78
4369,2025-08-29,Tammy Robertson DVM,Corporate,BMW i5,Pune,Red,Hybrid,Manual,Online,3,10782302.0,2.0,32346906.0,646938.12,31699967.88
4370,2024-04-27,Richard Estes,Luxury,BMW 7 Series,Bangalore,Blue,Hybrid,Automatic,Corporate,2,18118902.0,0.0,36237804.0,0.0,36237804.0
4371,2025-03-22,Latasha Spencer,Individual,BMW i5,Ahmedabad,Blue,Electric,Automatic,Dealer,2,9301132.0,5.0,18602264.0,930113.2,17672150.8
4372,2025-08-27,Melissa Perez,Luxury,BMW X7,Bangalore,Blue,Petrol,Manual,Dealer,3,14881231.0,10.0,44643693.0,4464369.3,40179323.7
4373,2026-01-13,Lindsey Mathews,Individual,BMW i7,Jaipur,Silver,Hybrid,Manual,Dealer,3,15960473.0,2.0,47881419.0,957628.38,46923790.62
4374,2025-07-12,Dawn Krause,Individual,BMW X7,Ahmedabad,Grey,Diesel,Automatic,Dealer,2,12585913.0,7.0,25171826.0,1762027.82,23409798.18
4375,2025-03-30,Ivan Thomas,Individual,BMW 5 Series,Delhi,Black,Diesel,Automatic,Dealer,1,7018356.0,2.0,7018356.0,140367.12,6877988.88
4376,2024-10-23,Brenda White,Corporate,BMW 5 Series,Bangalore,Blue,Petrol,Manual,Online,1,8433113.0,10.0,8433113.0,843311.3,7589801.7
4377,2025-08-08,Mary Curry,Individual,BMW i5,Jaipur,Grey,Electric,Manual,Corporate,2,9678183.0,10.0,19356366.0,1935636.6,17420729.4
4378,2024-09-20,Laura Logan,Corporate,BMW X3,Pune,Black,Electric,Automatic,Dealer,3,6821870.0,7.0,20465610.0,1432592.7,19033017.3
4379,2026-01-20,Jessica Michael,Individual,BMW X7,Kochi,Grey,Diesel,Manual,Online,2,13918722.0,5.0,27837444.0,1391872.2,26445571.8
4380,2024-02-08,Michael Lam,Corporate,BMW i7,Jaipur,Grey,Petrol,Automatic,Online,3,14837681.0,10.0,44513043.0,4451304.3,40061738.7
4381,2024-11-10,Terry Zimmerman,Luxury,BMW X7,Kolkata,White,Diesel,Manual,Corporate,3,15833037.0,7.0,47499111.0,3324937.77,44174173.23
4382,2023-11-05,Ashley Price,Luxury,BMW i5,Kolkata,Grey,Diesel,Manual,Online,2,10393126.0,0.0,20786252.0,0.0,20786252.0
4383,2024-06-27,Carla Ross,Individual,BMW 3 Series,Bangalore,Red,Petrol,Manual,Online,3,5758303.0,12.0,17274909.0,2072989.08,15201919.92
4384,2023-12-12,Kyle Rice,Corporate,BMW X7,Kochi,Grey,Diesel,Automatic,Corporate,3,13285633.0,7.0,39856899.0,2789982.93,37066916.07
4385,2026-02-05,Leah White PhD,Luxury,BMW i5,Delhi,Blue,Petrol,Manual,Online,2,9288123.0,10.0,18576246.0,1857624.6,16718621.4
4386,2024-04-04,Erica Ward,Individual,BMW X1,Kolkata,Red,Petrol,Automatic,Dealer,3,6009540.0,12.0,18028620.0,2163434.4,15865185.6
4387,2026-07-15,Sara English,Individual,BMW i4,Bangalore,Red,Electric,Automatic,Dealer,1,8272378.0,12.0,8272378.0,992685.36,7279692.64
4388,2025-04-25,Ashley Bean,Luxury,BMW i5,Ahmedabad,Black,Electric,Automatic,Dealer,1,9333123.0,2.0,9333123.0,186662.46,9146460.54
4389,2025-01-27,Edward Fletcher,Luxury,BMW X3,Pune,Silver,Electric,Manual,Dealer,1,7302560.0,5.0,7302560.0,365128.0,6937432.0
4390,2025-03-29,Taylor Golden,Luxury,BMW 7 Series,Chennai,Grey,Hybrid,Automatic,Dealer,2,14787274.0,5.0,29574548.0,1478727.4,28095820.6
4391,2025-08-30,Adrian Evans,Individual,BMW i7,Mumbai,Red,Diesel,Manual,Corporate,2,16844213.0,0.0,33688426.0,0.0,33688426.0
4392,2025-01-10,Sharon Marshall,Individual,BMW 7 Series,Kolkata,Silver,Petrol,Manual,Dealer,2,15075643.0,2.0,30151286.0,603025.72,29548260.28
4393,2026-04-30,Rodney Price,Luxury,BMW 3 Series,Ahmedabad,Red,Electric,Automatic,Online,2,5158251.0,10.0,10316502.0,1031650.2,9284851.8
4394,2023-09-08,Shaun Hansen,Individual,BMW 7 Series,Chennai,Blue,Diesel,Manual,Online,2,15183996.0,10.0,30367992.0,3036799.2,27331192.8
4395,2023-08-20,Alexa Bryant,Luxury,BMW X3,Pune,White,Diesel,Automatic,Dealer,3,6530372.0,10.0,19591116.0,1959111.6,17632004.4
4396,2025-01-03,Krista Harrison,Individual,BMW i7,Kochi,White,Electric,Manual,Online,2,16550562.0,0.0,33101124.0,0.0,33101124.0
4397,2024-06-20,Andrew Brown,Luxury,BMW X1,Bangalore,Grey,Hybrid,Automatic,Corporate,3,5050433.0,0.0,15151299.0,0.0,15151299.0
4398,2024-04-25,Kristina Freeman,Corporate,BMW 7 Series,Mumbai,White,Diesel,Manual,Corporate,3,16756038.0,12.0,50268114.0,6032173.68,44235940.32
4399,2024-10-11,Kimberly Carr,Individual,BMW X1,Ahmedabad,Blue,Hybrid,Manual,Online,2,5914704.0,5.0,11829408.0,591470.4,11237937.6
4400,2024-07-27,Julie Mullins,Luxury,BMW 7 Series,Ahmedabad,Blue,Electric,Manual,Dealer,2,16994463.0,2.0,33988926.0,679778.52,33309147.48
4401,2025-05-27,Jessica Martin,Corporate,BMW X3,Ahmedabad,Grey,Hybrid,Automatic,Corporate,1,6704103.0,7.0,6704103.0,469287.21,6234815.79
4402,2023-10-03,Robert Spencer,Corporate,BMW X1,Kochi,White,Electric,Automatic,Corporate,3,5455408.0,12.0,16366224.0,1963946.88,14402277.12
4403,2026-06-05,Thomas Johnson,Corporate,BMW 3 Series,Hyderabad,Silver,Petrol,Automatic,Dealer,2,4644649.0,0.0,9289298.0,0.0,9289298.0
4404,2026-04-29,Jesse Becker,Corporate,BMW X1,Kochi,Grey,Electric,Automatic,Online,2,5105988.0,2.0,10211976.0,204239.52,10007736.48
4405,2023-11-28,Isaac Wheeler,Individual,BMW i4,Mumbai,Black,Diesel,Automatic,Online,3,7451345.0,10.0,22354035.0,2235403.5,20118631.5
4406,2024-06-26,Richard Shelton,Corporate,BMW 5 Series,Kochi,Blue,Diesel,Manual,Online,1,6729936.0,7.0,6729936.0,471095.52,6258840.48
4407,2023-10-13,Amy Shaw,Luxury,BMW 5 Series,Delhi,Silver,Petrol,Manual,Dealer,1,8182002.0,0.0,8182002.0,0.0,8182002.0
4408,2023-09-13,Roy White,Individual,BMW 7 Series,Chennai,Silver,Electric,Automatic,Dealer,3,17284947.0,12.0,51854841.0,6222580.92,45632260.08
4409,2024-06-09,Christopher Murphy,Corporate,BMW X3,Delhi,White,Hybrid,Manual,Online,2,6897598.0,5.0,13795196.0,689759.8,13105436.2
4410,2024-08-14,Michelle Rodriguez,Individual,BMW X1,Hyderabad,Black,Electric,Automatic,Corporate,2,6181592.0,10.0,12363184.0,1236318.4,11126865.6
4411,2024-11-21,Michael Sullivan,Luxury,BMW 3 Series,Chennai,White,Hybrid,Manual,Corporate,3,5471796.0,2.0,16415388.0,328307.76,16087080.24
4412,2025-12-27,James Johnson,Luxury,BMW X1,Pune,Black,Hybrid,Manual,Online,2,5329694.0,10.0,10659388.0,1065938.8,9593449.2
4413,2023-08-25,Daniel Stanley,Individual,BMW 5 Series,Chennai,Red,Electric,Automatic,Dealer,1,7761614.0,2.0,7761614.0,155232.28,7606381.72
4414,2024-11-11,Carlos Armstrong,Corporate,BMW 3 Series,Kochi,Grey,Diesel,Automatic,Corporate,1,4590990.0,12.0,4590990.0,550918.8,4040071.2
4415,2024-08-23,Bobby Grant,Luxury,BMW X7,Ahmedabad,Blue,Hybrid,Manual,Online,2,15908366.0,5.0,31816732.0,1590836.6,30225895.4
4416,2026-02-26,Jessica Espinoza,Individual,BMW 5 Series,Ahmedabad,Blue,Hybrid,Automatic,Online,3,6847494.0,12.0,20542482.0,2465097.84,18077384.16
4417,2023-11-26,Theresa Hawkins,Corporate,BMW X3,Kolkata,White,Electric,Manual,Corporate,1,7837400.0,2.0,7837400.0,156748.0,7680652.0
4418,2026-04-25,Dr. Aaron Larson Jr.,Corporate,BMW X7,Jaipur,Blue,Hybrid,Automatic,Dealer,1,13195568.0,5.0,13195568.0,659778.4,12535789.6
4419,2023-09-21,Jonathan Huff,Luxury,BMW i4,Pune,Black,Electric,Automatic,Online,1,8038258.0,5.0,8038258.0,401912.9,7636345.1
4420,2023-09-23,Jennifer Miller MD,Corporate,BMW X7,Kochi,Silver,Electric,Manual,Online,2,14829558.0,5.0,29659116.0,1482955.8,28176160.2
4421,2026-02-18,Christian Roberts,Luxury,BMW 3 Series,Chennai,Silver,Diesel,Manual,Online,3,6147608.0,2.0,18442824.0,368856.48,18073967.52
4422,2025-08-07,Linda Guerrero,Individual,BMW 7 Series,Hyderabad,Blue,Electric,Automatic,Dealer,2,18776212.0,12.0,37552424.0,4506290.88,33046133.12
4423,2024-05-19,Jennifer Moore,Corporate,BMW i7,Hyderabad,Black,Electric,Manual,Online,1,14771800.0,5.0,14771800.0,738590.0,14033210.0
4424,2025-05-03,Jennifer Torres,Corporate,BMW i7,Pune,Grey,Diesel,Automatic,Online,3,17519772.0,2.0,52559316.0,1051186.32,51508129.68
4425,2024-12-02,Andrew Santiago,Individual,BMW X7,Chennai,White,Hybrid,Manual,Dealer,1,13145111.0,5.0,13145111.0,657255.55,12487855.45
4426,2024-10-25,Carla Bell,Individual,BMW 7 Series,Kochi,Black,Diesel,Manual,Dealer,1,17958282.0,10.0,17958282.0,1795828.2,16162453.8
4427,2025-11-20,Erika Olson,Luxury,BMW i7,Jaipur,Red,Diesel,Manual,Dealer,1,14598709.0,0.0,14598709.0,0.0,14598709.0
4428,2026-07-26,Kelly Avila,Individual,BMW X3,Mumbai,Red,Electric,Automatic,Corporate,1,7771106.0,2.0,7771106.0,155422.12,7615683.88
4429,2024-02-04,Gerald Armstrong,Corporate,BMW X3,Kochi,Blue,Petrol,Manual,Corporate,1,7326535.0,10.0,7326535.0,732653.5,6593881.5
4430,2023-08-24,Caleb Long,Luxury,BMW i7,Pune,Red,Hybrid,Automatic,Corporate,3,14831044.0,0.0,44493132.0,0.0,44493132.0
4431,2025-06-16,Christopher Fischer,Corporate,BMW X3,Ahmedabad,Red,Petrol,Automatic,Corporate,2,7344888.0,12.0,14689776.0,1762773.12,12927002.88
4432,2024-08-11,Tiffany Wilson,Luxury,BMW 7 Series,Delhi,Grey,Hybrid,Manual,Corporate,2,16545508.0,7.0,33091016.0,2316371.12,30774644.88
4433,2024-11-27,Laura Rogers,Luxury,BMW X1,Kolkata,Red,Electric,Automatic,Online,1,6435047.0,12.0,6435047.0,772205.64,5662841.36
4434,2025-12-21,Kenneth Delgado,Corporate,BMW i5,Hyderabad,Blue,Petrol,Manual,Corporate,3,10842969.0,12.0,32528907.0,3903468.84,28625438.16
4435,2026-01-11,Alicia Kelley,Corporate,BMW 7 Series,Pune,Grey,Diesel,Manual,Corporate,1,17583392.0,10.0,17583392.0,1758339.2,15825052.8
4436,2025-06-12,Randy Dunn,Individual,BMW 7 Series,Mumbai,Silver,Diesel,Manual,Corporate,2,15197502.0,7.0,30395004.0,2127650.28,28267353.72
4437,2024-09-04,Angela Foster,Individual,BMW X3,Kolkata,Silver,Diesel,Manual,Corporate,3,7633085.0,10.0,22899255.0,2289925.5,20609329.5
4438,2025-02-13,Michelle Becker,Luxury,BMW X3,Ahmedabad,Silver,Diesel,Manual,Online,1,6870851.0,12.0,6870851.0,824502.12,6046348.88
4439,2026-05-01,Michele Gallegos,Luxury,BMW X7,Kolkata,Blue,Petrol,Manual,Corporate,1,13668316.0,0.0,13668316.0,0.0,13668316.0
4440,2025-12-20,Rebecca Rodriguez,Luxury,BMW X7,Bangalore,Red,Hybrid,Automatic,Corporate,1,14293639.0,7.0,14293639.0,1000554.73,13293084.27
4441,2025-03-04,Joshua Wright,Corporate,BMW X7,Jaipur,Red,Diesel,Manual,Corporate,3,14916706.0,7.0,44750118.0,3132508.26,41617609.74
4442,2024-12-18,Richard Williams,Luxury,BMW X3,Chennai,Silver,Electric,Automatic,Online,3,7015499.0,12.0,21046497.0,2525579.64,18520917.36
4443,2025-07-07,Melissa English,Individual,BMW i7,Pune,Silver,Electric,Manual,Corporate,1,15749393.0,2.0,15749393.0,314987.86,15434405.14
4444,2024-07-24,Theresa Houston,Individual,BMW i5,Mumbai,Black,Diesel,Automatic,Online,3,10458366.0,2.0,31375098.0,627501.96,30747596.04
4445,2026-07-02,Robin Johnson,Luxury,BMW i7,Mumbai,Red,Petrol,Automatic,Dealer,2,15123466.0,7.0,30246932.0,2117285.24,28129646.76
4446,2025-11-08,Olivia Smith,Luxury,BMW i4,Ahmedabad,Red,Petrol,Automatic,Dealer,1,8263466.0,12.0,8263466.0,991615.92,7271850.08
4447,2025-11-02,Matthew Wheeler,Individual,BMW 7 Series,Chennai,Black,Electric,Automatic,Dealer,2,14644067.0,2.0,29288134.0,585762.68,28702371.32
4448,2025-06-07,John Anthony,Individual,BMW 7 Series,Mumbai,White,Diesel,Automatic,Dealer,1,18864891.0,5.0,18864891.0,943244.55,17921646.45
4449,2025-09-07,Peter Rogers,Individual,BMW X7,Mumbai,Black,Diesel,Automatic,Online,1,14847468.0,5.0,14847468.0,742373.4,14105094.6
4450,2025-05-25,Anthony Armstrong,Individual,BMW 3 Series,Hyderabad,Red,Hybrid,Manual,Dealer,1,5012557.0,10.0,5012557.0,501255.7,4511301.3
4451,2025-08-01,Allison Valencia,Luxury,BMW 5 Series,Hyderabad,Black,Diesel,Automatic,Online,2,7805320.0,10.0,15610640.0,1561064.0,14049576.0
4452,2025-06-22,Steven Ford,Luxury,BMW i4,Pune,Silver,Petrol,Automatic,Dealer,3,7836455.0,12.0,23509365.0,2821123.8,20688241.2
4453,2026-05-16,Laura Murphy,Individual,BMW 5 Series,Kochi,Grey,Hybrid,Manual,Dealer,3,7839774.0,0.0,23519322.0,0.0,23519322.0
4454,2024-02-04,Mr. Brandon Edwards,Corporate,BMW X3,Delhi,White,Hybrid,Automatic,Dealer,1,7610649.0,5.0,7610649.0,380532.45,7230116.55
4455,2026-01-05,George Harris,Corporate,BMW X5,Delhi,Red,Petrol,Automatic,Corporate,2,11567007.0,7.0,23134014.0,1619380.98,21514633.02
4456,2025-10-06,Jonathan Richardson,Individual,BMW 3 Series,Jaipur,Grey,Diesel,Automatic,Online,1,5448323.0,2.0,5448323.0,108966.46,5339356.54
4457,2025-08-03,Susan Kramer,Corporate,BMW 3 Series,Chennai,Silver,Petrol,Automatic,Corporate,1,5807038.0,12.0,5807038.0,696844.56,5110193.44
4458,2025-01-02,Steven Gomez,Individual,BMW i7,Bangalore,Black,Hybrid,Automatic,Online,1,14749611.0,2.0,14749611.0,294992.22,14454618.78
4459,2025-10-06,Marcus Ramirez,Luxury,BMW i7,Mumbai,Black,Diesel,Automatic,Corporate,2,14746369.0,12.0,29492738.0,3539128.56,25953609.44
4460,2025-07-11,Christopher Jones,Individual,BMW X5,Hyderabad,Blue,Diesel,Automatic,Dealer,2,11391078.0,2.0,22782156.0,455643.12,22326512.88
4461,2025-06-20,Robin Morris,Individual,BMW X1,Bangalore,Red,Electric,Manual,Corporate,2,5207047.0,7.0,10414094.0,728986.58,9685107.42
4462,2026-05-03,Natalie Bright,Corporate,BMW X1,Hyderabad,Black,Petrol,Automatic,Online,2,5810087.0,12.0,11620174.0,1394420.88,10225753.12
4463,2024-12-24,Michael Campos,Luxury,BMW i5,Bangalore,Silver,Hybrid,Automatic,Dealer,2,9236851.0,7.0,18473702.0,1293159.14,17180542.86
4464,2025-12-01,Jeffrey Bright,Individual,BMW 7 Series,Pune,Red,Hybrid,Manual,Online,2,14804053.0,2.0,29608106.0,592162.12,29015943.88
4465,2023-11-05,Jennifer Lloyd,Corporate,BMW i4,Mumbai,Black,Electric,Automatic,Corporate,1,7033010.0,2.0,7033010.0,140660.2,6892349.8
4466,2025-04-25,Danielle Bailey,Individual,BMW X5,Mumbai,Black,Electric,Automatic,Corporate,2,9597123.0,12.0,19194246.0,2303309.52,16890936.48
4467,2025-05-16,Brandi Stanley,Corporate,BMW i5,Delhi,Silver,Electric,Automatic,Online,1,10634323.0,0.0,10634323.0,0.0,10634323.0
4468,2024-02-12,Tracey Evans,Corporate,BMW X5,Chennai,Blue,Diesel,Manual,Online,2,11712989.0,10.0,23425978.0,2342597.8,21083380.2
4469,2023-09-21,Mrs. Jennifer Rivera,Luxury,BMW i4,Chennai,Blue,Hybrid,Manual,Online,2,7487975.0,10.0,14975950.0,1497595.0,13478355.0
4470,2026-01-07,Amy Golden,Corporate,BMW 3 Series,Chennai,White,Petrol,Manual,Online,3,5672585.0,12.0,17017755.0,2042130.6,14975624.4
4471,2025-08-30,Penny Norris,Individual,BMW X3,Chennai,Blue,Electric,Automatic,Online,3,7212491.0,2.0,21637473.0,432749.46,21204723.54
4472,2025-03-24,Chloe Hardy,Luxury,BMW 7 Series,Ahmedabad,Red,Hybrid,Automatic,Dealer,2,15400880.0,12.0,30801760.0,3696211.2,27105548.8
4473,2025-10-09,Regina Hawkins,Individual,BMW i5,Hyderabad,Silver,Diesel,Automatic,Online,1,10184278.0,0.0,10184278.0,0.0,10184278.0
4474,2025-11-14,John Thompson MD,Corporate,BMW 5 Series,Bangalore,White,Electric,Automatic,Dealer,1,8075813.0,0.0,8075813.0,0.0,8075813.0
4475,2023-10-21,Brian Daniel,Individual,BMW X7,Jaipur,Red,Petrol,Manual,Dealer,1,12130166.0,10.0,12130166.0,1213016.6,10917149.4
4476,2024-06-07,Kayla Robinson,Corporate,BMW X3,Chennai,Black,Hybrid,Manual,Dealer,2,7341439.0,0.0,14682878.0,0.0,14682878.0
4477,2024-08-15,Kevin Barrera,Luxury,BMW 5 Series,Ahmedabad,Blue,Electric,Manual,Online,3,6602810.0,7.0,19808430.0,1386590.1,18421839.9
4478,2025-06-17,Jeremy Taylor,Corporate,BMW i5,Jaipur,Silver,Petrol,Automatic,Dealer,1,9850476.0,12.0,9850476.0,1182057.12,8668418.88
4479,2024-08-10,Philip Lara,Luxury,BMW i4,Kochi,Blue,Petrol,Automatic,Corporate,2,7052931.0,12.0,14105862.0,1692703.44,12413158.56
4480,2024-02-25,Ronald Smith,Luxury,BMW i5,Bangalore,Black,Electric,Manual,Online,1,10211208.0,0.0,10211208.0,0.0,10211208.0
4481,2024-12-28,Samantha Lawson,Corporate,BMW i4,Kolkata,Black,Electric,Automatic,Corporate,2,7974592.0,7.0,15949184.0,1116442.88,14832741.12
4482,2024-01-17,Angela Soto,Corporate,BMW X7,Chennai,Red,Diesel,Automatic,Online,2,12404470.0,0.0,24808940.0,0.0,24808940.0
4483,2026-07-01,Mary Ewing,Luxury,BMW X3,Pune,Black,Diesel,Automatic,Dealer,2,6657499.0,7.0,13314998.0,932049.86,12382948.14
4484,2024-06-03,Diana Gonzalez,Luxury,BMW i5,Chennai,White,Electric,Manual,Dealer,3,9527606.0,5.0,28582818.0,1429140.9,27153677.1
4485,2024-05-21,Katie Cruz,Luxury,BMW i4,Ahmedabad,White,Diesel,Automatic,Online,1,8378077.0,5.0,8378077.0,418903.85,7959173.15
4486,2025-11-16,Mr. Carlos Hardy,Corporate,BMW i7,Hyderabad,Red,Hybrid,Automatic,Corporate,2,16231853.0,10.0,32463706.0,3246370.6,29217335.4
4487,2025-01-08,Joseph Robertson,Luxury,BMW i5,Ahmedabad,Red,Diesel,Automatic,Corporate,2,9366271.0,2.0,18732542.0,374650.84,18357891.16
4488,2025-01-23,Joanna Reed,Luxury,BMW X5,Ahmedabad,Blue,Petrol,Automatic,Corporate,1,9566673.0,12.0,9566673.0,1148000.76,8418672.24
4489,2025-10-29,Shannon Johnson,Corporate,BMW X7,Kolkata,Red,Electric,Manual,Corporate,3,12819769.0,10.0,38459307.0,3845930.7,34613376.3
4490,2024-06-30,Tara Duffy,Luxury,BMW X3,Delhi,White,Diesel,Manual,Online,3,6783776.0,7.0,20351328.0,1424592.96,18926735.04
4491,2024-06-28,Angela Henry,Corporate,BMW X5,Hyderabad,Red,Hybrid,Manual,Dealer,3,10505568.0,0.0,31516704.0,0.0,31516704.0
4492,2025-05-06,Ana Jones,Corporate,BMW 7 Series,Ahmedabad,White,Electric,Automatic,Corporate,2,16088162.0,2.0,32176324.0,643526.48,31532797.52
4493,2025-03-25,Lisa Nelson,Individual,BMW 7 Series,Chennai,White,Diesel,Manual,Dealer,2,14875439.0,7.0,29750878.0,2082561.46,27668316.54
4494,2025-10-25,Melissa Wilkins,Luxury,BMW X3,Hyderabad,Silver,Diesel,Manual,Online,2,6692657.0,7.0,13385314.0,936971.98,12448342.02
4495,2025-07-01,Jennifer Glover,Individual,BMW 7 Series,Kolkata,Red,Hybrid,Automatic,Dealer,2,15776543.0,2.0,31553086.0,631061.72,30922024.28
4496,2025-12-09,James Kim,Luxury,BMW X5,Ahmedabad,Blue,Electric,Manual,Dealer,2,9634865.0,5.0,19269730.0,963486.5,18306243.5
4497,2023-11-17,Samuel Garza,Corporate,BMW X3,Mumbai,Black,Petrol,Automatic,Online,2,7068108.0,2.0,14136216.0,282724.32,13853491.68
4498,2025-01-15,Shawn Dunn,Individual,BMW X3,Kochi,Blue,Hybrid,Manual,Dealer,2,7055696.0,10.0,14111392.0,1411139.2,12700252.8
4499,2026-07-09,Christine Hicks,Individual,BMW i5,Jaipur,Silver,Electric,Manual,Corporate,2,10506998.0,2.0,21013996.0,420279.92,20593716.08
4500,2023-11-29,Monica Martin,Corporate,BMW 5 Series,Pune,Black,Petrol,Manual,Online,1,6656435.0,10.0,6656435.0,665643.5,5990791.5
4501,2024-08-01,Sandra Fernandez,Luxury,BMW i7,Hyderabad,Grey,Electric,Automatic,Corporate,2,17783578.0,12.0,35567156.0,4268058.72,31299097.28
4502,2024-03-26,Tracey Gibbs,Individual,BMW i5,Ahmedabad,Silver,Diesel,Manual,Corporate,2,9363917.0,7.0,18727834.0,1310948.38,17416885.62
4503,2024-08-21,Karen Lester,Individual,BMW i7,Kochi,Silver,Petrol,Manual,Dealer,2,16215901.0,5.0,32431802.0,1621590.1,30810211.9
4504,2025-01-03,Alexander Moore,Corporate,BMW 3 Series,Ahmedabad,Blue,Petrol,Automatic,Online,1,5162877.0,5.0,5162877.0,258143.85,4904733.15
4505,2023-10-10,Marissa Roberts,Luxury,BMW i7,Hyderabad,Black,Electric,Manual,Dealer,3,17847860.0,2.0,53543580.0,1070871.6,52472708.4
4506,2024-03-30,Michael Thomas,Corporate,BMW X3,Pune,Silver,Petrol,Automatic,Online,1,6912236.0,0.0,6912236.0,0.0,6912236.0
4507,2024-01-30,Rhonda Mason,Corporate,BMW X3,Mumbai,Silver,Hybrid,Automatic,Dealer,3,7503279.0,12.0,22509837.0,2701180.44,19808656.56
4508,2025-12-18,Ian Morton,Corporate,BMW 3 Series,Bangalore,Grey,Petrol,Manual,Corporate,2,6431301.0,12.0,12862602.0,1543512.24,11319089.76
4509,2026-06-17,Brandon Bender,Luxury,BMW i7,Kolkata,Grey,Hybrid,Automatic,Online,3,14479123.0,0.0,43437369.0,0.0,43437369.0
4510,2025-02-14,Jacob Larson,Corporate,BMW X3,Kochi,Red,Hybrid,Automatic,Online,1,6714831.0,0.0,6714831.0,0.0,6714831.0
4511,2024-09-30,Nicole Anderson,Individual,BMW 3 Series,Kolkata,Black,Electric,Automatic,Dealer,2,4662585.0,7.0,9325170.0,652761.9,8672408.1
4512,2024-06-29,George Anderson DDS,Individual,BMW 7 Series,Pune,White,Petrol,Manual,Dealer,1,14018668.0,12.0,14018668.0,1682240.16,12336427.84
4513,2023-11-26,Kristina Fox,Luxury,BMW X3,Chennai,Red,Hybrid,Automatic,Dealer,2,6892684.0,2.0,13785368.0,275707.36,13509660.64
4514,2024-12-09,Steven Smith,Individual,BMW 5 Series,Hyderabad,Black,Electric,Manual,Online,3,6625992.0,7.0,19877976.0,1391458.32,18486517.68
4515,2026-05-23,Shelly Walton,Individual,BMW 3 Series,Ahmedabad,Red,Hybrid,Manual,Dealer,2,5797040.0,7.0,11594080.0,811585.6,10782494.4
4516,2026-02-02,Jay Ayala,Corporate,BMW 3 Series,Bangalore,Blue,Diesel,Manual,Dealer,1,5099612.0,5.0,5099612.0,254980.6,4844631.4
4517,2024-05-29,Kathleen Williams,Luxury,BMW i4,Mumbai,Silver,Hybrid,Automatic,Online,1,8024118.0,2.0,8024118.0,160482.36,7863635.64
4518,2025-04-11,Lindsay Hernandez,Corporate,BMW i7,Pune,Blue,Electric,Manual,Corporate,3,14711593.0,12.0,44134779.0,5296173.48,38838605.52
4519,2025-11-15,Brett Phillips,Individual,BMW i4,Kolkata,Red,Diesel,Automatic,Online,2,7447406.0,12.0,14894812.0,1787377.44,13107434.56
4520,2024-03-30,Joseph Oneill,Corporate,BMW X5,Ahmedabad,Silver,Diesel,Manual,Online,3,11504291.0,7.0,34512873.0,2415901.11,32096971.89
4521,2025-03-16,Steven Wilson MD,Luxury,BMW 3 Series,Ahmedabad,Black,Petrol,Manual,Dealer,3,5154065.0,12.0,15462195.0,1855463.4,13606731.6
4522,2025-12-29,Kevin Brown,Corporate,BMW i7,Delhi,Black,Electric,Automatic,Dealer,3,17060849.0,10.0,51182547.0,5118254.7,46064292.3
4523,2026-07-21,Adrienne Bradshaw,Luxury,BMW i7,Chennai,Silver,Petrol,Automatic,Online,2,14991457.0,7.0,29982914.0,2098803.98,27884110.02
4524,2024-09-28,Tony Preston,Individual,BMW i5,Kolkata,Grey,Petrol,Manual,Online,3,10298078.0,7.0,30894234.0,2162596.38,28731637.62
4525,2025-09-27,Bradley Davis,Individual,BMW X3,Ahmedabad,Blue,Petrol,Automatic,Dealer,1,7323752.0,7.0,7323752.0,512662.64,6811089.36
4526,2024-12-16,Alexis Lowery,Corporate,BMW 5 Series,Jaipur,White,Diesel,Manual,Corporate,1,7110195.0,7.0,7110195.0,497713.65,6612481.35
4527,2024-08-30,Phillip Hamilton,Individual,BMW X3,Bangalore,Blue,Electric,Manual,Corporate,1,7603934.0,2.0,7603934.0,152078.68,7451855.32
4528,2025-06-26,Jenna Mcdowell,Individual,BMW X5,Kochi,Blue,Diesel,Manual,Online,2,10482024.0,7.0,20964048.0,1467483.36,19496564.64
4529,2023-10-11,Craig Lee,Luxury,BMW X1,Ahmedabad,Blue,Petrol,Manual,Online,3,5950338.0,10.0,17851014.0,1785101.4,16065912.6
4530,2024-10-11,Terri Stafford,Corporate,BMW X5,Pune,Blue,Electric,Automatic,Dealer,1,11424126.0,7.0,11424126.0,799688.82,10624437.18
4531,2025-10-17,Bruce Adams,Luxury,BMW 7 Series,Hyderabad,Blue,Hybrid,Manual,Corporate,3,16776275.0,10.0,50328825.0,5032882.5,45295942.5
4532,2025-04-14,Kimberly Carpenter,Luxury,BMW 3 Series,Bangalore,White,Diesel,Manual,Corporate,2,5883431.0,5.0,11766862.0,588343.1,11178518.9
4533,2026-03-22,Tracy Marsh,Individual,BMW 7 Series,Kochi,Grey,Electric,Automatic,Corporate,3,16296390.0,12.0,48889170.0,5866700.4,43022469.6
4534,2023-09-30,Matthew Gutierrez,Individual,BMW X7,Ahmedabad,Red,Petrol,Automatic,Dealer,3,13068688.0,10.0,39206064.0,3920606.4,35285457.6
4535,2024-01-21,Donald Robinson,Individual,BMW i5,Pune,Black,Petrol,Manual,Online,1,9564563.0,7.0,9564563.0,669519.41,8895043.59
4536,2024-08-17,James Diaz,Corporate,BMW i7,Bangalore,White,Hybrid,Manual,Online,1,17948286.0,5.0,17948286.0,897414.3,17050871.7
4537,2024-02-04,Bridget Welch,Luxury,BMW X1,Jaipur,White,Hybrid,Manual,Dealer,1,5714517.0,12.0,5714517.0,685742.04,5028774.96
4538,2025-03-14,Nathan Hahn Jr.,Luxury,BMW X5,Hyderabad,Blue,Diesel,Manual,Dealer,2,10692525.0,0.0,21385050.0,0.0,21385050.0
4539,2024-06-05,Adrian Harvey,Individual,BMW 3 Series,Delhi,White,Petrol,Manual,Dealer,3,4624887.0,5.0,13874661.0,693733.05,13180927.95
4540,2023-12-30,Brittany Kennedy,Individual,BMW X3,Kolkata,Red,Hybrid,Manual,Online,1,6659865.0,10.0,6659865.0,665986.5,5993878.5
4541,2024-10-06,Linda Rogers,Luxury,BMW 7 Series,Jaipur,Blue,Diesel,Automatic,Corporate,3,15506242.0,7.0,46518726.0,3256310.82,43262415.18
4542,2024-08-02,Casey Vazquez,Corporate,BMW 3 Series,Delhi,Black,Hybrid,Automatic,Dealer,3,4714768.0,10.0,14144304.0,1414430.4,12729873.6
4543,2026-05-06,Stephanie Nelson,Corporate,BMW X1,Mumbai,Red,Electric,Manual,Dealer,1,6420557.0,0.0,6420557.0,0.0,6420557.0
4544,2026-04-04,Mary Franklin,Luxury,BMW i5,Delhi,Grey,Petrol,Automatic,Dealer,2,9523870.0,12.0,19047740.0,2285728.8,16762011.2
4545,2023-09-02,John Perkins,Luxury,BMW i7,Mumbai,Red,Petrol,Automatic,Dealer,1,14365583.0,7.0,14365583.0,1005590.81,13359992.19
4546,2025-05-16,Robert Meadows,Corporate,BMW 3 Series,Kochi,Silver,Hybrid,Manual,Online,2,5003935.0,7.0,10007870.0,700550.9,9307319.1
4547,2025-12-18,Brandon Collins,Corporate,BMW i4,Mumbai,Grey,Electric,Manual,Online,2,7872494.0,7.0,15744988.0,1102149.16,14642838.84
4548,2023-08-31,Samantha Marshall,Luxury,BMW X5,Kochi,Red,Petrol,Manual,Online,1,9743993.0,5.0,9743993.0,487199.65,9256793.35
4549,2026-02-03,Samuel Little,Luxury,BMW X1,Pune,White,Hybrid,Automatic,Online,1,5232866.0,0.0,5232866.0,0.0,5232866.0
4550,2026-01-06,James Williams,Luxury,BMW X5,Mumbai,Red,Diesel,Automatic,Dealer,1,10485826.0,10.0,10485826.0,1048582.6,9437243.4
4551,2023-09-09,Teresa Martinez,Luxury,BMW X1,Bangalore,Silver,Petrol,Manual,Corporate,2,5431541.0,12.0,10863082.0,1303569.84,9559512.16
4552,2023-10-06,Rebecca Williams,Individual,BMW X5,Pune,White,Hybrid,Manual,Online,2,9619503.0,0.0,19239006.0,0.0,19239006.0
4553,2024-10-03,Danny Chavez,Luxury,BMW 7 Series,Kolkata,Blue,Petrol,Manual,Dealer,2,14119166.0,7.0,28238332.0,1976683.24,26261648.76
4554,2026-01-01,Edward Franklin,Corporate,BMW X3,Delhi,White,Petrol,Manual,Corporate,2,7563350.0,7.0,15126700.0,1058869.0,14067831.0
4555,2024-03-03,Sara Fisher,Individual,BMW X1,Delhi,Silver,Hybrid,Automatic,Dealer,1,6386013.0,7.0,6386013.0,447020.91,5938992.09
4556,2025-05-27,Richard Simpson PhD,Corporate,BMW i7,Delhi,Blue,Hybrid,Automatic,Dealer,2,14225150.0,10.0,28450300.0,2845030.0,25605270.0
4557,2025-08-16,Diana Lutz,Corporate,BMW 3 Series,Hyderabad,Red,Diesel,Manual,Dealer,3,4980016.0,5.0,14940048.0,747002.4,14193045.6
4558,2025-11-14,Kelly Garcia,Luxury,BMW 7 Series,Pune,Blue,Petrol,Manual,Online,1,18581840.0,10.0,18581840.0,1858184.0,16723656.0
4559,2024-06-22,Ryan Adkins,Corporate,BMW 5 Series,Kolkata,Red,Petrol,Manual,Online,3,7923333.0,5.0,23769999.0,1188499.95,22581499.05
4560,2025-06-07,Brittany Stewart,Individual,BMW X3,Delhi,White,Diesel,Automatic,Online,2,7407141.0,5.0,14814282.0,740714.1,14073567.9
4561,2024-02-29,Daniel Hayes,Luxury,BMW 5 Series,Pune,Silver,Hybrid,Manual,Online,2,6856253.0,2.0,13712506.0,274250.12,13438255.88
4562,2026-06-27,Joshua Butler,Luxury,BMW X5,Delhi,Red,Hybrid,Manual,Corporate,1,11570771.0,0.0,11570771.0,0.0,11570771.0
4563,2024-01-06,Spencer Jones,Luxury,BMW X5,Chennai,Grey,Hybrid,Automatic,Corporate,3,10024015.0,5.0,30072045.0,1503602.25,28568442.75
4564,2026-04-26,Kevin Lewis,Luxury,BMW X1,Kolkata,Blue,Petrol,Automatic,Corporate,1,6027798.0,12.0,6027798.0,723335.76,5304462.24
4565,2024-10-18,Anthony Mendoza,Corporate,BMW 3 Series,Chennai,Silver,Petrol,Manual,Corporate,3,6172388.0,5.0,18517164.0,925858.2,17591305.8
4566,2026-01-22,Richard Wilson,Individual,BMW 3 Series,Ahmedabad,Grey,Petrol,Automatic,Online,2,5006071.0,12.0,10012142.0,1201457.04,8810684.96
4567,2026-04-01,Eric Smith,Luxury,BMW 5 Series,Mumbai,Silver,Hybrid,Automatic,Corporate,2,7891717.0,0.0,15783434.0,0.0,15783434.0
4568,2024-03-30,Kathryn Morrison,Corporate,BMW 5 Series,Kolkata,Grey,Electric,Automatic,Online,2,8356488.0,5.0,16712976.0,835648.8,15877327.2
4569,2024-08-22,Maria Chambers,Corporate,BMW X3,Hyderabad,White,Diesel,Manual,Corporate,3,7554527.0,12.0,22663581.0,2719629.72,19943951.28
4570,2024-09-08,Sarah Williamson,Corporate,BMW i5,Pune,Silver,Petrol,Manual,Corporate,1,10930273.0,5.0,10930273.0,546513.65,10383759.35
4571,2024-11-07,Monica Welch,Corporate,BMW i5,Bangalore,Grey,Petrol,Manual,Online,2,9728815.0,12.0,19457630.0,2334915.6,17122714.4
4572,2026-06-07,Stephen Randolph,Luxury,BMW X7,Bangalore,Red,Electric,Automatic,Dealer,2,15605441.0,7.0,31210882.0,2184761.74,29026120.26
4573,2026-07-26,Jordan Lee,Luxury,BMW X7,Mumbai,Silver,Petrol,Manual,Online,2,13627430.0,7.0,27254860.0,1907840.2,25347019.8
4574,2023-12-17,Sheri Santiago,Corporate,BMW X5,Bangalore,White,Diesel,Manual,Dealer,1,11233592.0,0.0,11233592.0,0.0,11233592.0
4575,2025-04-26,Mark Strickland,Corporate,BMW 7 Series,Hyderabad,Red,Diesel,Manual,Corporate,2,16187741.0,0.0,32375482.0,0.0,32375482.0
4576,2026-04-25,David Rivas,Luxury,BMW X7,Bangalore,White,Hybrid,Manual,Online,1,14489147.0,0.0,14489147.0,0.0,14489147.0
4577,2026-05-13,Tracy Jackson,Luxury,BMW i5,Kolkata,Blue,Hybrid,Manual,Dealer,2,10215790.0,10.0,20431580.0,2043158.0,18388422.0
4578,2025-04-09,Alicia Lopez,Luxury,BMW 5 Series,Kochi,Blue,Diesel,Manual,Dealer,1,7390990.0,0.0,7390990.0,0.0,7390990.0
4579,2024-08-22,Lindsey Cline,Corporate,BMW X3,Mumbai,White,Electric,Automatic,Online,3,7315123.0,2.0,21945369.0,438907.38,21506461.62
4580,2025-02-01,Mike Phillips,Luxury,BMW 7 Series,Mumbai,Grey,Electric,Manual,Corporate,1,14036275.0,2.0,14036275.0,280725.5,13755549.5
4581,2024-09-26,Jose Stevenson,Individual,BMW 3 Series,Bangalore,Black,Petrol,Manual,Online,2,5523111.0,2.0,11046222.0,220924.44,10825297.56
4582,2023-08-30,Edward Walker,Corporate,BMW 3 Series,Jaipur,White,Hybrid,Automatic,Dealer,3,5260890.0,5.0,15782670.0,789133.5,14993536.5
4583,2024-05-12,Karen Watts,Individual,BMW 7 Series,Mumbai,Blue,Hybrid,Manual,Corporate,2,14101257.0,2.0,28202514.0,564050.28,27638463.72
4584,2025-08-08,Jessica Dunn,Luxury,BMW X5,Ahmedabad,Red,Electric,Automatic,Corporate,2,11407459.0,7.0,22814918.0,1597044.26,21217873.74
4585,2024-11-03,Stephanie Charles,Luxury,BMW X3,Bangalore,Silver,Petrol,Automatic,Dealer,2,6503915.0,0.0,13007830.0,0.0,13007830.0
4586,2024-03-31,Jennifer Mullins,Corporate,BMW i4,Mumbai,Blue,Diesel,Manual,Corporate,1,7038726.0,2.0,7038726.0,140774.52,6897951.48
4587,2026-05-29,James Torres,Corporate,BMW X7,Mumbai,Silver,Diesel,Manual,Dealer,2,15137967.0,2.0,30275934.0,605518.68,29670415.32
4588,2026-04-25,Debra Stein,Luxury,BMW 5 Series,Jaipur,Black,Diesel,Automatic,Online,3,7579722.0,2.0,22739166.0,454783.32,22284382.68
4589,2024-12-22,Hannah Huffman,Individual,BMW i7,Pune,White,Petrol,Manual,Corporate,3,16120538.0,7.0,48361614.0,3385312.98,44976301.02
4590,2023-10-25,Tyrone Ho,Corporate,BMW 5 Series,Bangalore,Red,Petrol,Manual,Corporate,3,6696895.0,2.0,20090685.0,401813.7,19688871.3
4591,2023-12-19,Brooke Riley,Corporate,BMW 3 Series,Mumbai,Grey,Hybrid,Automatic,Corporate,2,5837034.0,7.0,11674068.0,817184.76,10856883.24
4592,2026-06-18,Suzanne Hooper,Corporate,BMW i7,Delhi,Black,Diesel,Automatic,Online,1,16013942.0,10.0,16013942.0,1601394.2,14412547.8
4593,2024-03-26,Dana Michael,Luxury,BMW i7,Jaipur,White,Diesel,Manual,Dealer,2,15173906.0,0.0,30347812.0,0.0,30347812.0
4594,2025-03-15,Jill Calhoun,Corporate,BMW 7 Series,Kochi,Grey,Electric,Automatic,Corporate,1,16332698.0,2.0,16332698.0,326653.96,16006044.04
4595,2024-11-18,Theresa Green,Individual,BMW X1,Bangalore,Silver,Electric,Manual,Corporate,1,6384435.0,2.0,6384435.0,127688.7,6256746.3
4596,2023-11-09,Mrs. Lisa Rodriguez DDS,Luxury,BMW i4,Pune,Red,Electric,Automatic,Dealer,2,7869376.0,0.0,15738752.0,0.0,15738752.0
4597,2024-03-21,Antonio Bennett,Individual,BMW 3 Series,Pune,Red,Petrol,Manual,Dealer,3,5344750.0,7.0,16034250.0,1122397.5,14911852.5
4598,2025-05-09,Patricia Cummings,Individual,BMW X7,Pune,Blue,Petrol,Manual,Corporate,2,12636539.0,10.0,25273078.0,2527307.8,22745770.2
4599,2024-11-10,Lisa Weaver,Corporate,BMW i7,Jaipur,White,Petrol,Automatic,Dealer,3,14998071.0,10.0,44994213.0,4499421.3,40494791.7
4600,2025-01-28,Emily Mays,Individual,BMW X3,Kochi,Grey,Electric,Automatic,Online,2,7478961.0,7.0,14957922.0,1047054.54,13910867.46
4601,2026-01-24,Laurie Ford,Luxury,BMW 5 Series,Kolkata,Grey,Electric,Automatic,Dealer,2,8297507.0,7.0,16595014.0,1161650.98,15433363.02
4602,2025-05-07,Ashley Miller,Individual,BMW 7 Series,Kolkata,Blue,Electric,Automatic,Corporate,3,14910338.0,12.0,44731014.0,5367721.68,39363292.32
4603,2025-10-16,Daniel Hahn,Corporate,BMW X3,Jaipur,White,Electric,Manual,Online,3,7052684.0,5.0,21158052.0,1057902.6,20100149.4
4604,2025-09-30,Jamie Flores,Luxury,BMW X7,Kolkata,Red,Hybrid,Manual,Online,3,12322224.0,2.0,36966672.0,739333.44,36227338.56
4605,2023-12-16,Crystal Rivera,Luxury,BMW 3 Series,Chennai,Silver,Electric,Manual,Online,3,5982757.0,0.0,17948271.0,0.0,17948271.0
4606,2025-11-04,Chad Mcmillan,Corporate,BMW i4,Jaipur,Red,Electric,Automatic,Dealer,1,7393232.0,2.0,7393232.0,147864.64,7245367.36
4607,2024-01-09,Amber Clark,Corporate,BMW 5 Series,Kochi,White,Hybrid,Automatic,Online,2,8136192.0,0.0,16272384.0,0.0,16272384.0
4608,2024-07-17,Brian Fernandez,Luxury,BMW 5 Series,Jaipur,White,Hybrid,Automatic,Corporate,2,8125295.0,12.0,16250590.0,1950070.8,14300519.2
4609,2024-02-13,Edward Harris,Individual,BMW i4,Jaipur,Black,Diesel,Automatic,Corporate,2,7087216.0,2.0,14174432.0,283488.64,13890943.36
4610,2026-02-02,Meredith Dixon,Corporate,BMW X1,Jaipur,White,Petrol,Manual,Online,1,6151614.0,0.0,6151614.0,0.0,6151614.0
4611,2025-03-22,David Middleton,Corporate,BMW X7,Mumbai,White,Hybrid,Automatic,Online,1,13857554.0,0.0,13857554.0,0.0,13857554.0
4612,2024-04-12,Ashley Barton,Corporate,BMW i5,Mumbai,Grey,Hybrid,Automatic,Corporate,2,10878664.0,5.0,21757328.0,1087866.4,20669461.6
4613,2023-11-24,William Braun,Corporate,BMW 5 Series,Kochi,Blue,Hybrid,Manual,Online,3,7818954.0,0.0,23456862.0,0.0,23456862.0
4614,2024-08-18,Wendy Ingram,Corporate,BMW X1,Kochi,Black,Electric,Manual,Online,2,5855718.0,7.0,11711436.0,819800.52,10891635.48
4615,2024-07-10,Kimberly Williams,Corporate,BMW X1,Kochi,Blue,Petrol,Manual,Online,1,5511681.0,7.0,5511681.0,385817.67,5125863.33
4616,2023-12-15,Ann Silva,Luxury,BMW i5,Jaipur,Silver,Petrol,Manual,Corporate,3,10038413.0,2.0,30115239.0,602304.78,29512934.22
4617,2025-05-20,Cindy Watson,Individual,BMW X7,Jaipur,Blue,Diesel,Automatic,Corporate,1,12522240.0,2.0,12522240.0,250444.8,12271795.2
4618,2024-12-03,Jeffrey Hernandez,Luxury,BMW 7 Series,Kolkata,Blue,Hybrid,Automatic,Dealer,1,17519634.0,5.0,17519634.0,875981.7,16643652.3
4619,2025-03-08,Kimberly Burnett,Corporate,BMW i7,Pune,Black,Petrol,Manual,Dealer,1,16162921.0,5.0,16162921.0,808146.05,15354774.95
4620,2025-07-20,Karl Anderson,Luxury,BMW X5,Kochi,Black,Petrol,Automatic,Corporate,3,11458093.0,0.0,34374279.0,0.0,34374279.0
4621,2026-04-15,Nathan Johnson,Corporate,BMW 3 Series,Chennai,Red,Electric,Manual,Online,1,5445280.0,10.0,5445280.0,544528.0,4900752.0
4622,2024-02-08,Denise Webster,Luxury,BMW X1,Delhi,Grey,Diesel,Automatic,Corporate,2,6040495.0,2.0,12080990.0,241619.8,11839370.2
4623,2026-04-15,Donna Whitaker,Corporate,BMW X3,Bangalore,Red,Electric,Manual,Dealer,1,6941802.0,10.0,6941802.0,694180.2,6247621.8
4624,2023-09-08,Amy Figueroa,Individual,BMW i5,Mumbai,Black,Electric,Manual,Corporate,1,9300839.0,2.0,9300839.0,186016.78,9114822.22
4625,2024-06-01,Mary Patterson,Individual,BMW i5,Delhi,Blue,Petrol,Automatic,Corporate,3,10373101.0,2.0,31119303.0,622386.06,30496916.94
4626,2025-05-23,Jeremy Perez,Individual,BMW 3 Series,Mumbai,Blue,Petrol,Manual,Corporate,2,6084809.0,10.0,12169618.0,1216961.8,10952656.2
4627,2023-12-19,Francis Allen,Luxury,BMW i7,Delhi,Red,Hybrid,Automatic,Corporate,1,14264465.0,5.0,14264465.0,713223.25,13551241.75
4628,2025-08-16,Lori Becker,Corporate,BMW X1,Hyderabad,Silver,Hybrid,Manual,Online,3,5517792.0,10.0,16553376.0,1655337.6,14898038.4
4629,2023-08-29,Kim Gilbert,Individual,BMW X7,Chennai,Silver,Electric,Automatic,Online,2,14653972.0,2.0,29307944.0,586158.88,28721785.12
4630,2025-05-15,Jennifer Diaz,Corporate,BMW 3 Series,Mumbai,Red,Diesel,Manual,Online,3,5683160.0,7.0,17049480.0,1193463.6,15856016.4
4631,2024-01-20,Taylor Jordan,Individual,BMW X1,Chennai,White,Hybrid,Automatic,Corporate,1,6107395.0,10.0,6107395.0,610739.5,5496655.5
4632,2024-04-01,Michael Coffey,Corporate,BMW i7,Mumbai,Grey,Petrol,Automatic,Online,3,16657674.0,12.0,49973022.0,5996762.64,43976259.36
4633,2026-07-19,Mrs. Carolyn Moore,Luxury,BMW X1,Jaipur,Black,Electric,Manual,Dealer,1,5349897.0,7.0,5349897.0,374492.79,4975404.21
4634,2024-04-09,Ernest Brown,Luxury,BMW i5,Pune,Black,Petrol,Manual,Online,1,9245827.0,2.0,9245827.0,184916.54,9060910.46
4635,2023-09-23,Mrs. Brianna Peterson,Luxury,BMW 3 Series,Pune,Grey,Hybrid,Automatic,Dealer,2,5417952.0,7.0,10835904.0,758513.28,10077390.72
4636,2025-05-16,David Martinez,Luxury,BMW i5,Jaipur,White,Petrol,Automatic,Online,1,10272499.0,0.0,10272499.0,0.0,10272499.0
4637,2024-10-31,Sheila Reyes,Luxury,BMW X5,Ahmedabad,Red,Diesel,Automatic,Dealer,1,10631690.0,5.0,10631690.0,531584.5,10100105.5
4638,2025-12-05,Jason Cobb,Luxury,BMW X1,Kolkata,Grey,Hybrid,Automatic,Corporate,2,5027178.0,7.0,10054356.0,703804.92,9350551.08
4639,2024-06-24,Clarence King,Corporate,BMW 7 Series,Delhi,Grey,Electric,Manual,Dealer,3,17960672.0,2.0,53882016.0,1077640.32,52804375.68
4640,2026-01-17,Rebecca Chase,Individual,BMW X1,Kolkata,Grey,Electric,Manual,Corporate,3,5590985.0,7.0,16772955.0,1174106.85,15598848.15
4641,2024-01-17,Jason Mitchell,Luxury,BMW X3,Pune,White,Electric,Manual,Online,2,6979995.0,5.0,13959990.0,697999.5,13261990.5
4642,2025-10-20,David Marshall,Luxury,BMW X3,Jaipur,White,Hybrid,Automatic,Dealer,1,7615356.0,5.0,7615356.0,380767.8,7234588.2
4643,2024-06-07,Angela Parsons,Corporate,BMW i5,Pune,Black,Electric,Manual,Dealer,1,10988685.0,0.0,10988685.0,0.0,10988685.0
4644,2024-04-11,Alyssa Shaw,Luxury,BMW X1,Jaipur,Grey,Hybrid,Manual,Online,1,5722089.0,5.0,5722089.0,286104.45,5435984.55
4645,2026-05-23,Teresa White,Luxury,BMW i4,Chennai,Silver,Hybrid,Automatic,Corporate,2,8361071.0,0.0,16722142.0,0.0,16722142.0
4646,2024-10-23,Mrs. Sheila Gonzalez,Corporate,BMW X1,Jaipur,White,Electric,Manual,Corporate,1,5439392.0,10.0,5439392.0,543939.2,4895452.8
4647,2025-03-30,Mark Peters,Individual,BMW 3 Series,Hyderabad,Red,Hybrid,Automatic,Corporate,2,6092581.0,5.0,12185162.0,609258.1,11575903.9
4648,2023-09-17,Cesar Chapman,Individual,BMW X3,Pune,White,Diesel,Automatic,Online,1,7290253.0,12.0,7290253.0,874830.36,6415422.64
4649,2025-06-17,Jake Martinez,Individual,BMW i7,Pune,Grey,Petrol,Manual,Online,2,14580519.0,5.0,29161038.0,1458051.9,27702986.1
4650,2025-02-09,Tiffany Martin,Luxury,BMW X5,Ahmedabad,Grey,Diesel,Automatic,Dealer,3,11724935.0,2.0,35174805.0,703496.1,34471308.9
4651,2024-06-06,James White,Individual,BMW 7 Series,Delhi,Grey,Petrol,Manual,Corporate,2,15219232.0,0.0,30438464.0,0.0,30438464.0
4652,2024-12-26,Andrea Stevens,Luxury,BMW i5,Kolkata,Blue,Hybrid,Manual,Dealer,2,10216359.0,12.0,20432718.0,2451926.16,17980791.84
4653,2023-11-07,Michael Espinoza,Corporate,BMW X1,Ahmedabad,Red,Electric,Manual,Corporate,1,5051559.0,12.0,5051559.0,606187.08,4445371.92
4654,2023-10-27,Danielle Sanchez,Luxury,BMW i4,Hyderabad,Red,Diesel,Automatic,Dealer,3,7866560.0,0.0,23599680.0,0.0,23599680.0
4655,2024-01-04,Victoria Morales,Luxury,BMW 7 Series,Kochi,White,Diesel,Automatic,Corporate,1,16353153.0,12.0,16353153.0,1962378.36,14390774.64
4656,2023-12-22,Austin Monroe,Luxury,BMW 3 Series,Kolkata,Silver,Electric,Automatic,Online,2,4888874.0,2.0,9777748.0,195554.96,9582193.04
4657,2025-12-09,Jacob Moore,Luxury,BMW X3,Pune,Red,Diesel,Manual,Corporate,2,7271871.0,0.0,14543742.0,0.0,14543742.0
4658,2026-02-20,Linda French,Individual,BMW X1,Bangalore,White,Electric,Manual,Dealer,1,5547941.0,0.0,5547941.0,0.0,5547941.0
4659,2024-08-25,Edward Liu,Luxury,BMW X1,Hyderabad,Grey,Diesel,Manual,Online,1,6059242.0,7.0,6059242.0,424146.94,5635095.06
4660,2026-08-05,Lori Miller,Corporate,BMW i7,Chennai,Red,Hybrid,Manual,Dealer,2,15293320.0,10.0,30586640.0,3058664.0,27527976.0
4661,2024-01-11,Michelle Garcia,Individual,BMW X7,Jaipur,Silver,Diesel,Automatic,Dealer,3,14450368.0,7.0,43351104.0,3034577.28,40316526.72
4662,2024-05-29,Jimmy Eaton,Corporate,BMW X5,Chennai,Red,Hybrid,Manual,Online,2,11699950.0,2.0,23399900.0,467998.0,22931902.0
4663,2023-12-03,William Hughes,Individual,BMW X1,Delhi,Silver,Diesel,Automatic,Corporate,2,5919085.0,0.0,11838170.0,0.0,11838170.0
4664,2024-04-29,Rachel Torres,Corporate,BMW 7 Series,Pune,Red,Electric,Manual,Corporate,2,18566547.0,2.0,37133094.0,742661.88,36390432.12
4665,2024-08-13,Kelly Parker,Luxury,BMW X1,Kolkata,White,Diesel,Automatic,Online,1,5439011.0,7.0,5439011.0,380730.77,5058280.23
4666,2026-07-24,Mrs. Kathryn Alvarez,Luxury,BMW X7,Chennai,Silver,Hybrid,Automatic,Dealer,2,12432549.0,2.0,24865098.0,497301.96,24367796.04
4667,2023-12-06,Daniel Buchanan,Luxury,BMW X1,Mumbai,Red,Petrol,Manual,Online,2,6470100.0,5.0,12940200.0,647010.0,12293190.0
4668,2024-05-26,Gary Wong,Luxury,BMW X3,Kochi,Grey,Diesel,Manual,Corporate,3,6669315.0,0.0,20007945.0,0.0,20007945.0
4669,2024-04-12,Felicia Cobb,Corporate,BMW X1,Chennai,Silver,Petrol,Manual,Dealer,1,5479698.0,0.0,5479698.0,0.0,5479698.0
4670,2025-08-03,Lisa Wright,Corporate,BMW X7,Kolkata,Blue,Electric,Manual,Dealer,1,12750460.0,10.0,12750460.0,1275046.0,11475414.0
4671,2024-11-23,Vanessa Hudson,Individual,BMW X3,Chennai,Grey,Hybrid,Automatic,Corporate,3,7618666.0,5.0,22855998.0,1142799.9,21713198.1
4672,2024-12-17,Amy Garcia,Individual,BMW X5,Bangalore,Red,Electric,Manual,Dealer,3,9936593.0,0.0,29809779.0,0.0,29809779.0
4673,2024-09-17,Alexandria Byrd,Corporate,BMW X7,Kolkata,Silver,Petrol,Automatic,Dealer,1,15135062.0,12.0,15135062.0,1816207.44,13318854.56
4674,2026-05-17,Zachary Miller,Luxury,BMW X3,Kolkata,Black,Hybrid,Manual,Corporate,1,7739705.0,12.0,7739705.0,928764.6,6810940.4
4675,2026-05-26,Kelly Graham,Corporate,BMW X5,Mumbai,Black,Hybrid,Automatic,Online,3,11643760.0,10.0,34931280.0,3493128.0,31438152.0
4676,2025-08-18,Barbara Garza,Corporate,BMW 5 Series,Chennai,Grey,Electric,Manual,Dealer,2,7373281.0,12.0,14746562.0,1769587.44,12976974.56
4677,2025-09-19,Christine Torres,Individual,BMW 7 Series,Bangalore,White,Electric,Automatic,Corporate,2,17611912.0,0.0,35223824.0,0.0,35223824.0
4678,2026-07-04,Sean Ford,Individual,BMW i7,Mumbai,Blue,Petrol,Manual,Dealer,2,15453515.0,12.0,30907030.0,3708843.6,27198186.4
4679,2024-03-01,Miss Natasha Beltran,Individual,BMW 3 Series,Ahmedabad,Red,Electric,Automatic,Dealer,1,6085340.0,10.0,6085340.0,608534.0,5476806.0
4680,2026-01-18,Paul Mccall,Individual,BMW 3 Series,Pune,Grey,Hybrid,Manual,Online,3,5839438.0,0.0,17518314.0,0.0,17518314.0
4681,2024-01-18,Brian Cruz,Individual,BMW i5,Pune,White,Petrol,Manual,Online,1,9490702.0,12.0,9490702.0,1138884.24,8351817.76
4682,2025-02-02,Tiffany Ruiz,Luxury,BMW i4,Kochi,Silver,Petrol,Automatic,Corporate,2,7664355.0,5.0,15328710.0,766435.5,14562274.5
4683,2023-12-13,Megan Smith,Corporate,BMW 7 Series,Delhi,Black,Diesel,Automatic,Corporate,1,18856918.0,2.0,18856918.0,377138.36,18479779.64
4684,2024-03-05,Wendy Kent,Corporate,BMW 7 Series,Chennai,Blue,Diesel,Automatic,Online,3,18269894.0,12.0,54809682.0,6577161.84,48232520.16
4685,2024-10-26,Vincent Carr,Corporate,BMW i5,Chennai,Red,Hybrid,Automatic,Dealer,1,9252073.0,7.0,9252073.0,647645.11,8604427.89
4686,2025-08-06,Stephanie Booker,Luxury,BMW X5,Chennai,Silver,Diesel,Manual,Corporate,3,11501632.0,2.0,34504896.0,690097.92,33814798.08
4687,2026-02-08,Brittany Taylor,Luxury,BMW 5 Series,Mumbai,White,Petrol,Automatic,Dealer,3,8361015.0,5.0,25083045.0,1254152.25,23828892.75
4688,2024-10-16,Kyle Young,Individual,BMW X5,Chennai,Red,Hybrid,Automatic,Corporate,2,10206264.0,5.0,20412528.0,1020626.4,19391901.6
4689,2023-12-24,Tim Knapp,Luxury,BMW X1,Jaipur,Silver,Diesel,Manual,Online,2,5590798.0,0.0,11181596.0,0.0,11181596.0
4690,2025-06-01,Jason Lee,Luxury,BMW X5,Delhi,Red,Electric,Automatic,Corporate,3,10382845.0,10.0,31148535.0,3114853.5,28033681.5
4691,2024-11-06,Joseph Cannon,Individual,BMW X5,Jaipur,Black,Hybrid,Manual,Online,1,9580353.0,2.0,9580353.0,191607.06,9388745.94
4692,2026-04-03,Angela Camacho,Individual,BMW i5,Kolkata,Red,Petrol,Manual,Online,1,10374390.0,2.0,10374390.0,207487.8,10166902.2
4693,2026-07-15,Brittney Cummings,Luxury,BMW 3 Series,Delhi,Grey,Petrol,Manual,Dealer,3,6465773.0,10.0,19397319.0,1939731.9,17457587.1
4694,2024-06-19,James Miller,Individual,BMW X5,Bangalore,Grey,Hybrid,Automatic,Dealer,1,11836620.0,2.0,11836620.0,236732.4,11599887.6
4695,2025-06-28,Dr. Jacob Higgins,Luxury,BMW i7,Chennai,Blue,Hybrid,Automatic,Dealer,2,16027117.0,5.0,32054234.0,1602711.7,30451522.3
4696,2025-10-08,Philip Reyes,Individual,BMW 5 Series,Ahmedabad,Silver,Petrol,Automatic,Corporate,2,6761880.0,5.0,13523760.0,676188.0,12847572.0
4697,2023-12-17,Andrew English,Corporate,BMW X3,Pune,Red,Electric,Manual,Corporate,3,7327294.0,12.0,21981882.0,2637825.84,19344056.16
4698,2025-11-25,Anthony Morales,Corporate,BMW i4,Mumbai,Red,Hybrid,Manual,Dealer,2,8004248.0,5.0,16008496.0,800424.8,15208071.2
4699,2025-07-09,Angela Wallace,Corporate,BMW i4,Hyderabad,Silver,Petrol,Manual,Online,2,7459531.0,7.0,14919062.0,1044334.34,13874727.66
4700,2025-06-20,Leslie Hanson,Corporate,BMW 5 Series,Hyderabad,Red,Petrol,Automatic,Corporate,3,6514009.0,0.0,19542027.0,0.0,19542027.0
4701,2026-03-01,Brett Cunningham,Individual,BMW i7,Mumbai,Blue,Diesel,Manual,Online,3,16101642.0,2.0,48304926.0,966098.52,47338827.48
4702,2024-10-02,Bruce Palmer,Corporate,BMW X1,Kochi,Grey,Petrol,Automatic,Corporate,2,5518136.0,0.0,11036272.0,0.0,11036272.0
4703,2025-03-05,Jeffrey Delgado,Luxury,BMW X5,Ahmedabad,Silver,Hybrid,Manual,Online,2,11350346.0,2.0,22700692.0,454013.84,22246678.16
4704,2024-09-14,Nancy Travis,Corporate,BMW i5,Chennai,Black,Hybrid,Automatic,Online,3,9455141.0,12.0,28365423.0,3403850.76,24961572.24
4705,2026-03-26,Michael Young,Corporate,BMW i5,Bangalore,Blue,Petrol,Automatic,Dealer,2,9964549.0,2.0,19929098.0,398581.96,19530516.04
4706,2024-09-16,Henry Moran,Individual,BMW i4,Kolkata,Red,Diesel,Automatic,Dealer,1,7561264.0,10.0,7561264.0,756126.4,6805137.6
4707,2023-08-23,Carolyn Best,Luxury,BMW i7,Pune,White,Hybrid,Automatic,Corporate,3,15008014.0,5.0,45024042.0,2251202.1,42772839.9
4708,2025-07-12,Brian Rowland,Corporate,BMW i5,Pune,Red,Hybrid,Automatic,Corporate,1,9394696.0,10.0,9394696.0,939469.6,8455226.4
4709,2025-12-21,Deanna Briggs,Corporate,BMW 3 Series,Bangalore,Red,Hybrid,Manual,Online,2,4676343.0,10.0,9352686.0,935268.6,8417417.4
4710,2025-06-22,Matthew Wong,Corporate,BMW X3,Ahmedabad,Grey,Hybrid,Automatic,Corporate,3,6923006.0,12.0,20769018.0,2492282.16,18276735.84
4711,2026-06-30,Andrew Conrad,Corporate,BMW i7,Chennai,Red,Petrol,Manual,Online,2,16415598.0,7.0,32831196.0,2298183.72,30533012.28
4712,2025-11-09,Lisa Anderson,Individual,BMW X5,Kochi,Red,Hybrid,Automatic,Corporate,2,11510224.0,2.0,23020448.0,460408.96,22560039.04
4713,2023-10-26,Jessica Henry,Individual,BMW X1,Delhi,White,Hybrid,Automatic,Corporate,2,5044537.0,7.0,10089074.0,706235.18,9382838.82
4714,2024-03-07,Amy Johnson,Corporate,BMW 3 Series,Delhi,Silver,Hybrid,Manual,Corporate,1,6199443.0,12.0,6199443.0,743933.16,5455509.84
4715,2026-04-20,Michelle Riley,Luxury,BMW X3,Mumbai,White,Petrol,Manual,Online,2,6566473.0,12.0,13132946.0,1575953.52,11556992.48
4716,2025-02-13,Trevor Jimenez,Luxury,BMW 5 Series,Kolkata,Black,Hybrid,Manual,Online,3,8498350.0,10.0,25495050.0,2549505.0,22945545.0
4717,2024-02-06,Michelle Lewis,Corporate,BMW 7 Series,Mumbai,Black,Petrol,Automatic,Corporate,1,17440840.0,5.0,17440840.0,872042.0,16568798.0
4718,2025-03-24,Jim Mccarthy,Corporate,BMW X5,Ahmedabad,Grey,Petrol,Automatic,Online,3,11831746.0,7.0,35495238.0,2484666.66,33010571.34
4719,2023-11-22,Jennifer Anderson,Corporate,BMW i4,Hyderabad,White,Petrol,Automatic,Corporate,1,8151790.0,10.0,8151790.0,815179.0,7336611.0
4720,2026-01-11,Fred Anderson,Luxury,BMW i7,Jaipur,White,Electric,Automatic,Online,2,16134444.0,12.0,32268888.0,3872266.56,28396621.44
4721,2024-01-31,Kiara Craig,Corporate,BMW 3 Series,Jaipur,Silver,Electric,Manual,Dealer,1,5112795.0,12.0,5112795.0,613535.4,4499259.6
4722,2026-01-18,Jason Calderon,Individual,BMW i4,Mumbai,White,Hybrid,Manual,Dealer,3,7129418.0,5.0,21388254.0,1069412.7,20318841.3
4723,2024-08-18,Sabrina Daniels,Individual,BMW i5,Pune,Grey,Petrol,Manual,Online,3,9772611.0,7.0,29317833.0,2052248.31,27265584.69
4724,2025-04-09,Clifford Meadows,Individual,BMW i7,Delhi,Black,Electric,Manual,Dealer,3,15070675.0,12.0,45212025.0,5425443.0,39786582.0
4725,2024-10-14,Andrew Young,Individual,BMW 3 Series,Delhi,Grey,Petrol,Automatic,Dealer,2,4575936.0,5.0,9151872.0,457593.6,8694278.4
4726,2026-08-01,Kristen Chandler,Luxury,BMW 3 Series,Kolkata,Red,Hybrid,Automatic,Online,1,5155042.0,7.0,5155042.0,360852.94,4794189.06
4727,2026-03-26,Samuel Gomez,Individual,BMW i5,Hyderabad,Red,Electric,Manual,Online,3,9370073.0,10.0,28110219.0,2811021.9,25299197.1
4728,2025-11-03,Gina Kirby,Individual,BMW X1,Delhi,Grey,Diesel,Manual,Corporate,3,5542371.0,12.0,16627113.0,1995253.56,14631859.44
4729,2023-10-19,Bernard Harris,Corporate,BMW i7,Ahmedabad,Grey,Electric,Manual,Corporate,1,16892616.0,7.0,16892616.0,1182483.12,15710132.88
4730,2024-02-16,Paul Bush,Individual,BMW X5,Jaipur,Silver,Diesel,Manual,Dealer,3,11435427.0,12.0,34306281.0,4116753.72,30189527.28
4731,2023-12-18,Monica Wagner,Corporate,BMW X5,Mumbai,White,Electric,Automatic,Corporate,3,11961927.0,12.0,35885781.0,4306293.72,31579487.28
4732,2026-04-08,Kendra Harrell,Luxury,BMW i4,Ahmedabad,White,Hybrid,Automatic,Dealer,3,7252438.0,5.0,21757314.0,1087865.7,20669448.3
4733,2026-01-18,Stephen Travis,Corporate,BMW i4,Delhi,Blue,Petrol,Automatic,Online,3,7470599.0,0.0,22411797.0,0.0,22411797.0
4734,2026-02-28,Sylvia Castro,Corporate,BMW 3 Series,Chennai,Black,Hybrid,Manual,Online,1,5115550.0,2.0,5115550.0,102311.0,5013239.0
4735,2024-06-06,Samuel Johnson,Luxury,BMW X5,Hyderabad,Black,Diesel,Manual,Corporate,1,11514510.0,7.0,11514510.0,806015.7,10708494.3
4736,2026-07-05,Brent Rice,Corporate,BMW i4,Bangalore,Silver,Electric,Automatic,Online,2,7920814.0,2.0,15841628.0,316832.56,15524795.44
4737,2025-07-01,Jessica Craig,Individual,BMW 7 Series,Ahmedabad,Red,Petrol,Manual,Corporate,3,15319395.0,12.0,45958185.0,5514982.2,40443202.8
4738,2023-12-23,Kevin Fletcher,Individual,BMW i5,Bangalore,Grey,Hybrid,Automatic,Online,3,10021482.0,7.0,30064446.0,2104511.22,27959934.78
4739,2024-02-27,Karen Hart,Luxury,BMW 3 Series,Hyderabad,White,Petrol,Manual,Dealer,2,6048206.0,5.0,12096412.0,604820.6,11491591.4
4740,2025-09-16,Lindsey Suarez,Individual,BMW i7,Bangalore,Grey,Electric,Manual,Online,3,15336168.0,5.0,46008504.0,2300425.2,43708078.8
4741,2026-01-03,John Jackson,Luxury,BMW X7,Chennai,Grey,Diesel,Automatic,Dealer,2,15465170.0,7.0,30930340.0,2165123.8,28765216.2
4742,2026-01-17,Lisa Miller,Individual,BMW X7,Kochi,Black,Electric,Manual,Corporate,2,12089936.0,12.0,24179872.0,2901584.64,21278287.36
4743,2024-06-08,Jerry Shaffer,Individual,BMW 7 Series,Kolkata,Black,Hybrid,Automatic,Dealer,1,14542464.0,5.0,14542464.0,727123.2,13815340.8
4744,2023-11-01,Jared Martinez,Corporate,BMW 7 Series,Chennai,Grey,Hybrid,Manual,Corporate,2,17623540.0,7.0,35247080.0,2467295.6,32779784.4
4745,2025-01-12,Douglas Werner,Luxury,BMW 3 Series,Pune,White,Electric,Automatic,Corporate,3,4991387.0,12.0,14974161.0,1796899.32,13177261.68
4746,2025-05-20,Jennifer Bryan,Luxury,BMW 5 Series,Kolkata,Blue,Diesel,Automatic,Corporate,2,7685303.0,2.0,15370606.0,307412.12,15063193.88
4747,2025-06-14,Sabrina Curtis,Individual,BMW X7,Bangalore,Black,Electric,Automatic,Corporate,3,13956063.0,12.0,41868189.0,5024182.68,36844006.32
4748,2026-07-28,Jamie Ortega,Corporate,BMW 3 Series,Pune,Black,Diesel,Manual,Corporate,1,5450186.0,2.0,5450186.0,109003.72,5341182.28
4749,2024-04-14,Amanda Underwood,Individual,BMW i5,Kolkata,Blue,Diesel,Manual,Online,2,9622041.0,5.0,19244082.0,962204.1,18281877.9
4750,2026-02-08,Phillip Rice,Individual,BMW 5 Series,Chennai,Blue,Electric,Manual,Online,1,7423727.0,12.0,7423727.0,890847.24,6532879.76
4751,2024-10-31,Beth Miller,Corporate,BMW 7 Series,Kochi,Grey,Hybrid,Manual,Dealer,1,17132990.0,10.0,17132990.0,1713299.0,15419691.0
4752,2026-03-30,Ryan Smith,Corporate,BMW 7 Series,Mumbai,Red,Hybrid,Automatic,Corporate,3,16882936.0,10.0,50648808.0,5064880.8,45583927.2
4753,2024-09-16,Melissa White,Individual,BMW X7,Kochi,Blue,Hybrid,Automatic,Online,2,12631113.0,2.0,25262226.0,505244.52,24756981.48
4754,2023-11-28,Gregory Reyes,Luxury,BMW 7 Series,Pune,Black,Hybrid,Manual,Online,1,16901103.0,5.0,16901103.0,845055.15,16056047.85
4755,2024-07-31,Cody Sanders,Individual,BMW 5 Series,Kochi,Blue,Electric,Automatic,Dealer,2,6921016.0,10.0,13842032.0,1384203.2,12457828.8
4756,2025-10-03,Derek Kennedy,Luxury,BMW i4,Mumbai,Red,Petrol,Automatic,Online,2,7560187.0,5.0,15120374.0,756018.7,14364355.3
4757,2026-01-03,Mr. Shaun Evans MD,Corporate,BMW X7,Hyderabad,Grey,Petrol,Manual,Corporate,1,12469755.0,5.0,12469755.0,623487.75,11846267.25
4758,2026-02-06,Gregory Glenn Jr.,Individual,BMW X7,Bangalore,Grey,Electric,Automatic,Dealer,1,13341521.0,12.0,13341521.0,1600982.52,11740538.48
4759,2026-05-16,Morgan Tucker,Individual,BMW 7 Series,Delhi,Silver,Petrol,Automatic,Online,1,17771955.0,12.0,17771955.0,2132634.6,15639320.4
4760,2024-04-26,James Kelley,Individual,BMW i5,Bangalore,Grey,Petrol,Manual,Corporate,3,9351951.0,12.0,28055853.0,3366702.36,24689150.64
4761,2024-11-28,John Taylor,Corporate,BMW i7,Delhi,Red,Petrol,Automatic,Corporate,2,15032883.0,5.0,30065766.0,1503288.3,28562477.7
4762,2024-12-09,John Garcia,Corporate,BMW 5 Series,Ahmedabad,Black,Petrol,Automatic,Corporate,3,8081412.0,2.0,24244236.0,484884.72,23759351.28
4763,2023-12-05,April Miller MD,Corporate,BMW i5,Kochi,Silver,Petrol,Automatic,Dealer,1,10275121.0,5.0,10275121.0,513756.05,9761364.95
4764,2026-07-09,Mrs. Faith Fisher,Luxury,BMW X1,Mumbai,Blue,Petrol,Automatic,Corporate,3,5592696.0,0.0,16778088.0,0.0,16778088.0
4765,2024-01-17,Rachel Mcclure,Luxury,BMW 3 Series,Pune,Blue,Hybrid,Automatic,Dealer,3,5289902.0,2.0,15869706.0,317394.12,15552311.88
4766,2023-12-09,Steven Kelley,Corporate,BMW 5 Series,Mumbai,Silver,Hybrid,Manual,Dealer,1,6643628.0,7.0,6643628.0,465053.96,6178574.04
4767,2026-07-28,Jimmy Reyes,Individual,BMW 7 Series,Bangalore,Grey,Hybrid,Manual,Corporate,2,15348580.0,7.0,30697160.0,2148801.2,28548358.8
4768,2025-12-14,Brittany Ortiz,Corporate,BMW 5 Series,Hyderabad,Silver,Electric,Automatic,Dealer,3,7979861.0,12.0,23939583.0,2872749.96,21066833.04
4769,2024-08-01,Megan Castro,Luxury,BMW 3 Series,Ahmedabad,Red,Electric,Manual,Dealer,2,6215987.0,10.0,12431974.0,1243197.4,11188776.6
4770,2025-12-01,Katherine Hutchinson,Individual,BMW 7 Series,Kolkata,Black,Diesel,Automatic,Corporate,3,14037747.0,2.0,42113241.0,842264.82,41270976.18
4771,2024-04-07,Steven Murray,Corporate,BMW X3,Kolkata,Blue,Hybrid,Automatic,Online,2,7274780.0,12.0,14549560.0,1745947.2,12803612.8
4772,2024-05-15,Tanya Robinson,Luxury,BMW X5,Ahmedabad,White,Petrol,Manual,Corporate,3,11648703.0,0.0,34946109.0,0.0,34946109.0
4773,2023-12-20,James Barker,Luxury,BMW X5,Chennai,Red,Hybrid,Manual,Dealer,1,10771739.0,10.0,10771739.0,1077173.9,9694565.1
4774,2024-04-06,Chris Velasquez,Individual,BMW X7,Delhi,Grey,Diesel,Manual,Dealer,1,13475177.0,10.0,13475177.0,1347517.7,12127659.3
4775,2023-10-28,Julie Farrell,Corporate,BMW 7 Series,Mumbai,Blue,Hybrid,Manual,Dealer,2,14192660.0,2.0,28385320.0,567706.4,27817613.6
4776,2024-03-05,Mary Floyd,Corporate,BMW 7 Series,Kolkata,Red,Electric,Manual,Online,1,14828268.0,12.0,14828268.0,1779392.16,13048875.84
4777,2025-09-07,Matthew Gordon,Luxury,BMW X5,Jaipur,Silver,Petrol,Manual,Dealer,1,11164554.0,10.0,11164554.0,1116455.4,10048098.6
4778,2025-02-13,John Mckenzie,Luxury,BMW i7,Mumbai,White,Electric,Manual,Online,1,15309847.0,10.0,15309847.0,1530984.7,13778862.3
4779,2024-01-17,Joseph Duncan,Individual,BMW 7 Series,Ahmedabad,Red,Petrol,Automatic,Online,3,18319782.0,5.0,54959346.0,2747967.3,52211378.7
4780,2024-04-14,James Ray,Luxury,BMW i7,Kolkata,White,Diesel,Manual,Corporate,2,15564013.0,10.0,31128026.0,3112802.6,28015223.4
4781,2023-11-11,Laura Kelly,Individual,BMW X7,Hyderabad,Silver,Diesel,Automatic,Online,2,15992442.0,7.0,31984884.0,2238941.88,29745942.12
4782,2024-05-23,Elizabeth Anderson,Individual,BMW i5,Mumbai,Blue,Diesel,Manual,Corporate,1,9173869.0,7.0,9173869.0,642170.83,8531698.17
4783,2026-07-30,David Cooper,Individual,BMW X1,Kochi,Blue,Hybrid,Automatic,Dealer,3,6273677.0,5.0,18821031.0,941051.55,17879979.45
4784,2026-03-23,Dominic West,Individual,BMW i5,Chennai,Black,Petrol,Manual,Corporate,2,9184403.0,7.0,18368806.0,1285816.42,17082989.58
4785,2024-09-14,Aaron Stewart,Corporate,BMW X3,Pune,Grey,Electric,Manual,Dealer,1,6537182.0,12.0,6537182.0,784461.84,5752720.16
4786,2024-03-04,Douglas Kirk,Individual,BMW X5,Mumbai,Blue,Diesel,Automatic,Corporate,1,10664225.0,12.0,10664225.0,1279707.0,9384518.0
4787,2024-03-18,Julia Yang,Corporate,BMW X1,Hyderabad,Black,Hybrid,Manual,Corporate,3,5499821.0,12.0,16499463.0,1979935.56,14519527.44
4788,2023-08-24,Theresa Bates DDS,Corporate,BMW 3 Series,Kolkata,Silver,Electric,Manual,Corporate,3,5385058.0,7.0,16155174.0,1130862.18,15024311.82
4789,2025-04-15,Crystal Mccann,Luxury,BMW 7 Series,Chennai,Black,Electric,Automatic,Dealer,1,14818668.0,12.0,14818668.0,1778240.16,13040427.84
4790,2025-01-22,Ryan Jones,Individual,BMW i5,Delhi,Red,Diesel,Manual,Dealer,3,9517786.0,7.0,28553358.0,1998735.06,26554622.94
4791,2026-04-22,Debbie Mason,Individual,BMW i5,Ahmedabad,Red,Electric,Automatic,Corporate,3,9983093.0,7.0,29949279.0,2096449.53,27852829.47
4792,2024-08-27,Lisa Brooks,Individual,BMW X3,Hyderabad,Red,Diesel,Automatic,Online,2,6779446.0,2.0,13558892.0,271177.84,13287714.16
4793,2025-07-26,John Floyd,Corporate,BMW 7 Series,Pune,White,Hybrid,Manual,Online,2,18131720.0,7.0,36263440.0,2538440.8,33724999.2
4794,2024-05-13,Jennifer Lee,Individual,BMW i4,Pune,Silver,Electric,Automatic,Dealer,1,7100456.0,0.0,7100456.0,0.0,7100456.0
4795,2024-04-07,Julie Ortiz,Luxury,BMW X3,Jaipur,White,Hybrid,Automatic,Dealer,2,7148044.0,0.0,14296088.0,0.0,14296088.0
4796,2026-02-24,Taylor King,Individual,BMW i7,Kolkata,Red,Electric,Automatic,Corporate,3,16984264.0,7.0,50952792.0,3566695.44,47386096.56
4797,2025-09-08,Brandon Mclean,Luxury,BMW X3,Ahmedabad,Silver,Diesel,Manual,Corporate,3,7194630.0,12.0,21583890.0,2590066.8,18993823.2
4798,2023-09-13,Anna Mejia,Luxury,BMW i7,Delhi,Grey,Diesel,Automatic,Online,2,15875164.0,0.0,31750328.0,0.0,31750328.0
4799,2024-11-01,Bradley Spencer,Corporate,BMW X1,Hyderabad,White,Electric,Manual,Dealer,3,6353111.0,0.0,19059333.0,0.0,19059333.0
4800,2024-11-27,David Porter,Luxury,BMW X7,Ahmedabad,Silver,Hybrid,Manual,Corporate,2,14483248.0,7.0,28966496.0,2027654.72,26938841.28
4801,2025-11-07,Ashley Simmons,Luxury,BMW 5 Series,Jaipur,Grey,Diesel,Manual,Dealer,3,8097430.0,10.0,24292290.0,2429229.0,21863061.0
4802,2026-08-02,Melissa Lawrence,Luxury,BMW X1,Kochi,Blue,Electric,Automatic,Dealer,3,5682765.0,12.0,17048295.0,2045795.4,15002499.6
4803,2026-02-23,Jasmine Lane,Luxury,BMW 5 Series,Jaipur,White,Diesel,Manual,Dealer,3,7203208.0,7.0,21609624.0,1512673.68,20096950.32
4804,2026-01-04,Adrian Miller,Individual,BMW 5 Series,Kochi,Grey,Hybrid,Manual,Online,2,7088847.0,2.0,14177694.0,283553.88,13894140.12
4805,2025-04-04,David Cunningham,Luxury,BMW X1,Jaipur,Blue,Hybrid,Manual,Dealer,2,6223505.0,5.0,12447010.0,622350.5,11824659.5
4806,2023-09-13,Christine Richards,Luxury,BMW i4,Jaipur,White,Petrol,Automatic,Corporate,3,8315006.0,2.0,24945018.0,498900.36,24446117.64
4807,2023-11-15,Susan Edwards,Luxury,BMW 5 Series,Chennai,Silver,Electric,Automatic,Online,1,8154640.0,0.0,8154640.0,0.0,8154640.0
4808,2025-12-08,Javier Guerrero,Corporate,BMW X7,Kochi,Blue,Petrol,Manual,Online,2,12242047.0,2.0,24484094.0,489681.88,23994412.12
4809,2025-02-07,Gabrielle Jimenez,Individual,BMW i7,Pune,Black,Hybrid,Manual,Corporate,2,14451643.0,10.0,28903286.0,2890328.6,26012957.4
4810,2026-01-27,Sydney Alvarado,Individual,BMW 3 Series,Jaipur,Blue,Electric,Manual,Online,1,4516614.0,12.0,4516614.0,541993.68,3974620.32
4811,2025-12-11,David Medina,Corporate,BMW 7 Series,Hyderabad,Blue,Hybrid,Manual,Corporate,3,18058163.0,12.0,54174489.0,6500938.68,47673550.32
4812,2025-04-21,Julie Henderson,Corporate,BMW 7 Series,Kochi,Black,Electric,Automatic,Dealer,3,16494864.0,2.0,49484592.0,989691.84,48494900.16
4813,2024-07-28,Jennifer Thompson,Corporate,BMW i7,Ahmedabad,Black,Diesel,Automatic,Dealer,3,14651327.0,5.0,43953981.0,2197699.05,41756281.95
4814,2025-10-04,Jonathan Allen,Corporate,BMW X1,Pune,Blue,Hybrid,Manual,Online,2,5486568.0,7.0,10973136.0,768119.52,10205016.48
4815,2023-08-24,Matthew Evans,Individual,BMW X1,Delhi,Red,Hybrid,Manual,Dealer,2,5272799.0,5.0,10545598.0,527279.9,10018318.1
4816,2025-01-29,Amanda Odonnell,Corporate,BMW 5 Series,Chennai,Red,Hybrid,Automatic,Dealer,3,7128215.0,12.0,21384645.0,2566157.4,18818487.6
4817,2024-07-13,Jason Beltran,Corporate,BMW i4,Ahmedabad,Silver,Diesel,Automatic,Dealer,3,7157312.0,12.0,21471936.0,2576632.32,18895303.68
4818,2026-05-01,Kimberly Sanchez,Luxury,BMW i7,Kochi,Grey,Hybrid,Manual,Online,2,14147767.0,5.0,28295534.0,1414776.7,26880757.3
4819,2024-02-18,Melissa Bridges,Corporate,BMW X3,Ahmedabad,Grey,Petrol,Automatic,Dealer,3,6817846.0,0.0,20453538.0,0.0,20453538.0
4820,2024-03-07,Kimberly Taylor,Individual,BMW X5,Kolkata,White,Petrol,Automatic,Online,3,11275010.0,12.0,33825030.0,4059003.6,29766026.4
4821,2026-01-03,Jacob Blanchard,Luxury,BMW X1,Kolkata,White,Electric,Manual,Online,2,6201294.0,12.0,12402588.0,1488310.56,10914277.44
4822,2025-06-23,Joseph Kaiser,Luxury,BMW X7,Ahmedabad,Black,Hybrid,Automatic,Dealer,2,12867718.0,12.0,25735436.0,3088252.32,22647183.68
4823,2024-03-06,Melissa Lucas,Corporate,BMW i4,Hyderabad,Silver,Electric,Manual,Online,3,8095954.0,2.0,24287862.0,485757.24,23802104.76
4824,2026-03-21,Jeremiah Parks,Luxury,BMW X7,Bangalore,Black,Electric,Automatic,Online,3,12769293.0,7.0,38307879.0,2681551.53,35626327.47
4825,2026-07-09,Kristin Watkins,Luxury,BMW X1,Bangalore,Grey,Electric,Manual,Online,2,6201900.0,2.0,12403800.0,248076.0,12155724.0
4826,2024-08-24,Jacqueline Murphy,Corporate,BMW X3,Mumbai,Blue,Petrol,Manual,Online,1,7716545.0,10.0,7716545.0,771654.5,6944890.5
4827,2025-09-30,Michael Moore,Luxury,BMW X1,Chennai,White,Hybrid,Automatic,Dealer,3,5129319.0,7.0,15387957.0,1077156.99,14310800.01
4828,2024-04-18,Jillian Smith,Luxury,BMW 3 Series,Pune,Blue,Petrol,Manual,Online,1,5923594.0,7.0,5923594.0,414651.58,5508942.42
4829,2024-08-10,Andrew Bender,Individual,BMW 3 Series,Delhi,Black,Diesel,Manual,Corporate,3,6260088.0,0.0,18780264.0,0.0,18780264.0
4830,2025-03-09,Nicholas Richards,Luxury,BMW i4,Mumbai,White,Hybrid,Automatic,Online,2,8267418.0,5.0,16534836.0,826741.8,15708094.2
4831,2025-12-19,Randy Roman,Corporate,BMW i7,Jaipur,Grey,Petrol,Manual,Online,2,15646545.0,7.0,31293090.0,2190516.3,29102573.7
4832,2024-06-13,Robert Fisher,Luxury,BMW i5,Kochi,Grey,Petrol,Automatic,Corporate,3,10226352.0,0.0,30679056.0,0.0,30679056.0
4833,2026-08-06,Heidi Durham,Corporate,BMW i7,Kolkata,Blue,Electric,Automatic,Dealer,3,16554264.0,0.0,49662792.0,0.0,49662792.0
4834,2024-06-08,Felicia Howard,Individual,BMW 3 Series,Hyderabad,Silver,Petrol,Automatic,Online,1,5703514.0,2.0,5703514.0,114070.28,5589443.72
4835,2025-05-10,Herbert Jones,Individual,BMW i5,Kochi,Grey,Petrol,Automatic,Dealer,2,9409019.0,5.0,18818038.0,940901.9,17877136.1
4836,2023-08-16,Amy Dean,Corporate,BMW X7,Jaipur,Black,Electric,Manual,Dealer,3,15541277.0,5.0,46623831.0,2331191.55,44292639.45
4837,2024-02-11,Albert Miller,Luxury,BMW 7 Series,Kochi,White,Electric,Automatic,Corporate,3,14565378.0,5.0,43696134.0,2184806.7,41511327.3
4838,2025-08-12,Keith Scott,Luxury,BMW X5,Kolkata,Silver,Electric,Manual,Corporate,2,9856404.0,7.0,19712808.0,1379896.56,18332911.44
4839,2024-05-12,Renee Hayes,Luxury,BMW 7 Series,Hyderabad,Blue,Diesel,Manual,Online,3,15846454.0,5.0,47539362.0,2376968.1,45162393.9
4840,2025-09-18,Amber Mitchell DVM,Luxury,BMW 3 Series,Kolkata,White,Diesel,Automatic,Dealer,1,4908859.0,12.0,4908859.0,589063.08,4319795.92
4841,2023-09-05,Zoe Rodriguez,Corporate,BMW X1,Pune,Red,Hybrid,Automatic,Corporate,3,5301401.0,7.0,15904203.0,1113294.21,14790908.79
4842,2024-01-25,Christopher Sanchez,Corporate,BMW X1,Pune,Blue,Hybrid,Automatic,Corporate,3,6255411.0,7.0,18766233.0,1313636.31,17452596.69
4843,2023-09-17,David Glenn,Individual,BMW X3,Ahmedabad,Silver,Electric,Manual,Online,2,7058015.0,5.0,14116030.0,705801.5,13410228.5
4844,2026-04-22,Jennifer Hall,Luxury,BMW 7 Series,Jaipur,Black,Electric,Automatic,Corporate,1,16058476.0,0.0,16058476.0,0.0,16058476.0
4845,2025-05-01,Christine Boyer,Individual,BMW 3 Series,Jaipur,Silver,Electric,Manual,Corporate,2,5507016.0,7.0,11014032.0,770982.24,10243049.76
4846,2025-01-19,Rose Chavez,Individual,BMW X5,Jaipur,Blue,Petrol,Automatic,Corporate,3,9966047.0,0.0,29898141.0,0.0,29898141.0
4847,2024-09-15,James Pratt,Corporate,BMW i5,Kolkata,Blue,Electric,Manual,Dealer,3,10020226.0,7.0,30060678.0,2104247.46,27956430.54
4848,2024-12-09,Michelle Woods,Individual,BMW i7,Mumbai,Red,Hybrid,Manual,Online,3,15872910.0,12.0,47618730.0,5714247.6,41904482.4
4849,2024-04-06,John Miller,Corporate,BMW X3,Kolkata,White,Electric,Manual,Online,1,7193096.0,2.0,7193096.0,143861.92,7049234.08
4850,2025-07-24,Ryan Hess,Luxury,BMW i7,Kolkata,Red,Diesel,Automatic,Online,1,14959953.0,7.0,14959953.0,1047196.71,13912756.29
4851,2023-08-28,Jacob Bass,Individual,BMW 7 Series,Jaipur,Blue,Petrol,Automatic,Online,3,14960020.0,0.0,44880060.0,0.0,44880060.0
4852,2025-10-20,Rhonda Weaver,Individual,BMW X3,Mumbai,White,Electric,Manual,Online,3,7652207.0,7.0,22956621.0,1606963.47,21349657.53
4853,2025-06-02,Heather Anderson,Corporate,BMW 7 Series,Bangalore,Silver,Petrol,Manual,Dealer,1,16430954.0,5.0,16430954.0,821547.7,15609406.3
4854,2026-07-18,Chris Howard IV,Luxury,BMW X7,Chennai,Red,Hybrid,Automatic,Dealer,2,14618561.0,12.0,29237122.0,3508454.64,25728667.36
4855,2024-10-26,Amy Reed,Individual,BMW X3,Pune,White,Hybrid,Manual,Corporate,2,7732073.0,7.0,15464146.0,1082490.22,14381655.78
4856,2025-09-13,Jeremy Wang,Corporate,BMW i5,Pune,Red,Petrol,Manual,Online,1,10217607.0,10.0,10217607.0,1021760.7,9195846.3
4857,2025-11-27,John Lewis,Luxury,BMW X1,Kolkata,Red,Hybrid,Manual,Online,2,5914016.0,2.0,11828032.0,236560.64,11591471.36
4858,2025-09-28,Gabriel Mitchell,Individual,BMW X3,Jaipur,Blue,Electric,Manual,Dealer,3,7749056.0,12.0,23247168.0,2789660.16,20457507.84
4859,2025-04-06,Jose Reeves,Corporate,BMW 5 Series,Kochi,Blue,Hybrid,Automatic,Dealer,2,7622437.0,5.0,15244874.0,762243.7,14482630.3
4860,2023-12-28,James Medina,Corporate,BMW i7,Pune,Blue,Hybrid,Manual,Online,2,14759548.0,7.0,29519096.0,2066336.72,27452759.28
4861,2026-05-26,Darrell Harrison,Luxury,BMW X1,Ahmedabad,White,Diesel,Manual,Online,1,6342617.0,0.0,6342617.0,0.0,6342617.0
4862,2025-10-16,Emily Bauer,Corporate,BMW i4,Pune,Black,Hybrid,Manual,Online,1,7804232.0,10.0,7804232.0,780423.2,7023808.8
4863,2025-12-11,Brittany Caldwell,Luxury,BMW i7,Jaipur,Silver,Diesel,Automatic,Dealer,1,17558211.0,2.0,17558211.0,351164.22,17207046.78
4864,2024-07-27,Lisa Carr,Corporate,BMW 3 Series,Pune,Blue,Electric,Automatic,Dealer,1,5735630.0,5.0,5735630.0,286781.5,5448848.5
4865,2025-05-30,Tamara Porter,Luxury,BMW X7,Pune,Black,Electric,Automatic,Dealer,2,14309086.0,5.0,28618172.0,1430908.6,27187263.4
4866,2025-01-22,Jonathan Smith,Individual,BMW X3,Delhi,White,Hybrid,Automatic,Dealer,2,6887772.0,7.0,13775544.0,964288.08,12811255.92
4867,2024-12-31,Tiffany Conner,Corporate,BMW i7,Mumbai,Blue,Diesel,Automatic,Dealer,1,15035837.0,7.0,15035837.0,1052508.59,13983328.41
4868,2024-06-21,Dylan Davis,Individual,BMW X5,Kochi,Silver,Petrol,Manual,Corporate,2,11480989.0,10.0,22961978.0,2296197.8,20665780.2
4869,2025-07-15,Jennifer Wang,Luxury,BMW 7 Series,Bangalore,Red,Hybrid,Manual,Online,2,18986282.0,0.0,37972564.0,0.0,37972564.0
4870,2024-08-21,Beth Lee,Corporate,BMW i4,Jaipur,Silver,Hybrid,Automatic,Online,3,8366589.0,2.0,25099767.0,501995.34,24597771.66
4871,2023-10-23,Rita Jensen,Corporate,BMW X1,Chennai,White,Diesel,Manual,Online,2,6233103.0,7.0,12466206.0,872634.42,11593571.58
4872,2024-11-25,Tonya Gray,Individual,BMW 3 Series,Kochi,Grey,Electric,Manual,Dealer,3,5547565.0,10.0,16642695.0,1664269.5,14978425.5
4873,2026-07-27,Taylor Bennett,Individual,BMW X3,Delhi,Grey,Diesel,Manual,Corporate,3,7262943.0,0.0,21788829.0,0.0,21788829.0
4874,2024-10-24,Jesus Burch,Corporate,BMW 3 Series,Bangalore,White,Diesel,Automatic,Online,2,4536108.0,10.0,9072216.0,907221.6,8164994.4
4875,2026-05-17,Luke Boyd,Individual,BMW 7 Series,Ahmedabad,Blue,Hybrid,Automatic,Online,1,18335179.0,5.0,18335179.0,916758.95,17418420.05
4876,2024-11-22,Patrick Mcdonald,Individual,BMW i7,Delhi,Blue,Hybrid,Manual,Dealer,1,16813166.0,12.0,16813166.0,2017579.92,14795586.08
4877,2025-12-08,Michael Dickerson,Corporate,BMW i4,Ahmedabad,Red,Hybrid,Automatic,Corporate,1,7670014.0,10.0,7670014.0,767001.4,6903012.6
4878,2025-07-06,Lori Thompson,Luxury,BMW X5,Jaipur,Red,Hybrid,Automatic,Corporate,3,9879839.0,10.0,29639517.0,2963951.7,26675565.3
4879,2024-06-21,Terry Kelly,Luxury,BMW i5,Delhi,Silver,Electric,Automatic,Corporate,2,9014986.0,5.0,18029972.0,901498.6,17128473.4
4880,2023-11-01,Travis Collins,Corporate,BMW 3 Series,Pune,Blue,Hybrid,Automatic,Corporate,3,4910615.0,7.0,14731845.0,1031229.15,13700615.85
4881,2026-06-17,Derrick Russell,Individual,BMW X1,Kochi,Silver,Petrol,Manual,Dealer,1,5777955.0,7.0,5777955.0,404456.85,5373498.15
4882,2026-01-03,Jeanette Kemp,Luxury,BMW 3 Series,Kolkata,White,Petrol,Automatic,Dealer,2,5770894.0,7.0,11541788.0,807925.16,10733862.84
4883,2026-03-15,Donald Stewart,Corporate,BMW X5,Kolkata,Grey,Petrol,Automatic,Corporate,1,11796420.0,10.0,11796420.0,1179642.0,10616778.0
4884,2026-01-24,Lisa Williams,Luxury,BMW X5,Mumbai,White,Petrol,Manual,Corporate,3,11386579.0,10.0,34159737.0,3415973.7,30743763.3
4885,2025-04-27,Miguel Terry,Individual,BMW 7 Series,Delhi,Black,Hybrid,Automatic,Online,1,14708595.0,7.0,14708595.0,1029601.65,13678993.35
4886,2025-04-18,Emily Martinez,Corporate,BMW X1,Kochi,Red,Diesel,Automatic,Corporate,3,5074113.0,5.0,15222339.0,761116.95,14461222.05
4887,2026-06-28,Wendy Douglas,Individual,BMW X3,Jaipur,Black,Hybrid,Manual,Dealer,2,6928214.0,10.0,13856428.0,1385642.8,12470785.2
4888,2023-11-08,Rebecca Castillo,Corporate,BMW i5,Kolkata,Grey,Petrol,Manual,Online,2,9892478.0,12.0,19784956.0,2374194.72,17410761.28
4889,2024-02-14,Kenneth Horton,Individual,BMW X5,Pune,White,Electric,Manual,Dealer,2,11866098.0,7.0,23732196.0,1661253.72,22070942.28
4890,2024-06-12,Rebecca Myers,Individual,BMW X5,Ahmedabad,Blue,Petrol,Manual,Dealer,3,11519099.0,2.0,34557297.0,691145.94,33866151.06
4891,2025-12-12,Michaela Scott,Luxury,BMW X5,Jaipur,Black,Electric,Manual,Online,3,11606351.0,0.0,34819053.0,0.0,34819053.0
4892,2023-10-07,Gabriela Brown,Luxury,BMW 7 Series,Mumbai,Blue,Electric,Manual,Dealer,2,16874039.0,10.0,33748078.0,3374807.8,30373270.2
4893,2025-09-27,Kelly Wilkins,Individual,BMW 3 Series,Jaipur,Black,Petrol,Manual,Online,1,4544627.0,5.0,4544627.0,227231.35,4317395.65
4894,2023-11-20,Elizabeth Greene,Corporate,BMW 3 Series,Ahmedabad,White,Petrol,Manual,Dealer,2,6041705.0,10.0,12083410.0,1208341.0,10875069.0
4895,2025-02-24,Caleb Mcdaniel,Luxury,BMW i5,Bangalore,Black,Electric,Manual,Online,3,9897837.0,0.0,29693511.0,0.0,29693511.0
4896,2024-12-05,Barbara Hart,Luxury,BMW X7,Bangalore,Black,Electric,Manual,Corporate,3,12968707.0,5.0,38906121.0,1945306.05,36960814.95
4897,2023-11-12,Kevin Smith,Luxury,BMW X5,Chennai,Blue,Electric,Automatic,Corporate,1,9676547.0,5.0,9676547.0,483827.35,9192719.65
4898,2025-06-12,Calvin Garcia,Luxury,BMW i7,Hyderabad,Black,Hybrid,Automatic,Online,3,14545775.0,7.0,43637325.0,3054612.75,40582712.25
4899,2025-05-20,Jack Davis,Luxury,BMW X3,Kochi,Blue,Hybrid,Manual,Corporate,3,7145399.0,2.0,21436197.0,428723.94,21007473.06
4900,2023-10-10,Samuel Cruz,Luxury,BMW i5,Chennai,Silver,Hybrid,Automatic,Dealer,3,10930039.0,2.0,32790117.0,655802.34,32134314.66
4901,2025-11-14,Rebekah Chapman,Luxury,BMW X7,Delhi,Blue,Electric,Manual,Corporate,1,14043626.0,2.0,14043626.0,280872.52,13762753.48
4902,2024-08-16,Jason Russell,Individual,BMW 5 Series,Ahmedabad,White,Diesel,Manual,Online,3,6580491.0,12.0,19741473.0,2368976.76,17372496.24
4903,2026-04-10,Adam King,Luxury,BMW 7 Series,Delhi,Red,Hybrid,Manual,Dealer,3,16282934.0,12.0,48848802.0,5861856.24,42986945.76
4904,2026-06-15,Matthew Cox,Individual,BMW i7,Chennai,Black,Electric,Manual,Corporate,1,17231351.0,12.0,17231351.0,2067762.12,15163588.88
4905,2024-06-19,Carl Morrow,Luxury,BMW i5,Chennai,Red,Hybrid,Manual,Dealer,3,9572994.0,12.0,28718982.0,3446277.84,25272704.16
4906,2026-02-11,Dr. Kevin Nelson DVM,Luxury,BMW X5,Bangalore,Red,Hybrid,Automatic,Online,1,10764964.0,12.0,10764964.0,1291795.68,9473168.32
4907,2023-08-21,Tim Murphy,Individual,BMW 3 Series,Kochi,White,Petrol,Manual,Corporate,3,5715403.0,7.0,17146209.0,1200234.63,15945974.37
4908,2026-02-07,Ronald Campbell,Individual,BMW i5,Bangalore,Red,Petrol,Automatic,Dealer,2,10861306.0,7.0,21722612.0,1520582.84,20202029.16
4909,2023-12-02,Kenneth Salinas,Corporate,BMW i5,Delhi,Silver,Diesel,Automatic,Dealer,3,9796347.0,0.0,29389041.0,0.0,29389041.0
4910,2024-04-12,Christopher Larsen,Corporate,BMW 5 Series,Kolkata,Grey,Hybrid,Automatic,Online,2,7029284.0,5.0,14058568.0,702928.4,13355639.6
4911,2024-01-01,Chelsea Harvey,Corporate,BMW X1,Bangalore,Grey,Petrol,Automatic,Online,2,5324613.0,2.0,10649226.0,212984.52,10436241.48
4912,2023-11-28,Sarah Rogers,Luxury,BMW i7,Jaipur,White,Electric,Manual,Corporate,2,15897621.0,2.0,31795242.0,635904.84,31159337.16
4913,2024-08-08,Beth Carpenter,Individual,BMW i7,Delhi,Black,Petrol,Manual,Online,2,16048005.0,5.0,32096010.0,1604800.5,30491209.5
4914,2026-08-06,Ronnie Williams,Corporate,BMW X1,Mumbai,Black,Hybrid,Automatic,Dealer,2,5187803.0,7.0,10375606.0,726292.42,9649313.58
4915,2024-01-11,Edgar Gallagher,Individual,BMW X7,Bangalore,Black,Hybrid,Manual,Online,2,13111724.0,7.0,26223448.0,1835641.36,24387806.64
4916,2024-06-05,William Wright,Luxury,BMW X3,Bangalore,Blue,Electric,Manual,Corporate,1,7275902.0,7.0,7275902.0,509313.14,6766588.86
4917,2026-03-07,Geoffrey Montgomery,Corporate,BMW i5,Hyderabad,Red,Electric,Manual,Dealer,2,10257442.0,12.0,20514884.0,2461786.08,18053097.92
4918,2024-08-26,Lisa Richardson,Luxury,BMW i7,Bangalore,Grey,Petrol,Manual,Corporate,1,17503183.0,12.0,17503183.0,2100381.96,15402801.04
4919,2024-04-05,Ashley Harper,Individual,BMW i4,Kolkata,White,Diesel,Manual,Corporate,1,7283193.0,10.0,7283193.0,728319.3,6554873.7
4920,2025-03-03,Justin Hernandez,Individual,BMW X7,Pune,White,Hybrid,Manual,Corporate,1,15086767.0,5.0,15086767.0,754338.35,14332428.65
4921,2025-01-19,Jeremiah Brown,Corporate,BMW i4,Delhi,Blue,Hybrid,Manual,Dealer,3,8383901.0,0.0,25151703.0,0.0,25151703.0
4922,2025-12-04,Michael Thompson,Corporate,BMW 7 Series,Kolkata,White,Electric,Automatic,Online,1,15039970.0,5.0,15039970.0,751998.5,14287971.5
4923,2025-12-31,Nicole Strong,Individual,BMW X5,Kolkata,White,Hybrid,Automatic,Dealer,3,9862024.0,2.0,29586072.0,591721.44,28994350.56
4924,2024-03-09,Christy Pierce MD,Individual,BMW i5,Delhi,Blue,Electric,Automatic,Corporate,1,10968919.0,12.0,10968919.0,1316270.28,9652648.72
4925,2024-07-29,Maria Hart,Individual,BMW X5,Delhi,White,Hybrid,Manual,Online,3,10055845.0,5.0,30167535.0,1508376.75,28659158.25
4926,2024-08-24,Nicole Gamble,Luxury,BMW X7,Jaipur,Red,Electric,Automatic,Dealer,3,14111068.0,0.0,42333204.0,0.0,42333204.0
4927,2025-04-29,Jason Fitzgerald,Corporate,BMW i4,Hyderabad,Grey,Diesel,Automatic,Dealer,1,7987366.0,2.0,7987366.0,159747.32,7827618.68
4928,2025-09-08,Elizabeth Dixon,Corporate,BMW 7 Series,Kochi,Black,Diesel,Automatic,Online,2,15777473.0,10.0,31554946.0,3155494.6,28399451.4
4929,2024-04-04,Deanna Stephens,Corporate,BMW 7 Series,Ahmedabad,Grey,Diesel,Manual,Corporate,1,16075829.0,2.0,16075829.0,321516.58,15754312.42
4930,2025-09-22,Megan Russo,Corporate,BMW X7,Ahmedabad,Blue,Petrol,Manual,Corporate,2,13222305.0,10.0,26444610.0,2644461.0,23800149.0
4931,2023-10-06,Jay Duncan,Luxury,BMW i4,Ahmedabad,White,Electric,Manual,Corporate,3,7617029.0,12.0,22851087.0,2742130.44,20108956.56
4932,2025-03-27,Troy Hayden,Luxury,BMW X1,Bangalore,Blue,Hybrid,Automatic,Online,2,5422060.0,7.0,10844120.0,759088.4,10085031.6
4933,2024-12-17,Brian Ramirez,Corporate,BMW X7,Jaipur,Black,Electric,Automatic,Corporate,3,13093179.0,10.0,39279537.0,3927953.7,35351583.3
4934,2026-01-20,Tommy Adams,Individual,BMW X7,Ahmedabad,White,Petrol,Automatic,Online,3,14710221.0,2.0,44130663.0,882613.26,43248049.74
4935,2024-07-14,Victoria Rice,Individual,BMW 5 Series,Mumbai,Grey,Petrol,Manual,Online,1,8333530.0,7.0,8333530.0,583347.1,7750182.9
4936,2025-12-01,Daniel Hernandez,Individual,BMW 3 Series,Mumbai,White,Diesel,Automatic,Corporate,3,5663034.0,10.0,16989102.0,1698910.2,15290191.8
4937,2024-01-12,Amber Crawford,Luxury,BMW X5,Bangalore,Grey,Hybrid,Manual,Dealer,1,11647864.0,0.0,11647864.0,0.0,11647864.0
4938,2024-02-12,Stephanie Hensley,Luxury,BMW 7 Series,Mumbai,Black,Petrol,Automatic,Corporate,1,17551524.0,10.0,17551524.0,1755152.4,15796371.6
4939,2024-12-31,Ian Douglas,Luxury,BMW i7,Pune,Blue,Electric,Automatic,Online,1,14813474.0,0.0,14813474.0,0.0,14813474.0
4940,2024-09-12,Felicia Potts,Luxury,BMW i5,Bangalore,Blue,Petrol,Manual,Dealer,2,9753883.0,2.0,19507766.0,390155.32,19117610.68
4941,2023-10-31,Howard Kemp,Individual,BMW 3 Series,Kolkata,Red,Hybrid,Automatic,Corporate,2,6125083.0,0.0,12250166.0,0.0,12250166.0
4942,2025-03-26,Megan Williams,Luxury,BMW X7,Pune,Black,Diesel,Manual,Dealer,2,12249999.0,7.0,24499998.0,1714999.86,22784998.14
4943,2025-02-20,David Hill,Corporate,BMW 7 Series,Delhi,Red,Diesel,Automatic,Dealer,3,18147804.0,12.0,54443412.0,6533209.44,47910202.56
4944,2026-06-14,Darren Harvey,Individual,BMW i5,Hyderabad,Black,Diesel,Manual,Online,2,10822058.0,12.0,21644116.0,2597293.92,19046822.08
4945,2026-01-08,Darren Gardner,Corporate,BMW 7 Series,Bangalore,Black,Petrol,Manual,Corporate,3,14506214.0,5.0,43518642.0,2175932.1,41342709.9
4946,2025-10-06,Michael Andrews,Individual,BMW i7,Ahmedabad,Grey,Diesel,Automatic,Corporate,3,17872304.0,0.0,53616912.0,0.0,53616912.0
4947,2024-01-23,Justin Trujillo,Corporate,BMW i7,Ahmedabad,Grey,Hybrid,Manual,Dealer,2,16695122.0,2.0,33390244.0,667804.88,32722439.12
4948,2023-09-12,Lori Beck,Corporate,BMW i5,Mumbai,Grey,Diesel,Automatic,Dealer,3,9878177.0,0.0,29634531.0,0.0,29634531.0
4949,2024-01-08,Cole Henderson,Corporate,BMW i4,Mumbai,Red,Hybrid,Automatic,Dealer,1,7987851.0,0.0,7987851.0,0.0,7987851.0
4950,2024-07-16,Sheryl Wood,Individual,BMW i7,Chennai,Red,Diesel,Automatic,Online,3,14817935.0,0.0,44453805.0,0.0,44453805.0
4951,2023-12-10,Misty Simmons,Corporate,BMW X7,Hyderabad,Black,Diesel,Manual,Online,1,13668510.0,7.0,13668510.0,956795.7,12711714.3
4952,2025-07-30,Kathy Crawford,Individual,BMW i5,Pune,Red,Diesel,Automatic,Dealer,3,10872363.0,7.0,32617089.0,2283196.23,30333892.77
4953,2024-11-25,Kirsten Scott,Individual,BMW i4,Mumbai,White,Diesel,Automatic,Dealer,1,8117675.0,5.0,8117675.0,405883.75,7711791.25
4954,2023-10-10,Kyle Garcia,Individual,BMW i7,Ahmedabad,Blue,Electric,Automatic,Online,3,16812788.0,2.0,50438364.0,1008767.28,49429596.72
4955,2024-12-17,Phillip Lawrence,Individual,BMW i7,Mumbai,Grey,Electric,Manual,Corporate,3,16309666.0,5.0,48928998.0,2446449.9,46482548.1
4956,2024-09-07,Grace Heath,Luxury,BMW 5 Series,Jaipur,Blue,Electric,Manual,Dealer,2,7626181.0,5.0,15252362.0,762618.1,14489743.9
4957,2025-09-12,Victor Miles,Individual,BMW 3 Series,Ahmedabad,White,Electric,Manual,Online,3,6207062.0,10.0,18621186.0,1862118.6,16759067.4
4958,2025-04-11,Cynthia Burns,Luxury,BMW X7,Kochi,Grey,Electric,Manual,Corporate,3,15505753.0,2.0,46517259.0,930345.18,45586913.82
4959,2023-11-08,Noah Figueroa,Individual,BMW X5,Chennai,White,Hybrid,Manual,Dealer,2,10675003.0,10.0,21350006.0,2135000.6,19215005.4
4960,2023-10-29,Tina Grant,Corporate,BMW i4,Ahmedabad,Black,Diesel,Automatic,Dealer,3,7065743.0,10.0,21197229.0,2119722.9,19077506.1
4961,2026-04-05,Amanda Brown,Individual,BMW 5 Series,Bangalore,Red,Petrol,Manual,Dealer,1,8164299.0,5.0,8164299.0,408214.95,7756084.05
4962,2024-01-25,Melody Greene,Individual,BMW X1,Bangalore,Red,Hybrid,Manual,Dealer,3,5785927.0,7.0,17357781.0,1215044.67,16142736.33
4963,2025-10-30,John Green,Corporate,BMW 3 Series,Bangalore,Black,Diesel,Automatic,Dealer,2,5155113.0,0.0,10310226.0,0.0,10310226.0
4964,2025-09-08,Tammie Green,Corporate,BMW 3 Series,Kolkata,Black,Diesel,Automatic,Corporate,1,4848926.0,7.0,4848926.0,339424.82,4509501.18
4965,2023-10-23,Mark Smith,Individual,BMW X3,Hyderabad,White,Petrol,Manual,Online,2,7310191.0,2.0,14620382.0,292407.64,14327974.36
4966,2024-09-18,Patricia Singh,Corporate,BMW 3 Series,Jaipur,Black,Petrol,Automatic,Dealer,1,6499498.0,2.0,6499498.0,129989.96,6369508.04
4967,2024-05-09,Amy Rice,Individual,BMW i4,Bangalore,Blue,Hybrid,Manual,Online,3,8262622.0,5.0,24787866.0,1239393.3,23548472.7
4968,2025-09-06,Jessica Hernandez,Luxury,BMW 5 Series,Kochi,Blue,Petrol,Automatic,Corporate,3,7896446.0,10.0,23689338.0,2368933.8,21320404.2
4969,2026-07-17,Colleen Berger,Individual,BMW 3 Series,Chennai,Grey,Diesel,Manual,Online,2,6264764.0,7.0,12529528.0,877066.96,11652461.04
4970,2024-05-24,David Ray,Corporate,BMW X1,Pune,Grey,Hybrid,Automatic,Dealer,2,6254308.0,0.0,12508616.0,0.0,12508616.0
4971,2026-03-12,Sandy Curry,Corporate,BMW X3,Bangalore,White,Diesel,Manual,Dealer,3,7002914.0,0.0,21008742.0,0.0,21008742.0
4972,2023-09-12,Christopher Mitchell,Corporate,BMW 3 Series,Kolkata,Grey,Petrol,Automatic,Corporate,2,5368668.0,12.0,10737336.0,1288480.32,9448855.68
4973,2024-03-07,Lisa Miller,Luxury,BMW 7 Series,Mumbai,Grey,Electric,Automatic,Online,2,17073019.0,7.0,34146038.0,2390222.66,31755815.34
4974,2023-11-15,Joshua Hopkins,Individual,BMW i7,Chennai,Grey,Electric,Automatic,Dealer,2,15540183.0,0.0,31080366.0,0.0,31080366.0
4975,2025-03-18,Debbie Jones,Corporate,BMW i4,Kochi,Silver,Electric,Automatic,Dealer,2,8296327.0,12.0,16592654.0,1991118.48,14601535.52
4976,2025-10-11,Samantha Graves,Luxury,BMW X5,Jaipur,Silver,Petrol,Manual,Corporate,3,11448631.0,10.0,34345893.0,3434589.3,30911303.7
4977,2025-10-25,Jeffrey Price,Corporate,BMW X1,Bangalore,Black,Petrol,Automatic,Dealer,1,6001077.0,5.0,6001077.0,300053.85,5701023.15
4978,2025-08-26,Christopher Davis,Corporate,BMW X3,Bangalore,Red,Electric,Manual,Online,2,6829701.0,12.0,13659402.0,1639128.24,12020273.76
4979,2025-06-10,Kristen Williams,Luxury,BMW i4,Mumbai,Grey,Petrol,Manual,Online,3,7155950.0,2.0,21467850.0,429357.0,21038493.0
4980,2023-11-10,Anna Valencia,Corporate,BMW 5 Series,Kochi,Grey,Hybrid,Manual,Online,1,8369307.0,12.0,8369307.0,1004316.84,7364990.16
4981,2025-06-05,Joseph Mcdaniel,Individual,BMW 3 Series,Jaipur,Black,Diesel,Manual,Dealer,2,5237953.0,12.0,10475906.0,1257108.72,9218797.28
4982,2024-12-23,Nicholas Johnson,Individual,BMW 5 Series,Ahmedabad,Black,Hybrid,Automatic,Corporate,1,7345817.0,7.0,7345817.0,514207.19,6831609.81
4983,2025-04-21,Pamela Adams,Individual,BMW 3 Series,Bangalore,Grey,Diesel,Automatic,Corporate,3,4717115.0,2.0,14151345.0,283026.9,13868318.1
4984,2024-09-24,Brenda Melton,Luxury,BMW i5,Bangalore,White,Electric,Manual,Online,1,9954365.0,0.0,9954365.0,0.0,9954365.0
4985,2024-12-31,Jason Scott,Corporate,BMW X5,Kolkata,Black,Petrol,Manual,Dealer,1,10588540.0,0.0,10588540.0,0.0,10588540.0
4986,2024-11-25,Mr. Richard Clay,Individual,BMW X7,Chennai,White,Electric,Automatic,Online,2,14976310.0,10.0,29952620.0,2995262.0,26957358.0
4987,2025-07-05,Kyle Johnson,Corporate,BMW X3,Mumbai,Blue,Petrol,Automatic,Online,3,7068820.0,2.0,21206460.0,424129.2,20782330.8
4988,2025-04-21,Michael Schmidt,Individual,BMW X5,Delhi,Blue,Diesel,Automatic,Dealer,2,11159919.0,2.0,22319838.0,446396.76,21873441.24
4989,2024-03-18,Tina Allen,Corporate,BMW X7,Delhi,Black,Hybrid,Manual,Dealer,3,12529723.0,0.0,37589169.0,0.0,37589169.0
4990,2025-07-01,Lisa Morris,Individual,BMW X1,Jaipur,Silver,Electric,Automatic,Online,2,6253252.0,0.0,12506504.0,0.0,12506504.0
4991,2025-12-17,Christopher Vargas,Corporate,BMW X7,Kolkata,Grey,Electric,Manual,Online,1,13336314.0,0.0,13336314.0,0.0,13336314.0
4992,2024-11-18,Alexandra Edwards,Corporate,BMW X1,Mumbai,Red,Electric,Automatic,Dealer,2,5206673.0,5.0,10413346.0,520667.3,9892678.7
4993,2026-05-10,Vicki Jackson,Individual,BMW X5,Delhi,White,Hybrid,Automatic,Corporate,1,9933691.0,12.0,9933691.0,1192042.92,8741648.08
4994,2025-02-04,Russell Williams,Luxury,BMW X3,Kolkata,Silver,Petrol,Manual,Corporate,3,7007719.0,0.0,21023157.0,0.0,21023157.0
4995,2024-07-19,Matthew Cortez,Luxury,BMW 3 Series,Ahmedabad,Silver,Electric,Manual,Online,2,5623085.0,10.0,11246170.0,1124617.0,10121553.0
4996,2026-07-30,Kristy Miller,Luxury,BMW 3 Series,Bangalore,Black,Electric,Automatic,Corporate,3,5669011.0,2.0,17007033.0,340140.66,16666892.34
4997,2026-03-29,Scott Barker,Corporate,BMW X5,Delhi,Grey,Diesel,Automatic,Corporate,2,10689003.0,5.0,21378006.0,1068900.3,20309105.7
4998,2024-05-16,Natalie Dillon,Luxury,BMW X1,Pune,Grey,Diesel,Manual,Online,3,6372358.0,10.0,19117074.0,1911707.4,17205366.6
4999,2024-02-25,Patricia Gay,Individual,BMW 3 Series,Bangalore,Blue,Diesel,Manual,Dealer,2,5894299.0,10.0,11788598.0,1178859.8,10609738.2
5000,2024-12-01,Mary Duarte,Individual,BMW i4,Pune,Red,Diesel,Manual,Dealer,2,7102302.0,0.0,14204604.0,0.0,14204604.0
5001,2024-02-03,Angela Knight,Luxury,BMW 5 Series,Jaipur,Red,Hybrid,Manual,Dealer,3,7186762.0,7.0,21560286.0,1509220.02,20051065.98
5002,2024-09-19,Erin Martinez,Luxury,BMW i7,Pune,Blue,Electric,Automatic,Online,3,14709474.0,0.0,44128422.0,0.0,44128422.0
5003,2025-09-13,Tammy Snyder,Luxury,BMW i4,Kochi,Red,Electric,Manual,Dealer,3,7321202.0,0.0,21963606.0,0.0,21963606.0
5004,2025-12-14,Travis Bailey,Individual,BMW X7,Kolkata,White,Diesel,Manual,Online,1,14119492.0,7.0,14119492.0,988364.44,13131127.56
5005,2025-04-15,Andrew Mckenzie,Luxury,BMW 5 Series,Bangalore,Black,Hybrid,Automatic,Online,2,7751637.0,5.0,15503274.0,775163.7,14728110.3
5006,2026-07-30,Jennifer Sparks,Luxury,BMW i5,Kochi,Silver,Petrol,Manual,Dealer,3,9054378.0,10.0,27163134.0,2716313.4,24446820.6
5007,2025-07-04,Tina Brown,Luxury,BMW 5 Series,Bangalore,Grey,Electric,Automatic,Dealer,3,6814767.0,0.0,20444301.0,0.0,20444301.0
5008,2023-08-15,Susan Carrillo,Corporate,BMW 7 Series,Mumbai,Blue,Hybrid,Manual,Dealer,1,16025150.0,2.0,16025150.0,320503.0,15704647.0
5009,2025-12-19,Alec Love,Individual,BMW X5,Chennai,Grey,Petrol,Manual,Corporate,3,10398376.0,5.0,31195128.0,1559756.4,29635371.6
5010,2025-03-29,Brett Smith,Luxury,BMW i4,Bangalore,Blue,Diesel,Manual,Corporate,1,7547787.0,2.0,7547787.0,150955.74,7396831.26
5011,2025-04-01,Michele Vaughn,Luxury,BMW i4,Mumbai,Silver,Hybrid,Automatic,Online,1,7301935.0,5.0,7301935.0,365096.75,6936838.25
5012,2026-03-16,Stephanie Knox,Luxury,BMW X3,Hyderabad,Silver,Diesel,Automatic,Online,3,6712297.0,5.0,20136891.0,1006844.55,19130046.45
5013,2024-10-12,Susan Chambers,Corporate,BMW 7 Series,Chennai,Grey,Electric,Automatic,Corporate,3,17685006.0,2.0,53055018.0,1061100.36,51993917.64
5014,2023-10-09,Joshua Reese,Corporate,BMW i5,Ahmedabad,Red,Electric,Automatic,Dealer,3,9137375.0,12.0,27412125.0,3289455.0,24122670.0
5015,2023-11-03,Pamela Perez,Corporate,BMW X5,Kochi,White,Petrol,Manual,Corporate,3,10070180.0,5.0,30210540.0,1510527.0,28700013.0
5016,2024-01-14,Mary Washington,Corporate,BMW i5,Ahmedabad,Red,Diesel,Manual,Corporate,3,10036769.0,12.0,30110307.0,3613236.84,26497070.16
5017,2025-01-10,Elizabeth Aguilar,Individual,BMW 7 Series,Ahmedabad,Blue,Hybrid,Automatic,Corporate,2,15768784.0,10.0,31537568.0,3153756.8,28383811.2
5018,2026-02-03,Brad Simpson,Individual,BMW 5 Series,Kolkata,Red,Diesel,Automatic,Online,1,7928192.0,2.0,7928192.0,158563.84,7769628.16
5019,2024-01-22,Vanessa Combs,Individual,BMW 5 Series,Bangalore,White,Diesel,Automatic,Dealer,3,7883501.0,0.0,23650503.0,0.0,23650503.0
5020,2025-08-12,Jason Meyer,Corporate,BMW i4,Pune,Black,Diesel,Manual,Corporate,2,7393685.0,12.0,14787370.0,1774484.4,13012885.6
5021,2025-01-30,Deborah Williamson,Individual,BMW X3,Jaipur,Black,Diesel,Automatic,Corporate,3,7104706.0,12.0,21314118.0,2557694.16,18756423.84
5022,2025-07-18,Brian Hunt,Luxury,BMW 7 Series,Hyderabad,Red,Hybrid,Automatic,Online,1,15913837.0,0.0,15913837.0,0.0,15913837.0
5023,2024-04-02,John Smith,Corporate,BMW i4,Chennai,Red,Petrol,Automatic,Dealer,2,8206955.0,2.0,16413910.0,328278.2,16085631.8
5024,2026-01-21,Joshua Smith,Individual,BMW i5,Pune,White,Hybrid,Automatic,Dealer,2,10178299.0,10.0,20356598.0,2035659.8,18320938.2
5025,2026-01-02,Donald Mora,Luxury,BMW 5 Series,Kolkata,White,Diesel,Manual,Dealer,3,8210768.0,10.0,24632304.0,2463230.4,22169073.6
5026,2023-09-26,Wesley Mercado,Individual,BMW i5,Chennai,Grey,Petrol,Manual,Corporate,3,10294510.0,2.0,30883530.0,617670.6,30265859.4
5027,2026-03-05,Joshua Keith,Individual,BMW X1,Bangalore,Blue,Diesel,Automatic,Online,3,5941913.0,5.0,17825739.0,891286.95,16934452.05
5028,2026-04-07,Charles Hill,Corporate,BMW X3,Ahmedabad,Black,Diesel,Automatic,Dealer,3,6985091.0,0.0,20955273.0,0.0,20955273.0
5029,2025-07-12,Terri Compton,Corporate,BMW X3,Kochi,Blue,Electric,Manual,Dealer,2,7059064.0,2.0,14118128.0,282362.56,13835765.44
5030,2025-11-12,Allen Walters,Luxury,BMW i4,Ahmedabad,White,Electric,Manual,Corporate,1,7031993.0,5.0,7031993.0,351599.65,6680393.35
5031,2024-05-22,Kaitlin Morris,Luxury,BMW i5,Hyderabad,Red,Petrol,Automatic,Dealer,1,10791085.0,5.0,10791085.0,539554.25,10251530.75
5032,2024-01-06,Michael Jenkins,Individual,BMW i5,Hyderabad,White,Electric,Automatic,Corporate,3,10184158.0,12.0,30552474.0,3666296.88,26886177.12
5033,2024-12-05,Tabitha Myers,Luxury,BMW i5,Delhi,Red,Diesel,Manual,Online,2,10032123.0,10.0,20064246.0,2006424.6,18057821.4
5034,2025-02-08,Jessica Hoffman,Corporate,BMW X5,Mumbai,Grey,Electric,Automatic,Dealer,1,11448240.0,5.0,11448240.0,572412.0,10875828.0
5035,2026-02-18,Terry Murphy,Individual,BMW X1,Chennai,Grey,Hybrid,Manual,Corporate,1,5935850.0,7.0,5935850.0,415509.5,5520340.5
5036,2025-02-17,Mr. Brad Todd,Luxury,BMW X7,Mumbai,Black,Petrol,Manual,Dealer,1,15210951.0,0.0,15210951.0,0.0,15210951.0
5037,2024-10-07,James Francis,Corporate,BMW 5 Series,Kochi,White,Petrol,Automatic,Dealer,2,7197070.0,12.0,14394140.0,1727296.8,12666843.2
5038,2024-09-01,Timothy Johnson,Luxury,BMW 5 Series,Mumbai,White,Hybrid,Manual,Dealer,3,7036102.0,0.0,21108306.0,0.0,21108306.0
5039,2023-09-04,Kimberly Reed,Corporate,BMW i4,Chennai,Silver,Diesel,Automatic,Dealer,2,7450697.0,10.0,14901394.0,1490139.4,13411254.6
5040,2026-01-01,Anthony Rose,Individual,BMW i5,Kochi,Blue,Electric,Automatic,Online,1,9287574.0,0.0,9287574.0,0.0,9287574.0
5041,2026-07-05,Jeffrey Dudley,Corporate,BMW 7 Series,Bangalore,Grey,Electric,Automatic,Online,1,17281235.0,5.0,17281235.0,864061.75,16417173.25
5042,2024-05-09,Joseph Yang,Individual,BMW i5,Delhi,White,Electric,Manual,Online,2,10953869.0,2.0,21907738.0,438154.76,21469583.24
5043,2026-05-23,Ryan Nunez,Corporate,BMW X5,Hyderabad,Black,Electric,Automatic,Online,3,11913961.0,10.0,35741883.0,3574188.3,32167694.7
5044,2026-02-23,Mrs. Cynthia Skinner,Corporate,BMW i7,Bangalore,White,Petrol,Manual,Corporate,1,14542682.0,7.0,14542682.0,1017987.74,13524694.26
5045,2025-02-18,Jeffery Fletcher,Luxury,BMW i7,Chennai,Silver,Electric,Automatic,Dealer,1,17553020.0,5.0,17553020.0,877651.0,16675369.0
5046,2026-01-14,Emily Hurley,Corporate,BMW i7,Kochi,Silver,Electric,Manual,Online,2,17160531.0,10.0,34321062.0,3432106.2,30888955.8
5047,2024-04-19,Joshua Garcia,Individual,BMW X5,Ahmedabad,Grey,Electric,Manual,Dealer,1,11759175.0,12.0,11759175.0,1411101.0,10348074.0
5048,2026-01-03,David Carpenter,Corporate,BMW X5,Delhi,Black,Electric,Manual,Online,3,9732917.0,5.0,29198751.0,1459937.55,27738813.45
5049,2023-12-25,Mitchell Jackson,Corporate,BMW X3,Chennai,Black,Hybrid,Manual,Corporate,1,7682744.0,0.0,7682744.0,0.0,7682744.0
5050,2026-07-14,Kristopher Mays,Corporate,BMW i7,Mumbai,White,Electric,Automatic,Dealer,1,14148625.0,0.0,14148625.0,0.0,14148625.0
5051,2023-11-23,Amy Harris,Corporate,BMW X5,Jaipur,Grey,Petrol,Automatic,Online,2,9718788.0,12.0,19437576.0,2332509.12,17105066.88
5052,2024-02-03,Rachel Scott,Individual,BMW X7,Pune,Black,Petrol,Automatic,Online,3,13297420.0,5.0,39892260.0,1994613.0,37897647.0
5053,2025-12-02,Carl Estes,Luxury,BMW 3 Series,Chennai,Blue,Electric,Manual,Online,3,5114232.0,7.0,15342696.0,1073988.72,14268707.28
5054,2024-12-26,Andrew Johnston,Individual,BMW X7,Jaipur,Silver,Hybrid,Manual,Online,1,15321615.0,5.0,15321615.0,766080.75,14555534.25
5055,2024-09-18,James Snyder,Corporate,BMW X7,Chennai,Red,Diesel,Manual,Online,3,13183020.0,10.0,39549060.0,3954906.0,35594154.0
5056,2024-08-19,John Haney,Luxury,BMW 7 Series,Pune,Black,Diesel,Automatic,Online,2,17720206.0,0.0,35440412.0,0.0,35440412.0
5057,2024-07-14,Mitchell Leonard,Luxury,BMW i7,Pune,Red,Petrol,Automatic,Dealer,1,17097405.0,0.0,17097405.0,0.0,17097405.0
5058,2024-01-21,Michael Mcdowell,Corporate,BMW X7,Pune,Blue,Petrol,Automatic,Corporate,3,12741900.0,12.0,38225700.0,4587084.0,33638616.0
5059,2025-06-04,Eric Valenzuela,Corporate,BMW X5,Kochi,Black,Electric,Automatic,Dealer,2,9594353.0,2.0,19188706.0,383774.12,18804931.88
5060,2025-07-25,Bianca Grant,Corporate,BMW i4,Delhi,Silver,Electric,Manual,Corporate,3,7149225.0,7.0,21447675.0,1501337.25,19946337.75
5061,2024-08-14,Austin Adams,Luxury,BMW X7,Mumbai,Black,Diesel,Automatic,Dealer,1,15433283.0,12.0,15433283.0,1851993.96,13581289.04
5062,2026-06-06,Jennifer Morales,Corporate,BMW 5 Series,Kochi,Black,Diesel,Manual,Online,2,7461683.0,7.0,14923366.0,1044635.62,13878730.38
5063,2024-02-18,Richard Perez,Corporate,BMW 5 Series,Kolkata,Blue,Hybrid,Manual,Online,2,7569328.0,5.0,15138656.0,756932.8,14381723.2
5064,2024-12-10,Vincent Kaufman,Luxury,BMW i5,Kochi,Silver,Electric,Automatic,Corporate,1,10892813.0,5.0,10892813.0,544640.65,10348172.35
5065,2026-06-05,Sydney Arroyo,Corporate,BMW X1,Hyderabad,White,Hybrid,Automatic,Corporate,1,6066377.0,0.0,6066377.0,0.0,6066377.0
5066,2023-09-07,John Coleman,Luxury,BMW X3,Ahmedabad,White,Hybrid,Manual,Dealer,3,7993971.0,12.0,23981913.0,2877829.56,21104083.44
5067,2026-02-16,Terri Johnson,Corporate,BMW X3,Delhi,Black,Petrol,Manual,Online,3,7612062.0,5.0,22836186.0,1141809.3,21694376.7
5068,2025-10-07,Samuel Jackson,Luxury,BMW i5,Delhi,Red,Diesel,Manual,Corporate,2,10881230.0,2.0,21762460.0,435249.2,21327210.8
5069,2025-10-24,Susan Phillips,Corporate,BMW i5,Ahmedabad,Grey,Diesel,Manual,Corporate,1,10174719.0,12.0,10174719.0,1220966.28,8953752.72
5070,2026-04-16,Janet Wilson,Corporate,BMW i4,Kolkata,White,Hybrid,Automatic,Dealer,3,7534025.0,7.0,22602075.0,1582145.25,21019929.75
5071,2025-02-18,Colin Rodriguez,Corporate,BMW X3,Hyderabad,Black,Hybrid,Automatic,Dealer,1,7235284.0,10.0,7235284.0,723528.4,6511755.6
5072,2024-09-26,Tina Harris,Corporate,BMW i5,Kochi,Grey,Hybrid,Manual,Corporate,2,9936099.0,7.0,19872198.0,1391053.86,18481144.14
5073,2026-03-21,Kelly Anderson,Corporate,BMW X7,Chennai,Red,Petrol,Automatic,Dealer,3,14902761.0,0.0,44708283.0,0.0,44708283.0
5074,2024-04-07,Jeff Stone,Corporate,BMW X7,Delhi,Silver,Diesel,Automatic,Online,2,12529235.0,10.0,25058470.0,2505847.0,22552623.0
5075,2025-06-28,Christopher Walters,Corporate,BMW i7,Ahmedabad,Blue,Hybrid,Manual,Corporate,1,17546123.0,10.0,17546123.0,1754612.3,15791510.7
5076,2025-01-13,Austin Gilbert,Corporate,BMW 5 Series,Chennai,Grey,Diesel,Manual,Dealer,2,7817746.0,12.0,15635492.0,1876259.04,13759232.96
5077,2026-01-10,Ricardo Sosa,Corporate,BMW X3,Delhi,Black,Electric,Automatic,Online,2,7433930.0,7.0,14867860.0,1040750.2,13827109.8
5078,2023-09-08,Katrina Jones,Corporate,BMW i4,Chennai,Black,Petrol,Manual,Online,2,7282631.0,12.0,14565262.0,1747831.44,12817430.56
5079,2026-07-30,Jessica Morse,Corporate,BMW X3,Kochi,Red,Electric,Manual,Dealer,1,7091762.0,12.0,7091762.0,851011.44,6240750.56
5080,2026-06-14,Matthew King,Corporate,BMW X5,Kolkata,Blue,Electric,Manual,Corporate,2,10407939.0,5.0,20815878.0,1040793.9,19775084.1
5081,2024-09-05,Kathleen Taylor,Luxury,BMW X5,Ahmedabad,White,Diesel,Manual,Online,3,11137356.0,7.0,33412068.0,2338844.76,31073223.24
5082,2025-01-03,Benjamin Robertson,Luxury,BMW 7 Series,Chennai,Blue,Diesel,Automatic,Online,1,16801498.0,10.0,16801498.0,1680149.8,15121348.2
5083,2023-12-12,Marco Pruitt,Corporate,BMW 7 Series,Ahmedabad,Silver,Diesel,Manual,Corporate,1,17943897.0,10.0,17943897.0,1794389.7,16149507.3
5084,2024-11-14,Nathan Baker,Luxury,BMW X5,Jaipur,Silver,Electric,Automatic,Corporate,2,11833333.0,0.0,23666666.0,0.0,23666666.0
5085,2026-04-22,Ryan Swanson,Corporate,BMW X7,Kolkata,Grey,Petrol,Automatic,Online,1,12095843.0,7.0,12095843.0,846709.01,11249133.99
5086,2026-05-28,Whitney Hall,Luxury,BMW X3,Delhi,Red,Electric,Automatic,Online,1,7634469.0,12.0,7634469.0,916136.28,6718332.72
5087,2024-09-25,Marissa Miller,Individual,BMW 3 Series,Chennai,Black,Hybrid,Manual,Online,3,5510714.0,7.0,16532142.0,1157249.94,15374892.06
5088,2024-05-02,Tamara Middleton,Individual,BMW i4,Ahmedabad,White,Electric,Manual,Online,3,8427663.0,5.0,25282989.0,1264149.45,24018839.55
5089,2024-03-26,Charles Crawford,Luxury,BMW X3,Kochi,Grey,Diesel,Manual,Online,3,6635538.0,0.0,19906614.0,0.0,19906614.0
5090,2023-10-20,Jason Lewis,Individual,BMW 3 Series,Ahmedabad,Red,Diesel,Manual,Dealer,1,6183629.0,5.0,6183629.0,309181.45,5874447.55
5091,2023-10-02,Michelle Lee,Corporate,BMW X7,Kochi,Red,Hybrid,Automatic,Corporate,2,12310201.0,7.0,24620402.0,1723428.14,22896973.86
5092,2026-03-07,Michael Williams,Luxury,BMW i5,Hyderabad,Silver,Petrol,Automatic,Dealer,1,9436542.0,7.0,9436542.0,660557.94,8775984.06
5093,2025-04-20,Melvin Chambers,Corporate,BMW X1,Mumbai,Black,Diesel,Automatic,Online,3,5645658.0,10.0,16936974.0,1693697.4,15243276.6
5094,2024-11-27,Kimberly Edwards,Individual,BMW X1,Hyderabad,White,Electric,Manual,Corporate,3,5906380.0,12.0,17719140.0,2126296.8,15592843.2
5095,2023-12-24,Kathleen Campbell,Individual,BMW 3 Series,Bangalore,Red,Electric,Automatic,Corporate,2,5961094.0,12.0,11922188.0,1430662.56,10491525.44
5096,2026-07-02,John Black,Individual,BMW 7 Series,Kochi,Black,Diesel,Automatic,Corporate,2,16521005.0,5.0,33042010.0,1652100.5,31389909.5
5097,2024-12-08,Heather Hudson,Luxury,BMW 7 Series,Jaipur,Blue,Hybrid,Manual,Online,3,17876774.0,0.0,53630322.0,0.0,53630322.0
5098,2025-01-10,Michael Cole,Corporate,BMW 5 Series,Bangalore,White,Diesel,Automatic,Corporate,1,7870540.0,0.0,7870540.0,0.0,7870540.0
5099,2024-01-29,Dana Montoya,Individual,BMW X7,Kolkata,Red,Electric,Automatic,Corporate,2,14852026.0,12.0,29704052.0,3564486.24,26139565.76
5100,2026-05-18,Carol Vasquez,Luxury,BMW X3,Mumbai,Silver,Hybrid,Manual,Corporate,3,7669423.0,2.0,23008269.0,460165.38,22548103.62
5101,2025-12-12,Mr. Nathan Bryan,Luxury,BMW X3,Hyderabad,Grey,Diesel,Manual,Online,3,7611283.0,5.0,22833849.0,1141692.45,21692156.55
5102,2026-06-03,Laura Smith,Individual,BMW X1,Delhi,Blue,Petrol,Automatic,Corporate,3,6316609.0,12.0,18949827.0,2273979.24,16675847.76
5103,2024-09-07,Tim Mata,Individual,BMW 7 Series,Ahmedabad,Black,Hybrid,Automatic,Online,1,17983734.0,12.0,17983734.0,2158048.08,15825685.92
5104,2023-10-23,Joseph Simmons,Corporate,BMW 7 Series,Pune,White,Diesel,Manual,Corporate,2,14390766.0,5.0,28781532.0,1439076.6,27342455.4
5105,2024-02-29,Samuel Bishop,Individual,BMW i7,Hyderabad,Blue,Diesel,Manual,Online,3,15165684.0,12.0,45497052.0,5459646.24,40037405.76
5106,2025-05-03,Julie Love,Luxury,BMW i5,Ahmedabad,Red,Diesel,Manual,Dealer,3,10598650.0,7.0,31795950.0,2225716.5,29570233.5
5107,2026-07-04,Brian Thomas,Corporate,BMW 7 Series,Jaipur,Red,Hybrid,Manual,Online,2,17659110.0,2.0,35318220.0,706364.4,34611855.6
5108,2025-10-15,Patricia Johnston,Corporate,BMW i5,Kolkata,Black,Electric,Automatic,Online,3,10927961.0,0.0,32783883.0,0.0,32783883.0
5109,2024-10-02,Lisa Munoz MD,Individual,BMW 7 Series,Kochi,Blue,Diesel,Manual,Corporate,3,17163801.0,7.0,51491403.0,3604398.21,47887004.79
5110,2024-02-20,Allen Shepherd,Individual,BMW X5,Ahmedabad,Red,Petrol,Automatic,Online,1,10424431.0,12.0,10424431.0,1250931.72,9173499.28
5111,2026-06-01,Stephanie Conrad,Individual,BMW 3 Series,Delhi,Grey,Petrol,Automatic,Corporate,3,4662514.0,0.0,13987542.0,0.0,13987542.0
5112,2025-08-02,Anthony Gonzalez,Corporate,BMW X3,Mumbai,Black,Diesel,Manual,Online,1,7943839.0,7.0,7943839.0,556068.73,7387770.27
5113,2026-01-26,Brittany Matthews,Individual,BMW i5,Bangalore,White,Electric,Manual,Dealer,3,9610492.0,7.0,28831476.0,2018203.32,26813272.68
5114,2024-12-23,Aaron Jefferson,Individual,BMW i7,Mumbai,Silver,Petrol,Automatic,Corporate,1,15552024.0,0.0,15552024.0,0.0,15552024.0
5115,2023-12-14,Christopher Jensen,Individual,BMW X5,Jaipur,Grey,Diesel,Automatic,Online,2,10767279.0,7.0,21534558.0,1507419.06,20027138.94
5116,2024-11-04,Jaime Bailey,Luxury,BMW 3 Series,Chennai,Black,Hybrid,Manual,Dealer,3,6018127.0,12.0,18054381.0,2166525.72,15887855.28
5117,2023-09-14,Joshua Peters,Individual,BMW 5 Series,Ahmedabad,Grey,Diesel,Automatic,Dealer,2,7253843.0,0.0,14507686.0,0.0,14507686.0
5118,2025-09-20,Lisa Mccoy,Individual,BMW i4,Mumbai,Red,Hybrid,Automatic,Dealer,1,7950312.0,2.0,7950312.0,159006.24,7791305.76
5119,2026-01-19,Cynthia Harvey,Individual,BMW 5 Series,Delhi,White,Petrol,Automatic,Corporate,1,7686318.0,7.0,7686318.0,538042.26,7148275.74
5120,2025-04-16,Gregory Cohen,Corporate,BMW X3,Chennai,White,Hybrid,Manual,Corporate,2,6500180.0,0.0,13000360.0,0.0,13000360.0
5121,2024-03-08,William Rios,Corporate,BMW i7,Kolkata,White,Electric,Automatic,Dealer,2,17886184.0,0.0,35772368.0,0.0,35772368.0
5122,2025-01-26,Jacqueline Hardy,Individual,BMW X5,Jaipur,Black,Petrol,Automatic,Online,2,9673753.0,7.0,19347506.0,1354325.42,17993180.58
5123,2023-09-30,Daniel Williams,Luxury,BMW X5,Chennai,White,Petrol,Automatic,Online,2,9847731.0,12.0,19695462.0,2363455.44,17332006.56
5124,2023-12-31,Samantha Spencer,Corporate,BMW i7,Kolkata,Grey,Diesel,Manual,Online,1,14243765.0,7.0,14243765.0,997063.55,13246701.45
5125,2024-09-20,Michelle Valenzuela,Individual,BMW i7,Kolkata,Blue,Electric,Manual,Online,1,15749608.0,5.0,15749608.0,787480.4,14962127.6
5126,2024-12-20,Cindy Torres,Corporate,BMW i4,Pune,White,Electric,Manual,Dealer,2,7017259.0,2.0,14034518.0,280690.36,13753827.64
5127,2023-09-04,John Ward,Luxury,BMW X7,Kochi,Silver,Hybrid,Automatic,Online,2,15677261.0,12.0,31354522.0,3762542.64,27591979.36
5128,2026-05-03,Katie Hernandez,Individual,BMW X5,Delhi,White,Hybrid,Manual,Dealer,3,9944150.0,10.0,29832450.0,2983245.0,26849205.0
5129,2025-11-03,Catherine Frost,Individual,BMW X3,Jaipur,Black,Electric,Automatic,Corporate,1,7670368.0,7.0,7670368.0,536925.76,7133442.24
5130,2025-08-18,Shawn Velez,Corporate,BMW i4,Pune,Red,Diesel,Manual,Corporate,2,7742645.0,0.0,15485290.0,0.0,15485290.0
5131,2023-08-12,Phyllis Hernandez,Individual,BMW i5,Kolkata,Blue,Electric,Manual,Online,2,10783161.0,0.0,21566322.0,0.0,21566322.0
5132,2024-10-09,Taylor Mcclure,Luxury,BMW X3,Hyderabad,Silver,Hybrid,Manual,Dealer,2,7808897.0,2.0,15617794.0,312355.88,15305438.12
5133,2025-08-02,Ian Bradley,Individual,BMW i5,Jaipur,Black,Petrol,Manual,Dealer,3,9127056.0,5.0,27381168.0,1369058.4,26012109.6
5134,2026-08-08,Allen Harmon,Individual,BMW i4,Jaipur,Grey,Electric,Manual,Online,2,8379771.0,2.0,16759542.0,335190.84,16424351.16
5135,2026-01-07,Logan Dillon,Individual,BMW 7 Series,Delhi,Red,Petrol,Manual,Dealer,2,14526539.0,12.0,29053078.0,3486369.36,25566708.64
5136,2023-12-28,Wendy Pope,Corporate,BMW i4,Kolkata,Grey,Petrol,Automatic,Corporate,3,8382999.0,0.0,25148997.0,0.0,25148997.0
5137,2024-05-14,Jermaine Allen,Luxury,BMW 5 Series,Delhi,Red,Hybrid,Automatic,Dealer,2,6961296.0,5.0,13922592.0,696129.6,13226462.4
5138,2024-03-01,Jennifer Richardson,Corporate,BMW i7,Ahmedabad,Black,Petrol,Manual,Dealer,2,15641792.0,12.0,31283584.0,3754030.08,27529553.92
5139,2024-12-05,Savannah Alexander,Individual,BMW i4,Bangalore,Grey,Hybrid,Automatic,Corporate,1,7676218.0,0.0,7676218.0,0.0,7676218.0
5140,2026-05-18,Nancy Brown,Corporate,BMW i4,Pune,Red,Petrol,Automatic,Online,3,7232536.0,12.0,21697608.0,2603712.96,19093895.04
5141,2025-04-23,Fred Rangel,Corporate,BMW i5,Delhi,Blue,Electric,Manual,Dealer,3,9375430.0,5.0,28126290.0,1406314.5,26719975.5
5142,2025-08-06,Elizabeth Collins,Corporate,BMW i5,Kolkata,Black,Hybrid,Manual,Dealer,2,10931428.0,7.0,21862856.0,1530399.92,20332456.08
5143,2025-03-07,Betty Morgan,Luxury,BMW 5 Series,Kochi,Red,Diesel,Manual,Dealer,1,8022799.0,2.0,8022799.0,160455.98,7862343.02
5144,2026-01-18,Felicia Jones,Individual,BMW X3,Mumbai,White,Petrol,Manual,Online,3,6522383.0,10.0,19567149.0,1956714.9,17610434.1
5145,2025-08-23,Emily Shah,Corporate,BMW 7 Series,Pune,White,Hybrid,Manual,Corporate,3,18070796.0,2.0,54212388.0,1084247.76,53128140.24
5146,2024-05-24,Sharon Hubbard,Luxury,BMW 3 Series,Jaipur,White,Petrol,Manual,Corporate,3,5921597.0,0.0,17764791.0,0.0,17764791.0
5147,2024-09-12,Lisa Walker,Individual,BMW X3,Delhi,Grey,Petrol,Automatic,Corporate,2,7942995.0,12.0,15885990.0,1906318.8,13979671.2
5148,2025-10-09,Lisa Payne,Individual,BMW 7 Series,Pune,Red,Diesel,Manual,Corporate,1,17397425.0,0.0,17397425.0,0.0,17397425.0
5149,2025-03-06,Jeffrey Powers,Individual,BMW 3 Series,Jaipur,Blue,Hybrid,Automatic,Online,1,5631868.0,2.0,5631868.0,112637.36,5519230.64
5150,2025-05-14,John Thompson,Corporate,BMW 7 Series,Chennai,Grey,Petrol,Automatic,Online,3,17340487.0,2.0,52021461.0,1040429.22,50981031.78
5151,2024-03-27,Jimmy Kelley,Corporate,BMW i7,Pune,Blue,Petrol,Manual,Online,3,17711951.0,0.0,53135853.0,0.0,53135853.0
5152,2025-02-11,Joanna Valentine,Luxury,BMW 5 Series,Kolkata,Red,Hybrid,Manual,Online,2,7979083.0,2.0,15958166.0,319163.32,15639002.68
5153,2025-07-20,Jennifer Barron,Individual,BMW X1,Kolkata,White,Hybrid,Manual,Dealer,1,5113981.0,5.0,5113981.0,255699.05,4858281.95
5154,2024-01-17,Paul Navarro,Luxury,BMW 3 Series,Kochi,Blue,Electric,Automatic,Dealer,1,4810739.0,5.0,4810739.0,240536.95,4570202.05
5155,2025-12-04,Brad Friedman,Luxury,BMW X7,Kochi,Grey,Hybrid,Automatic,Corporate,1,13125046.0,10.0,13125046.0,1312504.6,11812541.4
5156,2025-10-18,David Potts,Individual,BMW i4,Bangalore,Blue,Petrol,Automatic,Corporate,1,8123689.0,12.0,8123689.0,974842.68,7148846.32
5157,2024-02-03,Timothy Hall II,Luxury,BMW 3 Series,Kolkata,Blue,Electric,Automatic,Corporate,2,5316861.0,10.0,10633722.0,1063372.2,9570349.8
5158,2026-02-16,Brittany Smith,Luxury,BMW X1,Chennai,Black,Diesel,Manual,Corporate,2,5012196.0,7.0,10024392.0,701707.44,9322684.56
5159,2026-05-03,Katherine Jones,Corporate,BMW X7,Chennai,Silver,Hybrid,Automatic,Online,3,14973427.0,10.0,44920281.0,4492028.1,40428252.9
5160,2026-03-03,Mrs. Taylor Mullins,Corporate,BMW i7,Mumbai,Black,Electric,Manual,Corporate,2,15972625.0,10.0,31945250.0,3194525.0,28750725.0
5161,2025-02-22,Cheryl Lambert,Individual,BMW 3 Series,Pune,Black,Electric,Manual,Dealer,3,6067781.0,2.0,18203343.0,364066.86,17839276.14
5162,2025-01-27,Christopher Rocha,Corporate,BMW i4,Jaipur,Grey,Hybrid,Manual,Dealer,1,8209951.0,2.0,8209951.0,164199.02,8045751.98
5163,2025-04-10,Kent Rodriguez,Luxury,BMW X1,Chennai,Silver,Petrol,Automatic,Corporate,1,6437868.0,5.0,6437868.0,321893.4,6115974.6
5164,2024-04-30,Elizabeth Peters,Individual,BMW X5,Ahmedabad,White,Petrol,Manual,Online,2,10877423.0,7.0,21754846.0,1522839.22,20232006.78
5165,2026-03-30,Katie Richardson,Corporate,BMW X3,Chennai,White,Electric,Automatic,Dealer,1,7302808.0,10.0,7302808.0,730280.8,6572527.2
5166,2023-10-04,Curtis Carroll,Individual,BMW X5,Pune,Blue,Diesel,Manual,Online,1,10438247.0,0.0,10438247.0,0.0,10438247.0
5167,2026-06-25,Joshua Simon,Individual,BMW X5,Chennai,White,Electric,Manual,Dealer,1,9991011.0,5.0,9991011.0,499550.55,9491460.45
5168,2024-12-08,Diane Serrano,Individual,BMW i4,Jaipur,Blue,Petrol,Manual,Dealer,2,8069851.0,12.0,16139702.0,1936764.24,14202937.76
5169,2024-02-25,Cassandra Arnold,Corporate,BMW i7,Bangalore,Blue,Petrol,Automatic,Corporate,3,17679413.0,12.0,53038239.0,6364588.68,46673650.32
5170,2026-02-04,Tonya Gregory,Corporate,BMW 5 Series,Delhi,Silver,Petrol,Manual,Corporate,1,6713549.0,0.0,6713549.0,0.0,6713549.0
5171,2025-10-21,Jeffrey Hart,Individual,BMW 3 Series,Delhi,Blue,Hybrid,Automatic,Dealer,2,6041357.0,0.0,12082714.0,0.0,12082714.0
5172,2023-09-01,Kristen Park,Individual,BMW i4,Kolkata,Grey,Electric,Manual,Corporate,3,8468336.0,2.0,25405008.0,508100.16,24896907.84
5173,2023-11-13,Diana Dennis,Individual,BMW i4,Kochi,White,Electric,Automatic,Corporate,1,7425857.0,10.0,7425857.0,742585.7,6683271.3
5174,2024-08-21,David Edwards,Corporate,BMW 3 Series,Kolkata,White,Hybrid,Automatic,Dealer,2,4607445.0,7.0,9214890.0,645042.3,8569847.7
5175,2026-05-16,Cindy Maddox,Individual,BMW 7 Series,Delhi,White,Electric,Automatic,Corporate,1,15032623.0,7.0,15032623.0,1052283.61,13980339.39
5176,2026-07-06,Michael Morgan,Individual,BMW X5,Jaipur,Grey,Hybrid,Manual,Online,3,9791581.0,2.0,29374743.0,587494.86,28787248.14
5177,2026-07-31,Amber Morgan,Luxury,BMW X3,Mumbai,Silver,Diesel,Automatic,Online,2,7396578.0,12.0,14793156.0,1775178.72,13017977.28
5178,2025-06-01,Katie Houston,Individual,BMW X5,Kochi,Red,Petrol,Manual,Corporate,2,10674189.0,7.0,21348378.0,1494386.46,19853991.54
5179,2026-01-08,Brandon Taylor,Luxury,BMW i7,Pune,Silver,Diesel,Automatic,Online,2,14456604.0,7.0,28913208.0,2023924.56,26889283.44
5180,2025-02-03,Anthony Brown,Individual,BMW i7,Jaipur,White,Diesel,Automatic,Dealer,2,16428241.0,7.0,32856482.0,2299953.74,30556528.26
5181,2026-07-23,Christy Hughes,Luxury,BMW 3 Series,Delhi,White,Diesel,Automatic,Corporate,1,4826431.0,2.0,4826431.0,96528.62,4729902.38
5182,2025-10-24,Ashley Noble,Individual,BMW X7,Chennai,Black,Diesel,Manual,Online,1,15223390.0,5.0,15223390.0,761169.5,14462220.5
5183,2024-11-21,Kaitlyn Harvey,Corporate,BMW 3 Series,Chennai,Red,Hybrid,Manual,Corporate,2,6132029.0,2.0,12264058.0,245281.16,12018776.84
5184,2025-11-22,Joseph Riley,Luxury,BMW X3,Ahmedabad,White,Hybrid,Automatic,Dealer,2,6584105.0,12.0,13168210.0,1580185.2,11588024.8
5185,2025-11-03,Jeffrey Smith,Individual,BMW i4,Pune,Red,Hybrid,Manual,Online,3,7999569.0,10.0,23998707.0,2399870.7,21598836.3
5186,2026-07-01,David Hart,Individual,BMW i5,Chennai,White,Petrol,Automatic,Dealer,1,9748522.0,7.0,9748522.0,682396.54,9066125.46
5187,2023-09-03,Kathryn Morton,Corporate,BMW 3 Series,Kochi,Red,Diesel,Manual,Online,1,5465516.0,0.0,5465516.0,0.0,5465516.0
5188,2025-08-24,Brett Stanton,Individual,BMW 3 Series,Ahmedabad,Silver,Hybrid,Automatic,Dealer,1,5259037.0,10.0,5259037.0,525903.7,4733133.3
5189,2024-06-29,Jessica Torres,Corporate,BMW i7,Jaipur,Grey,Diesel,Manual,Corporate,3,16769198.0,12.0,50307594.0,6036911.28,44270682.72
5190,2026-03-27,Linda Freeman,Individual,BMW 7 Series,Jaipur,Red,Hybrid,Automatic,Online,2,14570602.0,10.0,29141204.0,2914120.4,26227083.6
5191,2026-05-04,Anthony Watson,Corporate,BMW X7,Jaipur,White,Hybrid,Automatic,Corporate,3,14856038.0,0.0,44568114.0,0.0,44568114.0
5192,2026-04-05,Danielle Mccann,Luxury,BMW 7 Series,Pune,Blue,Hybrid,Manual,Dealer,3,15441651.0,12.0,46324953.0,5558994.36,40765958.64
5193,2024-02-06,Dawn Cooper,Luxury,BMW X7,Jaipur,Grey,Diesel,Automatic,Online,1,15255796.0,12.0,15255796.0,1830695.52,13425100.48
5194,2025-03-09,Hunter Sheppard,Individual,BMW 5 Series,Kochi,Grey,Petrol,Automatic,Dealer,2,7778516.0,10.0,15557032.0,1555703.2,14001328.8
5195,2024-01-26,Ashley Morris,Luxury,BMW i5,Chennai,Red,Petrol,Manual,Online,1,10113949.0,5.0,10113949.0,505697.45,9608251.55
5196,2023-09-16,Sarah Mendoza,Individual,BMW X3,Jaipur,Black,Electric,Automatic,Online,3,7456414.0,10.0,22369242.0,2236924.2,20132317.8
5197,2026-06-30,Jeremy Kirby,Individual,BMW X7,Pune,Grey,Diesel,Manual,Dealer,2,14261510.0,12.0,28523020.0,3422762.4,25100257.6
5198,2024-07-07,Fernando Kerr,Luxury,BMW 5 Series,Mumbai,Silver,Petrol,Manual,Online,3,6647312.0,10.0,19941936.0,1994193.6,17947742.4
5199,2024-05-04,Joshua Ortiz,Individual,BMW X7,Delhi,Red,Hybrid,Manual,Corporate,2,12235352.0,12.0,24470704.0,2936484.48,21534219.52
5200,2024-02-25,Stephanie Cochran,Luxury,BMW 3 Series,Jaipur,Black,Diesel,Manual,Dealer,3,5545849.0,10.0,16637547.0,1663754.7,14973792.3
5201,2024-05-25,Luis Carlson,Corporate,BMW X5,Mumbai,Grey,Hybrid,Automatic,Dealer,1,11340524.0,2.0,11340524.0,226810.48,11113713.52
5202,2023-10-25,John David,Individual,BMW X5,Pune,Black,Diesel,Manual,Corporate,3,11540995.0,12.0,34622985.0,4154758.2,30468226.8
5203,2023-10-01,Valerie Parrish,Individual,BMW 5 Series,Delhi,Grey,Electric,Manual,Online,1,8216621.0,0.0,8216621.0,0.0,8216621.0
5204,2026-05-17,Anthony Garcia,Individual,BMW i4,Kochi,Blue,Diesel,Automatic,Online,2,8263091.0,12.0,16526182.0,1983141.84,14543040.16
5205,2025-01-27,Joann Gordon,Corporate,BMW i5,Hyderabad,Black,Electric,Manual,Online,1,9942843.0,12.0,9942843.0,1193141.16,8749701.84
5206,2023-10-07,Russell Bender,Corporate,BMW 7 Series,Chennai,Grey,Electric,Manual,Dealer,2,18428152.0,0.0,36856304.0,0.0,36856304.0
5207,2024-05-25,Jeremy Harris,Individual,BMW 5 Series,Pune,Grey,Hybrid,Automatic,Corporate,2,7427398.0,5.0,14854796.0,742739.8,14112056.2
5208,2026-05-31,James Ramos,Corporate,BMW i7,Ahmedabad,Grey,Electric,Automatic,Online,3,16143280.0,5.0,48429840.0,2421492.0,46008348.0
5209,2025-09-29,Deborah Brown,Individual,BMW X3,Hyderabad,Grey,Hybrid,Manual,Corporate,2,7051680.0,10.0,14103360.0,1410336.0,12693024.0
5210,2024-10-26,Melissa Mcguire,Luxury,BMW 7 Series,Kochi,White,Hybrid,Manual,Online,2,14459965.0,2.0,28919930.0,578398.6,28341531.4
5211,2023-11-10,David Taylor,Individual,BMW 3 Series,Kolkata,Blue,Electric,Automatic,Corporate,1,5897137.0,0.0,5897137.0,0.0,5897137.0
5212,2025-09-16,Daniel Austin,Luxury,BMW 7 Series,Ahmedabad,Silver,Diesel,Automatic,Dealer,3,15957762.0,7.0,47873286.0,3351130.02,44522155.98
5213,2023-11-23,James Miller,Corporate,BMW X1,Jaipur,Grey,Diesel,Automatic,Corporate,3,6397560.0,10.0,19192680.0,1919268.0,17273412.0
5214,2023-11-09,Madison Thompson,Corporate,BMW X3,Kolkata,Grey,Diesel,Manual,Dealer,3,7861436.0,12.0,23584308.0,2830116.96,20754191.04
5215,2026-04-22,Janet Gaines,Luxury,BMW 3 Series,Mumbai,Grey,Electric,Automatic,Online,2,5255818.0,5.0,10511636.0,525581.8,9986054.2
5216,2025-01-23,David Gould,Individual,BMW X1,Ahmedabad,Blue,Diesel,Manual,Online,1,6366972.0,12.0,6366972.0,764036.64,5602935.36
5217,2024-04-23,Victor Hunter,Individual,BMW X1,Pune,Black,Petrol,Automatic,Online,3,5008529.0,7.0,15025587.0,1051791.09,13973795.91
5218,2025-08-19,Dawn Robinson,Corporate,BMW X7,Delhi,Black,Hybrid,Automatic,Corporate,2,15587607.0,12.0,31175214.0,3741025.68,27434188.32
5219,2024-03-31,Steven Johnson,Corporate,BMW 3 Series,Kochi,Black,Petrol,Manual,Online,1,6402273.0,0.0,6402273.0,0.0,6402273.0
5220,2023-12-22,Darrell Villarreal,Individual,BMW i7,Pune,Silver,Diesel,Automatic,Dealer,2,15295644.0,5.0,30591288.0,1529564.4,29061723.6
5221,2026-03-12,Natalie Gibson,Luxury,BMW i4,Jaipur,Silver,Hybrid,Manual,Corporate,2,7563642.0,2.0,15127284.0,302545.68,14824738.32
5222,2026-07-22,William Jackson,Luxury,BMW 7 Series,Chennai,White,Electric,Manual,Dealer,1,16640660.0,12.0,16640660.0,1996879.2,14643780.8
5223,2024-01-11,Nicholas Gutierrez,Corporate,BMW 3 Series,Ahmedabad,Black,Hybrid,Manual,Online,1,6122627.0,2.0,6122627.0,122452.54,6000174.46
5224,2026-05-15,Karl Taylor,Individual,BMW i7,Bangalore,Black,Hybrid,Automatic,Online,3,14192304.0,7.0,42576912.0,2980383.84,39596528.16
5225,2026-01-10,Maria Carson,Individual,BMW 5 Series,Mumbai,Silver,Diesel,Manual,Dealer,2,7902880.0,0.0,15805760.0,0.0,15805760.0
5226,2024-12-13,Carrie Walters,Corporate,BMW X7,Delhi,Grey,Electric,Automatic,Corporate,1,12738800.0,7.0,12738800.0,891716.0,11847084.0
5227,2024-04-13,Jamie Pena,Corporate,BMW X3,Kolkata,Silver,Electric,Automatic,Dealer,1,7209742.0,7.0,7209742.0,504681.94,6705060.06
5228,2026-05-09,Anna Hughes,Individual,BMW X3,Ahmedabad,Black,Petrol,Manual,Dealer,3,7528327.0,5.0,22584981.0,1129249.05,21455731.95
5229,2025-04-09,Robert Watson,Corporate,BMW i5,Pune,White,Hybrid,Manual,Corporate,3,10470353.0,5.0,31411059.0,1570552.95,29840506.05
5230,2024-11-15,Sarah Smith,Corporate,BMW i5,Ahmedabad,Silver,Diesel,Automatic,Corporate,2,10935752.0,10.0,21871504.0,2187150.4,19684353.6
5231,2025-03-28,Elizabeth Burton,Individual,BMW 5 Series,Pune,Red,Diesel,Automatic,Dealer,2,8348857.0,2.0,16697714.0,333954.28,16363759.72
5232,2025-02-02,Matthew Mueller,Luxury,BMW X7,Delhi,Silver,Diesel,Automatic,Online,1,15055694.0,0.0,15055694.0,0.0,15055694.0
5233,2024-03-28,James Keller,Luxury,BMW i4,Delhi,White,Diesel,Automatic,Corporate,3,7618475.0,5.0,22855425.0,1142771.25,21712653.75
5234,2025-12-13,Lance Brown,Luxury,BMW X3,Pune,Grey,Hybrid,Manual,Dealer,2,7924186.0,10.0,15848372.0,1584837.2,14263534.8
5235,2025-05-09,Jennifer Benjamin,Luxury,BMW X3,Ahmedabad,Silver,Hybrid,Manual,Online,1,7452985.0,5.0,7452985.0,372649.25,7080335.75
5236,2026-08-03,Dustin Pena,Corporate,BMW 7 Series,Jaipur,Black,Petrol,Manual,Corporate,3,15770745.0,5.0,47312235.0,2365611.75,44946623.25
5237,2025-07-22,Michele Allen,Individual,BMW 5 Series,Chennai,Grey,Electric,Manual,Corporate,3,6567510.0,10.0,19702530.0,1970253.0,17732277.0
5238,2023-11-21,Alice Hanna,Individual,BMW i5,Hyderabad,Black,Hybrid,Manual,Dealer,3,10214125.0,2.0,30642375.0,612847.5,30029527.5
5239,2026-04-13,Leah Jones,Individual,BMW 7 Series,Jaipur,Red,Electric,Manual,Dealer,2,15062395.0,5.0,30124790.0,1506239.5,28618550.5
5240,2024-01-01,Daniel Harrison,Luxury,BMW X3,Jaipur,Blue,Electric,Manual,Corporate,1,7741806.0,0.0,7741806.0,0.0,7741806.0
5241,2024-11-15,Chelsea Thompson,Luxury,BMW i7,Bangalore,Blue,Diesel,Manual,Online,3,15516914.0,12.0,46550742.0,5586089.04,40964652.96
5242,2025-07-25,Amber Romero,Corporate,BMW X7,Pune,White,Electric,Automatic,Online,3,12490634.0,2.0,37471902.0,749438.04,36722463.96
5243,2023-09-26,Michelle Thompson,Individual,BMW 3 Series,Ahmedabad,Black,Hybrid,Automatic,Corporate,1,5950761.0,10.0,5950761.0,595076.1,5355684.9
5244,2025-02-27,Ashley Bryant,Corporate,BMW X1,Kochi,Blue,Diesel,Manual,Corporate,3,5689499.0,12.0,17068497.0,2048219.64,15020277.36
5245,2024-02-19,Daryl Thomas,Individual,BMW X3,Pune,Grey,Diesel,Automatic,Corporate,1,7798928.0,12.0,7798928.0,935871.36,6863056.64
5246,2024-11-26,Ashley Jones,Individual,BMW 7 Series,Bangalore,Grey,Electric,Automatic,Corporate,1,14845188.0,2.0,14845188.0,296903.76,14548284.24
5247,2024-10-27,Susan King,Luxury,BMW i5,Bangalore,Grey,Diesel,Manual,Online,2,9669696.0,5.0,19339392.0,966969.6,18372422.4
5248,2025-06-20,Daniel Greer,Luxury,BMW 3 Series,Ahmedabad,Grey,Petrol,Manual,Corporate,2,4622137.0,0.0,9244274.0,0.0,9244274.0
5249,2025-07-10,Molly Jones,Corporate,BMW 3 Series,Kolkata,Silver,Diesel,Automatic,Online,1,6455893.0,7.0,6455893.0,451912.51,6003980.49
5250,2024-02-26,Michael Robles,Individual,BMW 7 Series,Delhi,Blue,Hybrid,Automatic,Online,1,15695821.0,7.0,15695821.0,1098707.47,14597113.53
5251,2024-03-05,Becky Martin,Luxury,BMW i7,Jaipur,Grey,Petrol,Manual,Corporate,2,14220522.0,12.0,28441044.0,3412925.28,25028118.72
5252,2024-01-03,Logan Garrett Jr.,Luxury,BMW X1,Ahmedabad,Grey,Electric,Automatic,Corporate,3,6267237.0,7.0,18801711.0,1316119.77,17485591.23
5253,2025-02-06,Brian Williams,Luxury,BMW X1,Kochi,White,Hybrid,Automatic,Online,3,6235048.0,7.0,18705144.0,1309360.08,17395783.92
5254,2025-03-10,Devin Watkins,Corporate,BMW X5,Delhi,Red,Diesel,Manual,Corporate,1,10622840.0,12.0,10622840.0,1274740.8,9348099.2
5255,2024-05-21,Claudia Leblanc,Corporate,BMW i7,Hyderabad,White,Petrol,Automatic,Online,1,16211689.0,7.0,16211689.0,1134818.23,15076870.77
5256,2024-01-24,Jessica Meyer,Corporate,BMW 5 Series,Pune,Blue,Diesel,Manual,Online,3,7765164.0,10.0,23295492.0,2329549.2,20965942.8
5257,2026-02-10,Melissa Cruz,Individual,BMW i5,Ahmedabad,Blue,Diesel,Automatic,Dealer,2,9207321.0,12.0,18414642.0,2209757.04,16204884.96
5258,2025-05-10,Michael Walker,Corporate,BMW i4,Kochi,White,Electric,Manual,Online,1,7477563.0,12.0,7477563.0,897307.56,6580255.44
5259,2025-06-12,Denise Morrison,Corporate,BMW 5 Series,Kochi,Black,Hybrid,Manual,Corporate,2,8244507.0,12.0,16489014.0,1978681.68,14510332.32
5260,2025-08-06,Kerry Butler,Luxury,BMW 3 Series,Hyderabad,Black,Diesel,Manual,Online,1,4736054.0,0.0,4736054.0,0.0,4736054.0
5261,2025-04-25,Victoria Guerra,Individual,BMW X3,Kochi,Silver,Hybrid,Automatic,Online,2,7680803.0,10.0,15361606.0,1536160.6,13825445.4
5262,2025-01-22,Mr. James Marquez,Individual,BMW 5 Series,Hyderabad,Red,Petrol,Manual,Dealer,2,8476141.0,2.0,16952282.0,339045.64,16613236.36
5263,2023-12-15,Kristina Torres,Luxury,BMW i7,Chennai,Grey,Diesel,Automatic,Corporate,1,15387919.0,7.0,15387919.0,1077154.33,14310764.67
5264,2025-11-29,Stephanie Bender,Individual,BMW i4,Kochi,Grey,Electric,Manual,Dealer,1,8433748.0,12.0,8433748.0,1012049.76,7421698.24
5265,2024-01-12,Karen Cobb,Individual,BMW X7,Jaipur,Blue,Diesel,Automatic,Corporate,3,14836709.0,7.0,44510127.0,3115708.89,41394418.11
5266,2025-12-21,Manuel Ward,Corporate,BMW X5,Hyderabad,Grey,Diesel,Automatic,Online,1,10591137.0,10.0,10591137.0,1059113.7,9532023.3
5267,2023-09-26,Jennifer Cooper,Luxury,BMW i4,Kochi,Blue,Electric,Manual,Corporate,3,7404362.0,0.0,22213086.0,0.0,22213086.0
5268,2025-08-07,Heather Taylor,Luxury,BMW X3,Bangalore,Grey,Electric,Manual,Corporate,3,7745110.0,10.0,23235330.0,2323533.0,20911797.0
5269,2024-01-19,Brandon Church,Luxury,BMW X7,Hyderabad,White,Electric,Automatic,Corporate,2,14654973.0,12.0,29309946.0,3517193.52,25792752.48
5270,2026-03-13,Alexander Hoffman,Luxury,BMW 7 Series,Ahmedabad,Blue,Hybrid,Automatic,Corporate,3,17747658.0,0.0,53242974.0,0.0,53242974.0
5271,2025-12-27,Todd Robinson,Luxury,BMW X7,Jaipur,Grey,Petrol,Manual,Dealer,1,13390047.0,12.0,13390047.0,1606805.64,11783241.36
5272,2024-12-30,James Robinson,Individual,BMW i5,Hyderabad,Black,Petrol,Automatic,Corporate,1,9733111.0,12.0,9733111.0,1167973.32,8565137.68
5273,2024-01-14,Philip Stokes,Corporate,BMW i5,Kolkata,Grey,Electric,Automatic,Online,1,9949865.0,0.0,9949865.0,0.0,9949865.0
5274,2023-10-31,Mrs. Lorraine Velazquez,Luxury,BMW X5,Kolkata,Grey,Hybrid,Manual,Online,1,11302016.0,10.0,11302016.0,1130201.6,10171814.4
5275,2024-08-05,Zachary Harrison,Corporate,BMW 3 Series,Bangalore,Silver,Electric,Automatic,Dealer,2,6009782.0,0.0,12019564.0,0.0,12019564.0
5276,2023-11-15,David Gill,Corporate,BMW 5 Series,Chennai,Blue,Electric,Manual,Corporate,2,6888746.0,12.0,13777492.0,1653299.04,12124192.96
5277,2025-07-16,Kaylee Holland,Individual,BMW X3,Ahmedabad,Grey,Electric,Manual,Corporate,2,7276244.0,12.0,14552488.0,1746298.56,12806189.44
5278,2023-08-24,Patrick Wilson,Individual,BMW 7 Series,Kochi,Black,Petrol,Manual,Online,2,17998071.0,5.0,35996142.0,1799807.1,34196334.9
5279,2026-01-08,Elizabeth Carpenter,Individual,BMW i5,Pune,White,Diesel,Automatic,Corporate,1,10288296.0,12.0,10288296.0,1234595.52,9053700.48
5280,2024-03-03,Jason Carr,Corporate,BMW X3,Kolkata,Blue,Hybrid,Automatic,Dealer,1,7973574.0,0.0,7973574.0,0.0,7973574.0
5281,2023-09-13,Amanda Ibarra,Corporate,BMW X7,Pune,Black,Electric,Automatic,Dealer,2,12924010.0,2.0,25848020.0,516960.4,25331059.6
5282,2023-11-29,Bryan Riley,Individual,BMW i5,Kochi,Red,Petrol,Manual,Corporate,2,9000146.0,12.0,18000292.0,2160035.04,15840256.96
5283,2024-01-01,Christy Wilson,Corporate,BMW X1,Chennai,Black,Electric,Automatic,Dealer,3,6206912.0,7.0,18620736.0,1303451.52,17317284.48
5284,2025-05-20,Stephen Ramirez,Corporate,BMW 3 Series,Kolkata,Red,Petrol,Automatic,Online,1,5334832.0,7.0,5334832.0,373438.24,4961393.76
5285,2025-03-19,Ryan Blackburn,Luxury,BMW 3 Series,Pune,Black,Petrol,Manual,Corporate,1,5708337.0,5.0,5708337.0,285416.85,5422920.15
5286,2024-03-04,Laura Roberts,Corporate,BMW i4,Ahmedabad,White,Petrol,Manual,Online,2,8276707.0,12.0,16553414.0,1986409.68,14567004.32
5287,2024-06-20,Carlos Hancock,Corporate,BMW 3 Series,Kochi,Silver,Petrol,Manual,Corporate,3,6450531.0,7.0,19351593.0,1354611.51,17996981.49
5288,2025-12-02,Sarah Barker,Luxury,BMW X7,Bangalore,Red,Diesel,Automatic,Corporate,1,15619673.0,2.0,15619673.0,312393.46,15307279.54
5289,2024-04-09,Mrs. Jessica Roberts DVM,Corporate,BMW i4,Jaipur,Grey,Hybrid,Automatic,Dealer,2,8084387.0,12.0,16168774.0,1940252.88,14228521.12
5290,2024-08-22,Ian Martinez,Individual,BMW i4,Pune,Silver,Hybrid,Manual,Online,2,8303843.0,10.0,16607686.0,1660768.6,14946917.4
5291,2023-10-04,Eric Gay,Individual,BMW X3,Jaipur,Black,Petrol,Manual,Online,3,6892998.0,2.0,20678994.0,413579.88,20265414.12
5292,2025-10-27,Melissa Cook,Individual,BMW X3,Ahmedabad,Black,Petrol,Automatic,Online,3,7198246.0,5.0,21594738.0,1079736.9,20515001.1
5293,2026-06-27,Kevin Jones,Luxury,BMW i4,Hyderabad,Blue,Hybrid,Manual,Corporate,1,8379648.0,0.0,8379648.0,0.0,8379648.0
5294,2024-03-11,Molly Lee,Corporate,BMW 5 Series,Delhi,Red,Diesel,Manual,Online,3,6537252.0,2.0,19611756.0,392235.12,19219520.88
5295,2025-03-23,Brenda Pham,Individual,BMW i7,Bangalore,Black,Hybrid,Manual,Corporate,1,16687343.0,7.0,16687343.0,1168114.01,15519228.99
5296,2023-09-27,Sharon Spears,Luxury,BMW X3,Hyderabad,Black,Electric,Manual,Dealer,1,7892320.0,12.0,7892320.0,947078.4,6945241.6
5297,2025-09-04,Jim Wallace,Individual,BMW i4,Jaipur,Silver,Petrol,Manual,Corporate,1,7179920.0,0.0,7179920.0,0.0,7179920.0
5298,2025-04-10,Mr. Gary Davis DVM,Luxury,BMW 5 Series,Mumbai,Black,Electric,Manual,Dealer,3,7299449.0,0.0,21898347.0,0.0,21898347.0
5299,2025-10-03,Terri Adams,Luxury,BMW X3,Kolkata,Blue,Petrol,Manual,Corporate,2,7140209.0,10.0,14280418.0,1428041.8,12852376.2
5300,2024-01-16,Jennifer Copeland,Corporate,BMW 5 Series,Pune,Red,Electric,Automatic,Corporate,3,6706026.0,2.0,20118078.0,402361.56,19715716.44
5301,2025-04-02,Kevin Bishop,Luxury,BMW i7,Bangalore,Black,Diesel,Manual,Corporate,3,17629638.0,12.0,52888914.0,6346669.68,46542244.32
5302,2025-10-16,Mathew Sharp,Luxury,BMW 3 Series,Chennai,Silver,Petrol,Manual,Dealer,3,5807848.0,7.0,17423544.0,1219648.08,16203895.92
5303,2026-05-18,Brittney Davis,Individual,BMW X3,Delhi,Grey,Hybrid,Automatic,Online,2,6669282.0,12.0,13338564.0,1600627.68,11737936.32
5304,2025-10-14,Bryan Jackson,Individual,BMW i4,Hyderabad,Black,Hybrid,Manual,Corporate,2,8277839.0,2.0,16555678.0,331113.56,16224564.44
5305,2023-10-17,Andrea Anderson,Luxury,BMW 3 Series,Pune,Blue,Diesel,Manual,Dealer,3,6052688.0,12.0,18158064.0,2178967.68,15979096.32
5306,2026-04-03,Lisa Hogan,Individual,BMW X3,Kochi,Silver,Electric,Manual,Online,2,7857975.0,7.0,15715950.0,1100116.5,14615833.5
5307,2024-02-06,Jerry Wilkins,Luxury,BMW 3 Series,Chennai,Black,Electric,Automatic,Corporate,1,4983336.0,2.0,4983336.0,99666.72,4883669.28
5308,2025-05-02,Rebecca Thompson,Individual,BMW X7,Bangalore,Red,Hybrid,Automatic,Corporate,2,13876209.0,10.0,27752418.0,2775241.8,24977176.2
5309,2025-05-16,Gregory Schwartz,Luxury,BMW X3,Kochi,Grey,Electric,Automatic,Online,3,7137008.0,7.0,21411024.0,1498771.68,19912252.32
5310,2025-07-05,Mr. Lawrence Norman,Luxury,BMW i7,Pune,White,Electric,Automatic,Corporate,3,17623228.0,2.0,52869684.0,1057393.68,51812290.32
5311,2026-07-26,Alexandra Singh,Luxury,BMW 3 Series,Bangalore,White,Diesel,Manual,Dealer,1,4521018.0,7.0,4521018.0,316471.26,4204546.74
5312,2026-06-08,Scott Smith,Luxury,BMW 7 Series,Ahmedabad,Black,Electric,Manual,Dealer,3,18079606.0,7.0,54238818.0,3796717.26,50442100.74
5313,2024-01-06,Willie Martin,Corporate,BMW X7,Jaipur,Silver,Electric,Manual,Dealer,1,12722692.0,10.0,12722692.0,1272269.2,11450422.8
5314,2025-05-25,Valerie Cline,Individual,BMW X3,Delhi,White,Petrol,Automatic,Online,1,7628704.0,0.0,7628704.0,0.0,7628704.0
5315,2025-03-18,Amanda Robertson,Individual,BMW X5,Ahmedabad,Black,Electric,Automatic,Corporate,3,11200370.0,5.0,33601110.0,1680055.5,31921054.5
5316,2024-04-11,Dennis Harrison,Individual,BMW i5,Pune,White,Hybrid,Manual,Corporate,1,9772615.0,2.0,9772615.0,195452.3,9577162.7
5317,2026-03-15,Edward Bush,Corporate,BMW X1,Kochi,Grey,Electric,Automatic,Dealer,1,6038030.0,0.0,6038030.0,0.0,6038030.0
5318,2024-06-30,Courtney Evans,Luxury,BMW X1,Hyderabad,Silver,Diesel,Automatic,Dealer,1,5584602.0,5.0,5584602.0,279230.1,5305371.9
5319,2024-09-05,Jasmine Castro,Corporate,BMW i7,Pune,Red,Hybrid,Manual,Dealer,3,17345715.0,7.0,52037145.0,3642600.15,48394544.85
5320,2024-03-21,Jeremy Bell,Corporate,BMW i5,Chennai,Blue,Petrol,Automatic,Corporate,1,10029348.0,2.0,10029348.0,200586.96,9828761.04
5321,2026-06-22,Charlotte Washington,Luxury,BMW X3,Pune,Black,Electric,Automatic,Online,3,7183819.0,10.0,21551457.0,2155145.7,19396311.3
5322,2024-01-01,Timothy Walter,Corporate,BMW 3 Series,Ahmedabad,White,Hybrid,Automatic,Corporate,3,6299187.0,10.0,18897561.0,1889756.1,17007804.9
5323,2025-01-04,Ryan Smith,Individual,BMW X5,Jaipur,Red,Diesel,Manual,Online,3,11348368.0,2.0,34045104.0,680902.08,33364201.92
5324,2023-11-08,Leonard Franklin,Luxury,BMW 7 Series,Pune,White,Hybrid,Automatic,Dealer,2,18250003.0,12.0,36500006.0,4380000.72,32120005.28
5325,2024-09-03,Sarah Torres,Individual,BMW X5,Pune,White,Hybrid,Automatic,Corporate,1,11758599.0,12.0,11758599.0,1411031.88,10347567.12
5326,2025-06-25,Tara Hamilton,Individual,BMW 5 Series,Kolkata,Black,Petrol,Manual,Dealer,2,7465078.0,0.0,14930156.0,0.0,14930156.0
5327,2025-09-18,Jacob Foster,Corporate,BMW i4,Chennai,Blue,Hybrid,Manual,Online,2,7450945.0,0.0,14901890.0,0.0,14901890.0
5328,2025-11-10,Cheryl Hunt,Individual,BMW i5,Jaipur,White,Hybrid,Automatic,Online,3,10460864.0,7.0,31382592.0,2196781.44,29185810.56
5329,2025-02-02,Jane Torres,Individual,BMW i7,Kochi,Red,Petrol,Manual,Corporate,2,16252874.0,0.0,32505748.0,0.0,32505748.0
5330,2024-06-23,James Jenkins,Luxury,BMW 7 Series,Jaipur,Black,Diesel,Automatic,Dealer,3,18893279.0,12.0,56679837.0,6801580.44,49878256.56
5331,2025-05-31,Nicole Stanley,Luxury,BMW i7,Kolkata,Silver,Electric,Automatic,Online,2,17359855.0,7.0,34719710.0,2430379.7,32289330.3
5332,2025-09-04,Leslie Robinson,Corporate,BMW X7,Delhi,Black,Diesel,Manual,Dealer,2,15382437.0,5.0,30764874.0,1538243.7,29226630.3
5333,2024-05-17,David Hall,Corporate,BMW 7 Series,Hyderabad,White,Electric,Manual,Corporate,3,14100870.0,12.0,42302610.0,5076313.2,37226296.8
5334,2025-02-07,Sheena Coleman,Individual,BMW X3,Hyderabad,Silver,Hybrid,Automatic,Corporate,3,7733306.0,12.0,23199918.0,2783990.16,20415927.84
5335,2023-12-17,David Hoffman,Luxury,BMW 3 Series,Ahmedabad,Grey,Petrol,Manual,Corporate,3,4657646.0,12.0,13972938.0,1676752.56,12296185.44
5336,2024-06-17,Alicia Miller,Luxury,BMW X1,Kochi,Black,Petrol,Manual,Corporate,2,6255826.0,5.0,12511652.0,625582.6,11886069.4
5337,2024-11-13,Jonathan Dawson,Luxury,BMW X1,Jaipur,Black,Hybrid,Automatic,Corporate,3,5318688.0,2.0,15956064.0,319121.28,15636942.72
5338,2025-04-18,Cheryl Phelps,Individual,BMW X7,Chennai,Grey,Electric,Manual,Dealer,3,13283997.0,2.0,39851991.0,797039.82,39054951.18
5339,2025-11-02,Patricia Taylor,Luxury,BMW X1,Kolkata,Black,Electric,Manual,Online,1,6365095.0,12.0,6365095.0,763811.4,5601283.6
5340,2025-03-02,Dan Nguyen,Individual,BMW X7,Hyderabad,Silver,Hybrid,Manual,Dealer,3,13325309.0,0.0,39975927.0,0.0,39975927.0
5341,2024-03-05,Darlene Sexton,Individual,BMW X1,Pune,Red,Petrol,Manual,Corporate,3,5352554.0,10.0,16057662.0,1605766.2,14451895.8
5342,2026-01-19,Brenda Larson,Individual,BMW 5 Series,Bangalore,Black,Electric,Automatic,Corporate,1,8354712.0,7.0,8354712.0,584829.84,7769882.16
5343,2024-07-22,Sophia Hunter,Corporate,BMW X7,Chennai,Black,Electric,Manual,Online,2,13025451.0,10.0,26050902.0,2605090.2,23445811.8
5344,2025-12-29,Christine Garza,Corporate,BMW X1,Ahmedabad,White,Hybrid,Manual,Online,1,5281712.0,2.0,5281712.0,105634.24,5176077.76
5345,2023-12-19,James Baker,Corporate,BMW X1,Jaipur,Red,Petrol,Automatic,Dealer,1,5469033.0,12.0,5469033.0,656283.96,4812749.04
5346,2023-10-01,Jacob Davis,Corporate,BMW i5,Delhi,Red,Hybrid,Manual,Online,1,10464710.0,0.0,10464710.0,0.0,10464710.0
5347,2024-11-16,Shannon Wright,Luxury,BMW i5,Delhi,Black,Petrol,Automatic,Corporate,1,9370307.0,10.0,9370307.0,937030.7,8433276.3
5348,2024-09-13,Melanie Phillips,Individual,BMW i4,Delhi,Black,Diesel,Automatic,Dealer,1,7970253.0,10.0,7970253.0,797025.3,7173227.7
5349,2023-12-14,Jeff Spencer,Individual,BMW X7,Pune,Blue,Hybrid,Automatic,Dealer,3,14596766.0,7.0,43790298.0,3065320.86,40724977.14
5350,2024-01-07,Tracy Bishop,Individual,BMW 7 Series,Mumbai,Grey,Petrol,Manual,Online,1,14896643.0,0.0,14896643.0,0.0,14896643.0
5351,2024-10-16,Dale Whitaker,Luxury,BMW 7 Series,Mumbai,Red,Petrol,Automatic,Online,2,15179070.0,5.0,30358140.0,1517907.0,28840233.0
5352,2024-05-24,Robert Contreras,Corporate,BMW i7,Hyderabad,Black,Electric,Automatic,Online,2,14101401.0,2.0,28202802.0,564056.04,27638745.96
5353,2024-05-21,Gerald Chan,Luxury,BMW 7 Series,Ahmedabad,Red,Petrol,Automatic,Online,2,15404794.0,0.0,30809588.0,0.0,30809588.0
5354,2024-08-28,April Rodriguez,Individual,BMW X1,Bangalore,Grey,Diesel,Manual,Dealer,1,5089175.0,0.0,5089175.0,0.0,5089175.0
5355,2024-11-04,Sandra Hall,Individual,BMW X7,Hyderabad,Silver,Petrol,Automatic,Corporate,1,12654735.0,10.0,12654735.0,1265473.5,11389261.5
5356,2023-11-14,Thomas Coleman,Individual,BMW i4,Chennai,Silver,Petrol,Manual,Dealer,1,7370413.0,10.0,7370413.0,737041.3,6633371.7
5357,2025-03-08,Jessica Ellis,Individual,BMW X3,Kolkata,Silver,Diesel,Manual,Online,2,7792119.0,0.0,15584238.0,0.0,15584238.0
5358,2025-05-23,Kyle Reid,Individual,BMW i4,Hyderabad,Silver,Electric,Manual,Corporate,1,8029549.0,0.0,8029549.0,0.0,8029549.0
5359,2025-01-09,Paula Peterson,Individual,BMW i7,Jaipur,White,Electric,Automatic,Dealer,2,14030201.0,12.0,28060402.0,3367248.24,24693153.76
5360,2025-12-23,Judy Martinez,Corporate,BMW X5,Chennai,White,Hybrid,Automatic,Dealer,2,9969908.0,12.0,19939816.0,2392777.92,17547038.08
5361,2023-10-18,Mrs. Rachel Norman,Individual,BMW 3 Series,Delhi,Grey,Petrol,Manual,Dealer,3,6268073.0,5.0,18804219.0,940210.95,17864008.05
5362,2025-04-21,Steven King,Luxury,BMW X5,Bangalore,White,Diesel,Automatic,Online,1,10917366.0,2.0,10917366.0,218347.32,10699018.68
5363,2023-08-20,Valerie Kidd,Corporate,BMW i4,Mumbai,Blue,Petrol,Manual,Dealer,3,7115574.0,2.0,21346722.0,426934.44,20919787.56
5364,2026-06-03,Anthony Koch,Individual,BMW X1,Pune,Grey,Hybrid,Manual,Dealer,3,6189217.0,12.0,18567651.0,2228118.12,16339532.88
5365,2024-03-18,Duane Cohen,Corporate,BMW i7,Chennai,Silver,Electric,Manual,Dealer,2,14932378.0,2.0,29864756.0,597295.12,29267460.88
5366,2025-06-16,Oscar Sutton,Individual,BMW X1,Kochi,Red,Petrol,Automatic,Corporate,3,5212188.0,5.0,15636564.0,781828.2,14854735.8
5367,2026-06-30,Matthew Brown,Individual,BMW X3,Bangalore,Grey,Hybrid,Manual,Dealer,1,7321765.0,12.0,7321765.0,878611.8,6443153.2
5368,2023-10-26,Matthew Rivas,Corporate,BMW X3,Kolkata,Black,Electric,Manual,Dealer,1,7589502.0,12.0,7589502.0,910740.24,6678761.76
5369,2025-09-06,Eric Johnson,Corporate,BMW 3 Series,Mumbai,Blue,Electric,Manual,Corporate,2,5711200.0,12.0,11422400.0,1370688.0,10051712.0
5370,2024-10-11,Eileen Lutz,Individual,BMW X3,Hyderabad,Black,Petrol,Automatic,Dealer,1,6623007.0,10.0,6623007.0,662300.7,5960706.3
5371,2025-06-26,Jacob Wood,Luxury,BMW 3 Series,Bangalore,Red,Petrol,Manual,Dealer,2,5287065.0,0.0,10574130.0,0.0,10574130.0
5372,2025-12-12,Whitney Wilkerson,Individual,BMW i7,Bangalore,Black,Hybrid,Manual,Corporate,2,17572052.0,5.0,35144104.0,1757205.2,33386898.8
5373,2024-08-16,Laura Christensen,Corporate,BMW i7,Hyderabad,Silver,Electric,Automatic,Online,2,15635287.0,7.0,31270574.0,2188940.18,29081633.82
5374,2024-05-16,Kimberly Taylor,Luxury,BMW 5 Series,Kolkata,White,Electric,Automatic,Corporate,1,7857912.0,12.0,7857912.0,942949.44,6914962.56
5375,2024-07-27,Loretta Peterson,Individual,BMW X7,Pune,Silver,Hybrid,Automatic,Dealer,3,13782478.0,12.0,41347434.0,4961692.08,36385741.92
5376,2025-09-24,Martha Rush,Corporate,BMW 3 Series,Delhi,Black,Petrol,Automatic,Corporate,3,6272757.0,7.0,18818271.0,1317278.97,17500992.03
5377,2024-07-02,Darryl Martin,Corporate,BMW X5,Mumbai,Blue,Petrol,Manual,Dealer,2,10692463.0,7.0,21384926.0,1496944.82,19887981.18
5378,2025-05-14,Devon Peterson,Individual,BMW i4,Bangalore,Blue,Electric,Automatic,Online,3,8439124.0,7.0,25317372.0,1772216.04,23545155.96
5379,2024-11-01,Andrea Mcclure,Individual,BMW X5,Kochi,Red,Petrol,Automatic,Corporate,2,11044354.0,0.0,22088708.0,0.0,22088708.0
5380,2024-06-18,Lisa Davidson,Individual,BMW i7,Chennai,Blue,Electric,Manual,Online,3,15788992.0,10.0,47366976.0,4736697.6,42630278.4
5381,2024-04-20,Daniel Graham,Corporate,BMW X7,Delhi,White,Electric,Automatic,Corporate,2,12567200.0,12.0,25134400.0,3016128.0,22118272.0
5382,2024-09-18,Kaitlin Bailey,Corporate,BMW 5 Series,Chennai,Red,Diesel,Manual,Dealer,3,8142751.0,0.0,24428253.0,0.0,24428253.0
5383,2026-01-04,Corey Hall,Individual,BMW i5,Bangalore,Silver,Electric,Manual,Dealer,3,9553892.0,7.0,28661676.0,2006317.32,26655358.68
5384,2025-02-02,Linda Scott,Corporate,BMW X1,Kolkata,Black,Hybrid,Automatic,Dealer,2,5012647.0,5.0,10025294.0,501264.7,9524029.3
5385,2025-10-30,Haley Holt,Individual,BMW 7 Series,Hyderabad,Blue,Diesel,Automatic,Online,1,17045110.0,5.0,17045110.0,852255.5,16192854.5
5386,2026-01-24,Curtis Richardson,Corporate,BMW 5 Series,Ahmedabad,Red,Petrol,Manual,Dealer,1,7383449.0,2.0,7383449.0,147668.98,7235780.02
5387,2026-07-25,Thomas Blair,Corporate,BMW i4,Pune,Black,Hybrid,Automatic,Corporate,3,7557639.0,0.0,22672917.0,0.0,22672917.0
5388,2026-07-09,Kelly Ray,Corporate,BMW 3 Series,Pune,Red,Diesel,Automatic,Dealer,3,6117657.0,5.0,18352971.0,917648.55,17435322.45
5389,2025-03-06,Austin Smith,Luxury,BMW i7,Mumbai,Grey,Petrol,Automatic,Dealer,3,14886200.0,12.0,44658600.0,5359032.0,39299568.0
5390,2024-08-22,Andre Thomas,Individual,BMW i7,Kolkata,Grey,Petrol,Automatic,Online,3,16733526.0,5.0,50200578.0,2510028.9,47690549.1
5391,2024-10-27,Nicole Moore,Corporate,BMW X3,Kolkata,Grey,Hybrid,Manual,Corporate,3,7082539.0,7.0,21247617.0,1487333.19,19760283.81
5392,2023-11-02,Bradley Rivera,Individual,BMW X5,Kolkata,Red,Electric,Manual,Corporate,2,10211241.0,0.0,20422482.0,0.0,20422482.0
5393,2024-11-17,Reginald Duncan,Corporate,BMW 5 Series,Delhi,Red,Diesel,Manual,Dealer,3,7019702.0,10.0,21059106.0,2105910.6,18953195.4
5394,2023-12-18,Ryan Turner,Individual,BMW i7,Kochi,Grey,Petrol,Automatic,Corporate,1,17708368.0,10.0,17708368.0,1770836.8,15937531.2
5395,2024-10-21,Caroline Harris,Luxury,BMW X5,Pune,Red,Diesel,Manual,Online,2,9949077.0,2.0,19898154.0,397963.08,19500190.92
5396,2025-11-12,Amy Herring,Luxury,BMW 7 Series,Chennai,Silver,Hybrid,Manual,Dealer,1,16064561.0,12.0,16064561.0,1927747.32,14136813.68
5397,2024-07-28,Jason Sullivan,Luxury,BMW i5,Bangalore,Black,Electric,Automatic,Dealer,3,10805857.0,10.0,32417571.0,3241757.1,29175813.9
5398,2023-12-01,Crystal Diaz,Individual,BMW i7,Chennai,Black,Hybrid,Manual,Dealer,2,17566001.0,2.0,35132002.0,702640.04,34429361.96
5399,2024-04-23,Michael Ayers,Individual,BMW i5,Mumbai,Red,Electric,Automatic,Corporate,1,10702584.0,2.0,10702584.0,214051.68,10488532.32
5400,2023-10-15,Randy Davis,Luxury,BMW X7,Ahmedabad,White,Petrol,Automatic,Dealer,2,13945814.0,10.0,27891628.0,2789162.8,25102465.2
5401,2023-11-08,Nathan Fernandez,Corporate,BMW X5,Chennai,Grey,Petrol,Manual,Online,1,11553561.0,10.0,11553561.0,1155356.1,10398204.9
5402,2026-05-30,Jessica Palmer,Individual,BMW X3,Pune,Grey,Petrol,Manual,Corporate,2,7981982.0,0.0,15963964.0,0.0,15963964.0
5403,2025-12-07,Derrick Jackson,Individual,BMW i4,Kolkata,Silver,Electric,Automatic,Corporate,1,7987390.0,10.0,7987390.0,798739.0,7188651.0
5404,2026-04-15,Lauren Riley,Luxury,BMW X5,Pune,Red,Electric,Manual,Dealer,2,11232883.0,7.0,22465766.0,1572603.62,20893162.38
5405,2024-06-08,Ian Smith,Individual,BMW i7,Kolkata,White,Diesel,Manual,Dealer,3,14755211.0,7.0,44265633.0,3098594.31,41167038.69
5406,2024-11-03,Jeffrey Hatfield,Corporate,BMW X3,Mumbai,Silver,Petrol,Automatic,Online,1,7525564.0,2.0,7525564.0,150511.28,7375052.72
5407,2024-07-23,Adam Stevenson,Individual,BMW X7,Pune,Black,Diesel,Manual,Dealer,1,14865704.0,5.0,14865704.0,743285.2,14122418.8
5408,2025-02-27,Lauren Martinez,Luxury,BMW i4,Kolkata,White,Hybrid,Manual,Corporate,3,8087086.0,2.0,24261258.0,485225.16,23776032.84
5409,2026-01-04,Joshua Sherman,Corporate,BMW 5 Series,Kolkata,Silver,Petrol,Automatic,Dealer,2,6570030.0,12.0,13140060.0,1576807.2,11563252.8
5410,2025-11-15,Joshua Flores,Corporate,BMW 7 Series,Delhi,Silver,Diesel,Manual,Corporate,1,15560998.0,7.0,15560998.0,1089269.86,14471728.14
5411,2026-06-18,Vincent Moody,Luxury,BMW X1,Ahmedabad,Black,Diesel,Automatic,Online,3,5522995.0,0.0,16568985.0,0.0,16568985.0
5412,2024-12-14,Kerry Thompson,Corporate,BMW X1,Delhi,Silver,Hybrid,Automatic,Corporate,1,5157435.0,5.0,5157435.0,257871.75,4899563.25
5413,2025-04-08,Juan Yang,Corporate,BMW i5,Hyderabad,Black,Electric,Manual,Dealer,1,9868334.0,0.0,9868334.0,0.0,9868334.0
5414,2025-08-09,Robert Smith,Luxury,BMW 3 Series,Ahmedabad,Red,Hybrid,Automatic,Online,2,4929858.0,7.0,9859716.0,690180.12,9169535.88
5415,2024-10-12,Noah Sandoval,Individual,BMW X3,Bangalore,Grey,Electric,Manual,Dealer,2,7088398.0,5.0,14176796.0,708839.8,13467956.2
5416,2026-05-21,Michael Roberts,Corporate,BMW 5 Series,Kolkata,Red,Diesel,Manual,Dealer,3,7573439.0,5.0,22720317.0,1136015.85,21584301.15
5417,2025-03-13,Jeffrey Tran,Luxury,BMW i4,Chennai,Red,Electric,Automatic,Dealer,3,7028928.0,12.0,21086784.0,2530414.08,18556369.92
5418,2025-11-08,Kristin Pollard,Corporate,BMW 3 Series,Bangalore,Blue,Hybrid,Automatic,Online,3,5125398.0,12.0,15376194.0,1845143.28,13531050.72
5419,2025-05-03,Mary Anderson,Luxury,BMW X7,Chennai,Silver,Electric,Automatic,Corporate,3,14177188.0,0.0,42531564.0,0.0,42531564.0
5420,2025-06-19,Ryan Brown,Luxury,BMW i7,Chennai,Blue,Electric,Manual,Dealer,3,17150155.0,2.0,51450465.0,1029009.3,50421455.7
5421,2026-04-14,Caroline Hood,Corporate,BMW i5,Jaipur,Black,Hybrid,Automatic,Corporate,1,10639445.0,7.0,10639445.0,744761.15,9894683.85
5422,2025-12-19,James Owen,Individual,BMW X7,Chennai,White,Hybrid,Automatic,Online,3,15890238.0,7.0,47670714.0,3336949.98,44333764.02
5423,2025-07-11,Robert Harris,Individual,BMW i7,Mumbai,Black,Diesel,Manual,Dealer,1,16892171.0,10.0,16892171.0,1689217.1,15202953.9
5424,2024-09-14,Joshua Lopez,Luxury,BMW i7,Mumbai,Blue,Electric,Automatic,Dealer,3,16181449.0,0.0,48544347.0,0.0,48544347.0
5425,2026-05-30,Angie Hernandez,Corporate,BMW 3 Series,Jaipur,Blue,Petrol,Automatic,Online,3,6150698.0,2.0,18452094.0,369041.88,18083052.12
5426,2023-11-05,Shaun Contreras,Luxury,BMW i4,Kolkata,Silver,Hybrid,Automatic,Corporate,3,7534924.0,2.0,22604772.0,452095.44,22152676.56
5427,2024-03-30,Gary Hayes,Luxury,BMW X7,Jaipur,White,Hybrid,Automatic,Dealer,1,15396925.0,2.0,15396925.0,307938.5,15088986.5
5428,2023-09-01,Dustin Rogers,Luxury,BMW i4,Jaipur,Blue,Electric,Automatic,Corporate,3,7216562.0,0.0,21649686.0,0.0,21649686.0
5429,2025-12-09,Alexis Obrien,Individual,BMW 7 Series,Pune,Black,Diesel,Automatic,Online,3,18226626.0,2.0,54679878.0,1093597.56,53586280.44
5430,2024-09-29,Danny Murray,Individual,BMW i4,Bangalore,White,Diesel,Manual,Corporate,1,7855824.0,12.0,7855824.0,942698.88,6913125.12
5431,2024-01-26,Eric Smith,Luxury,BMW i4,Jaipur,White,Hybrid,Manual,Dealer,2,7954364.0,0.0,15908728.0,0.0,15908728.0
5432,2025-01-20,Vincent Hunter,Corporate,BMW i4,Hyderabad,Blue,Petrol,Automatic,Corporate,3,7867460.0,12.0,23602380.0,2832285.6,20770094.4
5433,2023-09-30,Edward Pace,Luxury,BMW 3 Series,Mumbai,Grey,Petrol,Automatic,Corporate,1,5732412.0,7.0,5732412.0,401268.84,5331143.16
5434,2024-06-22,Wendy Hobbs,Individual,BMW X1,Ahmedabad,Red,Electric,Automatic,Corporate,3,6278387.0,2.0,18835161.0,376703.22,18458457.78
5435,2023-08-20,Greg Johnson,Luxury,BMW 7 Series,Hyderabad,Black,Electric,Manual,Online,3,17758418.0,10.0,53275254.0,5327525.4,47947728.6
5436,2025-05-13,Ryan Williams,Individual,BMW X1,Kochi,Red,Diesel,Automatic,Dealer,1,5664171.0,7.0,5664171.0,396491.97,5267679.03
5437,2024-06-05,John Hernandez,Corporate,BMW i4,Hyderabad,Grey,Petrol,Automatic,Online,2,8326111.0,10.0,16652222.0,1665222.2,14986999.8
5438,2024-04-21,James Gonzalez,Luxury,BMW 7 Series,Mumbai,Grey,Petrol,Automatic,Corporate,3,14436088.0,7.0,43308264.0,3031578.48,40276685.52
5439,2025-11-19,David Richardson,Luxury,BMW X3,Kolkata,Blue,Petrol,Automatic,Dealer,1,7530148.0,0.0,7530148.0,0.0,7530148.0
5440,2025-03-09,Theresa Jones,Individual,BMW X3,Delhi,Black,Diesel,Manual,Online,1,7417552.0,2.0,7417552.0,148351.04,7269200.96
5441,2023-12-16,Michelle Hayes,Corporate,BMW i5,Ahmedabad,Grey,Diesel,Automatic,Corporate,3,9645022.0,5.0,28935066.0,1446753.3,27488312.7
5442,2023-09-16,Natasha Watson,Corporate,BMW i5,Kolkata,White,Diesel,Manual,Online,1,10473533.0,7.0,10473533.0,733147.31,9740385.69
5443,2024-06-10,Laura Smith,Luxury,BMW 3 Series,Kolkata,Silver,Electric,Automatic,Dealer,1,6089802.0,10.0,6089802.0,608980.2,5480821.8
5444,2025-08-06,Carl Medina,Corporate,BMW X7,Jaipur,Grey,Electric,Manual,Dealer,3,14386605.0,0.0,43159815.0,0.0,43159815.0
5445,2025-06-22,Taylor Valenzuela,Luxury,BMW X7,Kochi,White,Hybrid,Manual,Dealer,2,14301751.0,12.0,28603502.0,3432420.24,25171081.76
5446,2025-01-25,Brett Gray,Individual,BMW X1,Ahmedabad,Red,Electric,Manual,Online,2,5779154.0,0.0,11558308.0,0.0,11558308.0
5447,2025-02-14,Kelsey Andrade,Luxury,BMW i4,Ahmedabad,Red,Electric,Automatic,Corporate,3,8010113.0,7.0,24030339.0,1682123.73,22348215.27
5448,2023-08-22,Tiffany Waters,Corporate,BMW X3,Pune,Black,Diesel,Manual,Online,1,7559274.0,7.0,7559274.0,529149.18,7030124.82
5449,2025-10-30,Mitchell Rose,Corporate,BMW i5,Kochi,Red,Hybrid,Automatic,Dealer,1,10895766.0,2.0,10895766.0,217915.32,10677850.68
5450,2023-09-21,Eric Andrews,Luxury,BMW X3,Delhi,Blue,Hybrid,Manual,Dealer,1,7180304.0,2.0,7180304.0,143606.08,7036697.92
5451,2023-12-02,Tracy Walter,Corporate,BMW 7 Series,Bangalore,Red,Electric,Automatic,Dealer,3,18021404.0,2.0,54064212.0,1081284.24,52982927.76
5452,2024-09-07,Jodi Smith,Individual,BMW 3 Series,Mumbai,White,Diesel,Manual,Dealer,3,5418884.0,7.0,16256652.0,1137965.64,15118686.36
5453,2026-01-29,Jason Quinn,Corporate,BMW i5,Chennai,Blue,Petrol,Automatic,Corporate,1,9637576.0,7.0,9637576.0,674630.32,8962945.68
5454,2024-01-13,Patricia Castillo DVM,Individual,BMW i5,Chennai,Blue,Electric,Automatic,Corporate,3,10074806.0,7.0,30224418.0,2115709.26,28108708.74
5455,2023-10-19,Michael Adams,Luxury,BMW X7,Bangalore,Black,Hybrid,Automatic,Dealer,3,14578317.0,7.0,43734951.0,3061446.57,40673504.43
5456,2026-05-05,Sara Hunter,Corporate,BMW 5 Series,Mumbai,Black,Diesel,Manual,Corporate,3,6768236.0,5.0,20304708.0,1015235.4,19289472.6
5457,2024-11-15,Nicole Jones,Corporate,BMW X3,Hyderabad,Grey,Electric,Manual,Online,1,7252805.0,0.0,7252805.0,0.0,7252805.0
5458,2025-05-15,Patty Farley,Individual,BMW X5,Ahmedabad,White,Diesel,Automatic,Corporate,3,10763662.0,7.0,32290986.0,2260369.02,30030616.98
5459,2023-09-05,Christopher Snyder,Individual,BMW i4,Chennai,Blue,Electric,Manual,Corporate,2,7714879.0,0.0,15429758.0,0.0,15429758.0
5460,2024-09-16,Christopher Dominguez,Corporate,BMW X3,Bangalore,Black,Petrol,Manual,Dealer,3,6606521.0,7.0,19819563.0,1387369.41,18432193.59
5461,2024-04-28,Lisa Brown,Corporate,BMW X7,Bangalore,Black,Hybrid,Manual,Dealer,2,14768204.0,2.0,29536408.0,590728.16,28945679.84
5462,2025-11-25,Norman Alexander,Luxury,BMW 7 Series,Delhi,Grey,Hybrid,Automatic,Dealer,3,16448392.0,5.0,49345176.0,2467258.8,46877917.2
5463,2024-11-28,Sara Clark,Corporate,BMW X3,Mumbai,Red,Hybrid,Manual,Online,3,6982645.0,7.0,20947935.0,1466355.45,19481579.55
5464,2025-09-08,Jorge Richardson,Individual,BMW X5,Delhi,Red,Diesel,Manual,Online,1,11149195.0,7.0,11149195.0,780443.65,10368751.35
5465,2025-07-14,Hannah Campbell,Luxury,BMW 3 Series,Pune,Red,Diesel,Manual,Corporate,1,4907594.0,10.0,4907594.0,490759.4,4416834.6
5466,2025-03-12,Morgan Malone,Luxury,BMW i7,Kolkata,Silver,Petrol,Automatic,Online,2,16467867.0,7.0,32935734.0,2305501.38,30630232.62
5467,2025-11-19,Charles Howard,Individual,BMW X5,Jaipur,Black,Electric,Automatic,Online,1,11831925.0,5.0,11831925.0,591596.25,11240328.75
5468,2025-07-15,Jon Dean,Luxury,BMW X1,Delhi,Blue,Petrol,Automatic,Online,2,6104030.0,5.0,12208060.0,610403.0,11597657.0
5469,2025-06-11,Dawn Atkins,Individual,BMW 5 Series,Kochi,Red,Petrol,Automatic,Corporate,1,8345148.0,7.0,8345148.0,584160.36,7760987.64
5470,2025-01-11,Michelle Smith,Individual,BMW i7,Mumbai,Silver,Electric,Manual,Dealer,1,17687522.0,10.0,17687522.0,1768752.2,15918769.8
5471,2025-08-12,Cody Fernandez,Luxury,BMW 7 Series,Bangalore,Blue,Electric,Manual,Corporate,2,15655051.0,12.0,31310102.0,3757212.24,27552889.76
5472,2025-04-01,Michael Monroe,Corporate,BMW i7,Chennai,White,Electric,Manual,Corporate,1,17857482.0,7.0,17857482.0,1250023.74,16607458.26
5473,2024-06-19,Denise Hart,Corporate,BMW i4,Hyderabad,Silver,Diesel,Manual,Online,1,7523326.0,7.0,7523326.0,526632.82,6996693.18
5474,2026-07-25,Kristina Barker,Individual,BMW i5,Mumbai,Silver,Electric,Automatic,Online,3,9927067.0,0.0,29781201.0,0.0,29781201.0
5475,2025-10-29,Erik Elliott,Luxury,BMW 5 Series,Mumbai,Grey,Hybrid,Manual,Online,2,7336628.0,7.0,14673256.0,1027127.92,13646128.08
5476,2025-06-25,Timothy Reid,Corporate,BMW i7,Mumbai,White,Electric,Manual,Dealer,1,17117971.0,12.0,17117971.0,2054156.52,15063814.48
5477,2024-07-16,Eric Barker,Luxury,BMW i4,Bangalore,Blue,Electric,Manual,Dealer,2,8235963.0,7.0,16471926.0,1153034.82,15318891.18
5478,2026-03-20,Anna Roberson,Luxury,BMW 7 Series,Chennai,Silver,Petrol,Automatic,Corporate,2,16564723.0,5.0,33129446.0,1656472.3,31472973.7
5479,2025-11-07,Douglas Simpson,Luxury,BMW i7,Delhi,Red,Diesel,Manual,Online,2,17783921.0,2.0,35567842.0,711356.84,34856485.16
5480,2025-01-20,Nancy Roberts,Corporate,BMW X7,Kochi,Silver,Hybrid,Manual,Online,1,13169498.0,2.0,13169498.0,263389.96,12906108.04
5481,2024-06-15,Elizabeth Johns,Luxury,BMW i5,Jaipur,Red,Hybrid,Automatic,Online,3,9894296.0,10.0,29682888.0,2968288.8,26714599.2
5482,2023-10-29,Brooke Ochoa,Corporate,BMW i5,Kolkata,Blue,Petrol,Automatic,Corporate,3,9486424.0,0.0,28459272.0,0.0,28459272.0
5483,2026-06-11,Anthony Lee,Corporate,BMW 3 Series,Kochi,Silver,Electric,Manual,Online,3,5098322.0,0.0,15294966.0,0.0,15294966.0
5484,2024-01-06,James Johnson,Corporate,BMW X3,Hyderabad,White,Electric,Manual,Online,1,7460582.0,7.0,7460582.0,522240.74,6938341.26
5485,2025-01-10,Evan Keller,Corporate,BMW 7 Series,Ahmedabad,Black,Electric,Manual,Corporate,2,18703662.0,0.0,37407324.0,0.0,37407324.0
5486,2024-01-09,Stacy Gonzalez,Luxury,BMW 7 Series,Jaipur,Grey,Electric,Automatic,Dealer,2,17986716.0,0.0,35973432.0,0.0,35973432.0
5487,2025-03-04,Carolyn Chan,Luxury,BMW i7,Bangalore,Black,Diesel,Manual,Dealer,2,17907323.0,7.0,35814646.0,2507025.22,33307620.78
5488,2025-06-18,Courtney Cantrell,Luxury,BMW i5,Chennai,Red,Petrol,Automatic,Corporate,2,9478963.0,7.0,18957926.0,1327054.82,17630871.18
5489,2024-03-24,Kenneth Strickland,Individual,BMW X5,Jaipur,Black,Hybrid,Manual,Dealer,2,11575373.0,7.0,23150746.0,1620552.22,21530193.78
5490,2025-08-14,Christopher Meyer,Corporate,BMW X1,Kochi,White,Diesel,Manual,Online,3,6371638.0,10.0,19114914.0,1911491.4,17203422.6
5491,2024-05-26,Lisa Burns,Corporate,BMW i7,Ahmedabad,Grey,Diesel,Automatic,Online,2,16900835.0,12.0,33801670.0,4056200.4,29745469.6
5492,2024-05-20,Tasha Ford,Individual,BMW 5 Series,Jaipur,Grey,Hybrid,Manual,Online,1,7345687.0,7.0,7345687.0,514198.09,6831488.91
5493,2024-12-30,Ann Burgess,Individual,BMW X1,Mumbai,Red,Petrol,Automatic,Dealer,2,6177988.0,2.0,12355976.0,247119.52,12108856.48
5494,2026-07-12,Sierra Montoya,Individual,BMW 7 Series,Kolkata,Red,Hybrid,Manual,Corporate,2,15089056.0,12.0,30178112.0,3621373.44,26556738.56
5495,2026-05-08,James Wise,Individual,BMW X3,Kolkata,Red,Hybrid,Manual,Online,2,7331535.0,5.0,14663070.0,733153.5,13929916.5
5496,2025-11-06,Dennis Smith,Individual,BMW X1,Kolkata,Blue,Electric,Manual,Dealer,2,5622734.0,2.0,11245468.0,224909.36,11020558.64
5497,2024-02-23,Barbara Perez,Luxury,BMW 5 Series,Ahmedabad,Red,Petrol,Automatic,Dealer,1,7297527.0,0.0,7297527.0,0.0,7297527.0
5498,2025-08-22,Jerry Sanchez,Luxury,BMW i5,Kochi,White,Petrol,Automatic,Corporate,2,9523308.0,10.0,19046616.0,1904661.6,17141954.4
5499,2023-12-18,Suzanne Brown,Luxury,BMW 7 Series,Chennai,Blue,Petrol,Manual,Online,1,16980895.0,7.0,16980895.0,1188662.65,15792232.35
5500,2023-11-07,Rachel Booth,Individual,BMW X7,Jaipur,Red,Petrol,Automatic,Corporate,3,13788100.0,7.0,41364300.0,2895501.0,38468799.0
5501,2023-11-01,Rebecca Rivera,Corporate,BMW 7 Series,Mumbai,White,Electric,Automatic,Dealer,1,15578263.0,5.0,15578263.0,778913.15,14799349.85
5502,2024-12-14,Jeremy Ferguson,Corporate,BMW X5,Ahmedabad,Blue,Diesel,Manual,Corporate,3,10871764.0,12.0,32615292.0,3913835.04,28701456.96
5503,2024-07-12,Melissa Crawford,Individual,BMW X7,Bangalore,Grey,Diesel,Automatic,Dealer,1,14733234.0,7.0,14733234.0,1031326.38,13701907.62
5504,2025-08-07,Ann Rodgers,Corporate,BMW X5,Kolkata,Black,Electric,Manual,Online,1,10803224.0,0.0,10803224.0,0.0,10803224.0
5505,2024-05-14,Gabriella Smith,Individual,BMW X7,Kolkata,Silver,Diesel,Manual,Corporate,2,12352213.0,12.0,24704426.0,2964531.12,21739894.88
5506,2023-12-17,Nicholas Murray,Luxury,BMW X7,Delhi,Black,Electric,Automatic,Corporate,1,12274010.0,2.0,12274010.0,245480.2,12028529.8
5507,2024-09-21,Michelle Glover,Individual,BMW i4,Mumbai,Grey,Electric,Automatic,Online,1,8401665.0,12.0,8401665.0,1008199.8,7393465.2
5508,2025-07-04,Sarah Wade,Luxury,BMW X7,Pune,Grey,Petrol,Automatic,Dealer,2,14940794.0,5.0,29881588.0,1494079.4,28387508.6
5509,2024-05-15,Carlos Riley,Corporate,BMW X1,Jaipur,Grey,Diesel,Manual,Online,3,5588139.0,7.0,16764417.0,1173509.19,15590907.81
5510,2026-06-01,Charles Weaver,Corporate,BMW 3 Series,Bangalore,Red,Diesel,Automatic,Corporate,3,6330162.0,10.0,18990486.0,1899048.6,17091437.4
5511,2024-06-06,Aaron Jordan,Luxury,BMW X1,Pune,Blue,Diesel,Manual,Corporate,2,5444638.0,12.0,10889276.0,1306713.12,9582562.88
5512,2024-04-23,Valerie Holland,Luxury,BMW X7,Hyderabad,Grey,Petrol,Manual,Corporate,3,15478756.0,12.0,46436268.0,5572352.16,40863915.84
5513,2026-03-09,Michael Chapman,Individual,BMW 5 Series,Mumbai,Silver,Hybrid,Manual,Dealer,3,8140331.0,5.0,24420993.0,1221049.65,23199943.35
5514,2025-07-17,Caleb Perry,Individual,BMW X3,Chennai,Red,Petrol,Manual,Online,3,7471397.0,5.0,22414191.0,1120709.55,21293481.45
5515,2023-12-11,Tammy Mercer,Corporate,BMW i5,Hyderabad,Blue,Electric,Manual,Corporate,2,10404833.0,0.0,20809666.0,0.0,20809666.0
5516,2023-10-19,Tara Cain,Individual,BMW X5,Bangalore,Red,Petrol,Manual,Dealer,1,10050040.0,7.0,10050040.0,703502.8,9346537.2
5517,2026-03-26,Laurie Sharp,Corporate,BMW i7,Pune,White,Hybrid,Automatic,Dealer,3,17235066.0,7.0,51705198.0,3619363.86,48085834.14
5518,2026-07-08,Emily Watts,Individual,BMW 3 Series,Mumbai,Blue,Hybrid,Manual,Corporate,2,4749211.0,10.0,9498422.0,949842.2,8548579.8
5519,2025-11-10,Gary Jacobson,Luxury,BMW X3,Delhi,Silver,Electric,Manual,Dealer,3,6767832.0,0.0,20303496.0,0.0,20303496.0
5520,2025-11-11,Anita Carpenter,Corporate,BMW 3 Series,Kochi,Black,Electric,Automatic,Corporate,3,4845839.0,2.0,14537517.0,290750.34,14246766.66
5521,2024-05-13,Tracy Santos,Individual,BMW i4,Mumbai,White,Petrol,Automatic,Online,2,7031651.0,12.0,14063302.0,1687596.24,12375705.76
5522,2024-02-12,Kristen Barker,Luxury,BMW X1,Hyderabad,White,Petrol,Manual,Online,1,6306012.0,7.0,6306012.0,441420.84,5864591.16
5523,2023-08-14,Nancy Bell,Corporate,BMW X5,Pune,Blue,Hybrid,Manual,Online,1,11104631.0,10.0,11104631.0,1110463.1,9994167.9
5524,2025-01-09,William Patterson,Individual,BMW i4,Jaipur,Red,Diesel,Manual,Dealer,1,8450060.0,2.0,8450060.0,169001.2,8281058.8
5525,2024-04-09,Andrea Salazar,Luxury,BMW 3 Series,Kochi,Red,Electric,Manual,Online,2,5930338.0,0.0,11860676.0,0.0,11860676.0
5526,2024-07-07,Timothy Matthews,Individual,BMW i5,Hyderabad,Silver,Electric,Manual,Corporate,3,10646709.0,0.0,31940127.0,0.0,31940127.0
5527,2026-07-02,Jennifer Baker,Luxury,BMW i5,Mumbai,White,Petrol,Automatic,Corporate,2,10266677.0,10.0,20533354.0,2053335.4,18480018.6
5528,2024-01-21,Barbara Rodriguez,Luxury,BMW i5,Kolkata,Silver,Electric,Manual,Corporate,2,10706291.0,12.0,21412582.0,2569509.84,18843072.16
5529,2025-12-28,Chelsea Barber,Luxury,BMW 3 Series,Ahmedabad,Grey,Diesel,Manual,Corporate,2,6080591.0,5.0,12161182.0,608059.1,11553122.9
5530,2024-07-05,James Grant,Corporate,BMW X7,Ahmedabad,Grey,Petrol,Manual,Corporate,1,12014865.0,2.0,12014865.0,240297.3,11774567.7
5531,2024-05-28,Tara Jackson,Corporate,BMW i4,Pune,Black,Diesel,Automatic,Online,3,7112102.0,10.0,21336306.0,2133630.6,19202675.4
5532,2024-12-08,Charles Rodriguez,Individual,BMW 7 Series,Chennai,Black,Hybrid,Manual,Corporate,2,16114626.0,10.0,32229252.0,3222925.2,29006326.8
5533,2023-12-21,Taylor Greer,Individual,BMW 3 Series,Kolkata,Blue,Hybrid,Manual,Corporate,2,6232001.0,10.0,12464002.0,1246400.2,11217601.8
5534,2026-01-31,Courtney Miller,Luxury,BMW 7 Series,Chennai,Blue,Electric,Automatic,Online,2,15250283.0,12.0,30500566.0,3660067.92,26840498.08
5535,2023-11-02,Kimberly Taylor,Individual,BMW X1,Bangalore,Red,Petrol,Automatic,Dealer,2,6204095.0,0.0,12408190.0,0.0,12408190.0
5536,2025-08-01,Jacob Salas,Luxury,BMW 3 Series,Mumbai,White,Petrol,Manual,Corporate,2,6088204.0,7.0,12176408.0,852348.56,11324059.44
5537,2023-12-16,Dylan Harrell,Corporate,BMW X3,Hyderabad,Grey,Hybrid,Manual,Online,1,7409233.0,12.0,7409233.0,889107.96,6520125.04
5538,2023-09-04,Alison Wright,Corporate,BMW 5 Series,Chennai,White,Electric,Automatic,Online,3,7524907.0,10.0,22574721.0,2257472.1,20317248.9
5539,2024-04-27,Samuel Greer,Luxury,BMW X7,Pune,Black,Diesel,Automatic,Dealer,3,12566978.0,12.0,37700934.0,4524112.08,33176821.92
5540,2024-04-27,Terry Murray,Individual,BMW 3 Series,Chennai,Black,Diesel,Automatic,Online,3,4657779.0,7.0,13973337.0,978133.59,12995203.41
5541,2023-08-27,Tracy Williams,Corporate,BMW 7 Series,Kochi,Blue,Petrol,Manual,Corporate,1,14392174.0,7.0,14392174.0,1007452.18,13384721.82
5542,2025-08-06,Allen Huber,Luxury,BMW X3,Mumbai,Black,Electric,Automatic,Corporate,3,6579028.0,7.0,19737084.0,1381595.88,18355488.12
5543,2025-01-01,Whitney Hill,Corporate,BMW X1,Bangalore,White,Diesel,Manual,Corporate,2,5834292.0,2.0,11668584.0,233371.68,11435212.32
5544,2026-02-23,John Jackson,Individual,BMW X3,Delhi,Grey,Petrol,Manual,Online,1,7494460.0,0.0,7494460.0,0.0,7494460.0
5545,2025-10-23,James Jimenez,Corporate,BMW i4,Mumbai,Red,Diesel,Automatic,Dealer,2,8030632.0,10.0,16061264.0,1606126.4,14455137.6
5546,2023-08-21,Ruth Nguyen,Corporate,BMW i5,Bangalore,White,Petrol,Manual,Corporate,1,9082533.0,7.0,9082533.0,635777.31,8446755.69
5547,2025-05-30,Terry Jackson,Luxury,BMW i5,Chennai,Black,Hybrid,Automatic,Online,1,10523402.0,12.0,10523402.0,1262808.24,9260593.76
5548,2025-12-01,Barbara Foster,Corporate,BMW X7,Delhi,Grey,Electric,Manual,Online,3,13950144.0,12.0,41850432.0,5022051.84,36828380.16
5549,2024-09-13,Mr. Phillip Combs DVM,Luxury,BMW i4,Kochi,White,Hybrid,Manual,Online,1,7044644.0,12.0,7044644.0,845357.28,6199286.72
5550,2025-05-06,George Carr,Luxury,BMW i7,Delhi,Black,Petrol,Automatic,Online,2,17222112.0,10.0,34444224.0,3444422.4,30999801.6
5551,2024-09-28,Kristen Davis,Individual,BMW i5,Delhi,Blue,Diesel,Automatic,Corporate,3,10132323.0,7.0,30396969.0,2127787.83,28269181.17
5552,2025-04-01,Keith Smith,Corporate,BMW 3 Series,Delhi,Blue,Diesel,Automatic,Corporate,1,5162315.0,2.0,5162315.0,103246.3,5059068.7
5553,2026-06-01,Tiffany Williams,Corporate,BMW i5,Hyderabad,Black,Petrol,Automatic,Online,2,9054610.0,0.0,18109220.0,0.0,18109220.0
5554,2023-11-29,Hunter Gonzalez,Luxury,BMW X5,Pune,White,Hybrid,Manual,Dealer,2,10598451.0,5.0,21196902.0,1059845.1,20137056.9
5555,2023-09-16,Adrian Martin DDS,Individual,BMW X7,Mumbai,Black,Petrol,Manual,Corporate,1,14218801.0,5.0,14218801.0,710940.05,13507860.95
5556,2025-04-23,Steven Larson,Individual,BMW X1,Chennai,White,Petrol,Manual,Online,2,5403615.0,10.0,10807230.0,1080723.0,9726507.0
5557,2024-03-07,Stephanie Whitehead,Luxury,BMW X1,Mumbai,Silver,Electric,Automatic,Corporate,3,5061208.0,0.0,15183624.0,0.0,15183624.0
5558,2024-03-23,David Lopez,Luxury,BMW i5,Kolkata,Black,Diesel,Manual,Dealer,3,10846632.0,0.0,32539896.0,0.0,32539896.0
5559,2025-12-19,Wayne Whitaker,Corporate,BMW X3,Delhi,Grey,Electric,Manual,Dealer,1,7972384.0,0.0,7972384.0,0.0,7972384.0
5560,2025-05-25,Chelsey Chase,Individual,BMW 5 Series,Bangalore,Silver,Hybrid,Automatic,Corporate,2,6780050.0,0.0,13560100.0,0.0,13560100.0
5561,2026-05-06,Jeffrey Glass,Corporate,BMW i5,Bangalore,Grey,Hybrid,Automatic,Dealer,3,10784746.0,7.0,32354238.0,2264796.66,30089441.34
5562,2024-12-12,Daniel Lopez,Individual,BMW 5 Series,Pune,White,Hybrid,Automatic,Dealer,2,6819272.0,7.0,13638544.0,954698.08,12683845.92
5563,2024-01-12,Peter Huynh,Corporate,BMW i4,Chennai,Red,Hybrid,Manual,Corporate,3,7828241.0,7.0,23484723.0,1643930.61,21840792.39
5564,2025-11-30,Chad Wood,Luxury,BMW X3,Bangalore,Blue,Electric,Manual,Corporate,2,7109903.0,2.0,14219806.0,284396.12,13935409.88
5565,2025-07-28,Tamara Crawford,Corporate,BMW X5,Mumbai,Blue,Diesel,Manual,Online,2,11457119.0,2.0,22914238.0,458284.76,22455953.24
5566,2025-01-04,Timothy Moore,Individual,BMW X7,Jaipur,Silver,Hybrid,Manual,Corporate,3,14445034.0,12.0,43335102.0,5200212.24,38134889.76
5567,2025-02-10,Shawn Rios,Luxury,BMW i7,Pune,Grey,Petrol,Automatic,Dealer,2,14370932.0,12.0,28741864.0,3449023.68,25292840.32
5568,2024-01-24,Jeremy Davenport,Luxury,BMW X1,Ahmedabad,Silver,Petrol,Manual,Corporate,1,5063192.0,5.0,5063192.0,253159.6,4810032.4
5569,2023-12-06,Steven Stokes,Luxury,BMW 3 Series,Ahmedabad,Blue,Petrol,Manual,Corporate,3,6169378.0,0.0,18508134.0,0.0,18508134.0
5570,2025-04-24,Daniel Garcia,Individual,BMW X1,Hyderabad,Blue,Hybrid,Manual,Online,1,5468916.0,12.0,5468916.0,656269.92,4812646.08
5571,2023-11-07,Ryan Jenkins,Individual,BMW i7,Kolkata,Blue,Electric,Automatic,Corporate,3,14315838.0,0.0,42947514.0,0.0,42947514.0
5572,2024-01-29,Daniel Cantrell,Individual,BMW X3,Bangalore,Red,Petrol,Manual,Corporate,1,7325326.0,12.0,7325326.0,879039.12,6446286.88
5573,2026-03-30,Zachary Williams,Individual,BMW i5,Bangalore,Silver,Hybrid,Manual,Corporate,3,9673003.0,12.0,29019009.0,3482281.08,25536727.92
5574,2024-02-04,Kari Spencer,Corporate,BMW X1,Chennai,Blue,Petrol,Automatic,Dealer,3,6207304.0,0.0,18621912.0,0.0,18621912.0
5575,2023-12-08,Lindsey Howard,Luxury,BMW X3,Kochi,Blue,Hybrid,Automatic,Corporate,2,6929565.0,2.0,13859130.0,277182.6,13581947.4
5576,2025-11-23,Elizabeth Jones,Corporate,BMW i4,Ahmedabad,Blue,Hybrid,Automatic,Corporate,3,8290883.0,2.0,24872649.0,497452.98,24375196.02
5577,2025-02-09,Kara Hill,Luxury,BMW X3,Bangalore,Grey,Diesel,Automatic,Online,2,7976042.0,7.0,15952084.0,1116645.88,14835438.12
5578,2025-03-07,Walter Anderson,Individual,BMW X3,Mumbai,Blue,Hybrid,Manual,Corporate,3,6543181.0,7.0,19629543.0,1374068.01,18255474.99
5579,2024-12-15,Samantha Arnold,Individual,BMW X1,Hyderabad,Silver,Electric,Manual,Corporate,3,5819649.0,2.0,17458947.0,349178.94,17109768.06
5580,2025-12-09,Leslie Stafford,Luxury,BMW 7 Series,Kochi,Silver,Diesel,Automatic,Online,1,16815210.0,7.0,16815210.0,1177064.7,15638145.3
5581,2025-10-19,Kenneth Burnett,Individual,BMW X5,Delhi,White,Hybrid,Manual,Dealer,1,11707099.0,7.0,11707099.0,819496.93,10887602.07
5582,2025-07-26,Janice Williams,Corporate,BMW 5 Series,Hyderabad,White,Hybrid,Manual,Dealer,3,7208038.0,0.0,21624114.0,0.0,21624114.0
5583,2024-12-08,Brenda Cardenas,Corporate,BMW X3,Chennai,Grey,Electric,Manual,Online,1,7037091.0,10.0,7037091.0,703709.1,6333381.9
5584,2025-10-15,Janice Powell,Individual,BMW X5,Hyderabad,Red,Hybrid,Manual,Online,2,10041305.0,7.0,20082610.0,1405782.7,18676827.3
5585,2026-05-07,Michelle Leon,Individual,BMW i7,Hyderabad,Black,Hybrid,Automatic,Online,2,14279051.0,5.0,28558102.0,1427905.1,27130196.9
5586,2024-04-05,Ryan Martin,Luxury,BMW 7 Series,Jaipur,Silver,Hybrid,Automatic,Corporate,2,16492020.0,5.0,32984040.0,1649202.0,31334838.0
5587,2023-08-15,Bobby Thomas,Corporate,BMW X5,Chennai,Blue,Electric,Automatic,Online,2,9596505.0,7.0,19193010.0,1343510.7,17849499.3
5588,2026-07-29,Melissa Rogers,Luxury,BMW X7,Delhi,Blue,Petrol,Automatic,Corporate,2,14242616.0,10.0,28485232.0,2848523.2,25636708.8
5589,2026-03-27,Jacob Perry,Individual,BMW X1,Bangalore,Black,Hybrid,Automatic,Online,2,5374971.0,7.0,10749942.0,752495.94,9997446.06
5590,2025-08-02,Patricia Johnson,Individual,BMW i7,Delhi,White,Electric,Manual,Online,1,16267685.0,12.0,16267685.0,1952122.2,14315562.8
5591,2023-09-05,Christopher Cunningham,Individual,BMW i5,Jaipur,Silver,Diesel,Manual,Online,2,9248925.0,0.0,18497850.0,0.0,18497850.0
5592,2024-11-27,Brian Franklin,Corporate,BMW 5 Series,Ahmedabad,Blue,Hybrid,Automatic,Dealer,3,7389019.0,5.0,22167057.0,1108352.85,21058704.15
5593,2026-08-01,Kelly Grimes,Luxury,BMW 5 Series,Kochi,Silver,Petrol,Manual,Online,1,7875283.0,0.0,7875283.0,0.0,7875283.0
5594,2025-08-12,Robin Rojas,Corporate,BMW X1,Kochi,Black,Diesel,Automatic,Corporate,3,6344021.0,12.0,19032063.0,2283847.56,16748215.44
5595,2025-11-06,Lauren Rodriguez,Corporate,BMW X3,Delhi,Silver,Petrol,Automatic,Online,3,7674517.0,0.0,23023551.0,0.0,23023551.0
5596,2024-07-15,Tiffany Mclaughlin,Corporate,BMW 5 Series,Hyderabad,Silver,Petrol,Manual,Corporate,2,8359424.0,7.0,16718848.0,1170319.36,15548528.64
5597,2023-10-08,Nicholas Welch,Corporate,BMW i5,Pune,Red,Petrol,Manual,Online,3,9408180.0,0.0,28224540.0,0.0,28224540.0
5598,2025-10-16,Tara Thomas,Luxury,BMW i4,Kochi,Black,Diesel,Automatic,Corporate,1,7529337.0,10.0,7529337.0,752933.7,6776403.3
5599,2026-03-11,Paul Holmes,Luxury,BMW 7 Series,Hyderabad,Grey,Electric,Automatic,Corporate,3,18749420.0,0.0,56248260.0,0.0,56248260.0
5600,2026-01-02,Kaitlyn Woodard,Corporate,BMW X7,Pune,Black,Diesel,Automatic,Online,3,14331397.0,5.0,42994191.0,2149709.55,40844481.45
5601,2024-10-27,Dorothy Brown,Luxury,BMW X3,Pune,Blue,Hybrid,Automatic,Dealer,2,6765809.0,12.0,13531618.0,1623794.16,11907823.84
5602,2025-09-14,Benjamin Morris,Individual,BMW 7 Series,Mumbai,Grey,Diesel,Manual,Dealer,2,18614878.0,5.0,37229756.0,1861487.8,35368268.2
5603,2023-11-26,Bryan Mcdowell,Individual,BMW i5,Chennai,Black,Petrol,Automatic,Corporate,3,9765577.0,10.0,29296731.0,2929673.1,26367057.9
5604,2023-09-05,Michael Weeks,Luxury,BMW X1,Chennai,Grey,Diesel,Manual,Corporate,2,5000969.0,2.0,10001938.0,200038.76,9801899.24
5605,2024-02-23,Jeffrey Ramsey,Corporate,BMW i4,Hyderabad,Black,Diesel,Automatic,Dealer,3,8374991.0,2.0,25124973.0,502499.46,24622473.54
5606,2025-08-21,Terry Macias,Individual,BMW 3 Series,Jaipur,Silver,Diesel,Automatic,Corporate,2,4631116.0,10.0,9262232.0,926223.2,8336008.8
5607,2024-03-14,Kelly Ross,Corporate,BMW i7,Ahmedabad,White,Petrol,Manual,Dealer,3,15587383.0,7.0,46762149.0,3273350.43,43488798.57
5608,2025-08-13,Andrew Hoffman,Corporate,BMW X5,Bangalore,Grey,Petrol,Automatic,Corporate,3,11926137.0,0.0,35778411.0,0.0,35778411.0
5609,2023-09-27,Michelle Smith DDS,Individual,BMW 7 Series,Kochi,Blue,Diesel,Manual,Online,3,15398072.0,10.0,46194216.0,4619421.6,41574794.4
5610,2023-08-23,Pamela Chandler,Luxury,BMW i5,Mumbai,Silver,Hybrid,Automatic,Corporate,3,9642465.0,2.0,28927395.0,578547.9,28348847.1
5611,2024-02-25,Robert Frank,Luxury,BMW i5,Ahmedabad,Red,Electric,Manual,Dealer,3,10352380.0,5.0,31057140.0,1552857.0,29504283.0
5612,2024-05-26,Joshua Lee,Luxury,BMW 3 Series,Kochi,White,Electric,Manual,Corporate,3,4795269.0,2.0,14385807.0,287716.14,14098090.86
5613,2024-11-25,Leslie Williams,Luxury,BMW X5,Ahmedabad,White,Electric,Manual,Dealer,3,10122891.0,12.0,30368673.0,3644240.76,26724432.24
5614,2023-09-17,Jennifer Hall,Corporate,BMW i5,Kochi,Silver,Petrol,Manual,Corporate,2,9204359.0,0.0,18408718.0,0.0,18408718.0
5615,2024-01-03,Heather Martin,Individual,BMW i4,Pune,Silver,Diesel,Manual,Online,1,7436116.0,12.0,7436116.0,892333.92,6543782.08
5616,2025-10-29,Jo Gallegos,Corporate,BMW i7,Kochi,Red,Electric,Automatic,Online,1,16807008.0,12.0,16807008.0,2016840.96,14790167.04
5617,2025-01-05,Andrew Smith,Corporate,BMW i7,Pune,Silver,Petrol,Automatic,Corporate,3,16630739.0,2.0,49892217.0,997844.34,48894372.66
5618,2024-10-12,Timothy Thomas,Corporate,BMW i5,Kochi,Black,Electric,Manual,Corporate,3,10430738.0,12.0,31292214.0,3755065.68,27537148.32
5619,2026-02-01,Matthew Smith,Corporate,BMW 5 Series,Bangalore,Grey,Diesel,Manual,Corporate,3,7679489.0,0.0,23038467.0,0.0,23038467.0
5620,2025-05-09,Anna Sanders,Luxury,BMW X3,Jaipur,Blue,Petrol,Automatic,Dealer,2,7514279.0,10.0,15028558.0,1502855.8,13525702.2
5621,2025-06-12,Joseph Murphy,Luxury,BMW X7,Hyderabad,Blue,Petrol,Manual,Dealer,3,14317886.0,7.0,42953658.0,3006756.06,39946901.94
5622,2026-03-11,Emily Willis,Individual,BMW 3 Series,Chennai,Black,Electric,Manual,Dealer,3,5669052.0,12.0,17007156.0,2040858.72,14966297.28
5623,2025-11-21,Miss Vanessa Collins,Corporate,BMW i7,Ahmedabad,Silver,Electric,Manual,Corporate,1,15196318.0,12.0,15196318.0,1823558.16,13372759.84
5624,2024-04-02,Michael Foster,Luxury,BMW 7 Series,Kochi,Silver,Electric,Manual,Dealer,2,15080852.0,5.0,30161704.0,1508085.2,28653618.8
5625,2026-01-24,Amber Evans,Corporate,BMW i5,Delhi,Black,Petrol,Automatic,Corporate,3,9889921.0,12.0,29669763.0,3560371.56,26109391.44
5626,2023-10-06,Michele Davis,Corporate,BMW i5,Bangalore,White,Electric,Automatic,Corporate,1,9267835.0,7.0,9267835.0,648748.45,8619086.55
5627,2025-11-25,Michelle Fleming,Luxury,BMW X3,Ahmedabad,White,Electric,Automatic,Corporate,1,7922674.0,0.0,7922674.0,0.0,7922674.0
5628,2026-04-26,Bruce Petty,Corporate,BMW 3 Series,Kolkata,White,Electric,Manual,Dealer,3,6379624.0,7.0,19138872.0,1339721.04,17799150.96
5629,2024-10-12,Danny Mason,Luxury,BMW i7,Pune,Grey,Diesel,Manual,Online,2,17392431.0,12.0,34784862.0,4174183.44,30610678.56
5630,2024-05-13,Ashley Chavez,Corporate,BMW i4,Delhi,Black,Diesel,Manual,Dealer,2,7960660.0,2.0,15921320.0,318426.4,15602893.6
5631,2023-09-16,Grant Whitaker,Luxury,BMW i5,Kochi,Silver,Petrol,Automatic,Corporate,3,9062107.0,0.0,27186321.0,0.0,27186321.0
5632,2025-10-20,Melanie Mccullough,Corporate,BMW X7,Mumbai,Blue,Petrol,Automatic,Dealer,3,13120024.0,7.0,39360072.0,2755205.04,36604866.96
5633,2025-09-24,Krystal Holden,Corporate,BMW 3 Series,Hyderabad,Blue,Hybrid,Manual,Dealer,1,4829019.0,0.0,4829019.0,0.0,4829019.0
5634,2026-02-06,Toni Ramos,Corporate,BMW X1,Kolkata,Red,Hybrid,Manual,Online,3,6164477.0,2.0,18493431.0,369868.62,18123562.38
5635,2025-02-27,David Walker,Corporate,BMW X5,Pune,Red,Hybrid,Manual,Corporate,1,10955614.0,5.0,10955614.0,547780.7,10407833.3
5636,2026-03-30,Jacqueline Bridges,Luxury,BMW X5,Chennai,Red,Hybrid,Automatic,Online,2,11287606.0,5.0,22575212.0,1128760.6,21446451.4
5637,2026-01-23,Laurie Vargas,Individual,BMW X3,Jaipur,Black,Petrol,Automatic,Online,1,7491900.0,2.0,7491900.0,149838.0,7342062.0
5638,2025-06-28,Carlos Ruiz,Corporate,BMW X5,Delhi,Blue,Diesel,Automatic,Online,3,11199571.0,5.0,33598713.0,1679935.65,31918777.35
5639,2026-04-11,Keith Fuller,Corporate,BMW i7,Jaipur,Blue,Electric,Manual,Dealer,1,15464323.0,10.0,15464323.0,1546432.3,13917890.7
5640,2024-09-24,Tyler Romero,Luxury,BMW X3,Bangalore,Blue,Petrol,Manual,Corporate,3,7945847.0,5.0,23837541.0,1191877.05,22645663.95
5641,2024-08-10,Sarah Santana,Luxury,BMW X7,Mumbai,Black,Hybrid,Manual,Dealer,1,15209275.0,7.0,15209275.0,1064649.25,14144625.75
5642,2026-06-16,Isaac Hess,Luxury,BMW 5 Series,Jaipur,Silver,Petrol,Automatic,Corporate,3,6719043.0,7.0,20157129.0,1410999.03,18746129.97
5643,2024-02-04,Paul Huang,Individual,BMW i4,Pune,Blue,Electric,Automatic,Corporate,3,8373540.0,5.0,25120620.0,1256031.0,23864589.0
5644,2024-07-02,Ashley Gutierrez,Individual,BMW i5,Bangalore,Silver,Diesel,Manual,Corporate,1,10394965.0,2.0,10394965.0,207899.3,10187065.7
5645,2023-11-19,Eric Diaz,Individual,BMW i7,Ahmedabad,Black,Petrol,Automatic,Corporate,2,17553186.0,12.0,35106372.0,4212764.64,30893607.36
5646,2024-07-21,Michael Phillips,Corporate,BMW X7,Ahmedabad,White,Hybrid,Automatic,Corporate,2,14924001.0,5.0,29848002.0,1492400.1,28355601.9
5647,2024-04-06,Ashley Ewing,Individual,BMW i7,Chennai,Blue,Diesel,Manual,Online,3,17632553.0,10.0,52897659.0,5289765.9,47607893.1
5648,2026-05-17,Leslie Blevins,Corporate,BMW X1,Kolkata,Blue,Diesel,Manual,Online,2,6202594.0,7.0,12405188.0,868363.16,11536824.84
5649,2024-12-11,Susan Moore,Corporate,BMW i5,Jaipur,Red,Hybrid,Automatic,Corporate,1,10221177.0,12.0,10221177.0,1226541.24,8994635.76
5650,2025-02-26,Dawn Johnson,Luxury,BMW 5 Series,Jaipur,Grey,Electric,Manual,Corporate,2,7895240.0,7.0,15790480.0,1105333.6,14685146.4
5651,2024-12-23,Alexander Evans,Individual,BMW 3 Series,Jaipur,Red,Hybrid,Manual,Corporate,1,5114285.0,0.0,5114285.0,0.0,5114285.0
5652,2024-05-18,Miss Debra Reyes,Individual,BMW 5 Series,Ahmedabad,Black,Petrol,Manual,Corporate,3,8255793.0,12.0,24767379.0,2972085.48,21795293.52
5653,2024-12-25,Jessica Smith,Individual,BMW 5 Series,Hyderabad,Blue,Hybrid,Manual,Dealer,1,7380638.0,5.0,7380638.0,369031.9,7011606.1
5654,2026-04-03,Amanda Krause,Luxury,BMW i5,Delhi,Blue,Hybrid,Manual,Online,2,10942880.0,10.0,21885760.0,2188576.0,19697184.0
5655,2024-01-29,Michael Cruz,Individual,BMW X5,Kochi,Grey,Petrol,Automatic,Online,3,9894566.0,2.0,29683698.0,593673.96,29090024.04
5656,2026-05-07,Amy Brooks,Luxury,BMW i5,Mumbai,Red,Diesel,Manual,Online,1,9945861.0,0.0,9945861.0,0.0,9945861.0
5657,2024-10-28,Sherri Brown,Individual,BMW 5 Series,Hyderabad,Blue,Electric,Automatic,Dealer,1,8044714.0,12.0,8044714.0,965365.68,7079348.32
5658,2023-12-15,Michael Peterson,Corporate,BMW X5,Jaipur,Blue,Electric,Manual,Dealer,3,9734019.0,2.0,29202057.0,584041.14,28618015.86
5659,2025-08-09,Michael Montgomery,Individual,BMW 5 Series,Kolkata,Blue,Diesel,Manual,Online,3,6875682.0,7.0,20627046.0,1443893.22,19183152.78
5660,2025-01-27,Alan Shaffer,Individual,BMW i7,Hyderabad,White,Hybrid,Automatic,Dealer,2,16157231.0,2.0,32314462.0,646289.24,31668172.76
5661,2025-03-07,Christopher Parrish,Corporate,BMW 5 Series,Ahmedabad,White,Petrol,Automatic,Dealer,3,7037783.0,0.0,21113349.0,0.0,21113349.0
5662,2023-10-30,Alicia Palmer,Luxury,BMW i4,Kolkata,White,Diesel,Manual,Online,2,7487411.0,5.0,14974822.0,748741.1,14226080.9
5663,2025-06-29,Tiffany Newton,Corporate,BMW 3 Series,Hyderabad,White,Diesel,Manual,Online,3,5862210.0,7.0,17586630.0,1231064.1,16355565.9
5664,2024-04-02,Catherine Jacobson,Individual,BMW 5 Series,Kolkata,Red,Hybrid,Automatic,Online,1,7838649.0,10.0,7838649.0,783864.9,7054784.1
5665,2024-08-04,Rhonda Brooks,Corporate,BMW 7 Series,Bangalore,Black,Electric,Automatic,Dealer,3,17019786.0,12.0,51059358.0,6127122.96,44932235.04
5666,2025-02-17,Rachel Snyder,Corporate,BMW i4,Hyderabad,Grey,Electric,Automatic,Corporate,1,8362353.0,12.0,8362353.0,1003482.36,7358870.64
5667,2024-04-25,Kelly Harris,Corporate,BMW X3,Jaipur,Black,Diesel,Automatic,Online,1,7262658.0,7.0,7262658.0,508386.06,6754271.94
5668,2024-12-25,Christy Medina,Individual,BMW i4,Hyderabad,Blue,Electric,Automatic,Online,2,7353280.0,0.0,14706560.0,0.0,14706560.0
5669,2026-01-30,Jamie Browning,Luxury,BMW 5 Series,Bangalore,Black,Electric,Manual,Corporate,3,6973299.0,0.0,20919897.0,0.0,20919897.0
5670,2024-02-20,Tyler Peterson,Individual,BMW i7,Hyderabad,White,Diesel,Manual,Corporate,2,15985041.0,12.0,31970082.0,3836409.84,28133672.16
5671,2026-02-15,Travis Thompson,Corporate,BMW i4,Chennai,Silver,Diesel,Automatic,Online,2,7784434.0,10.0,15568868.0,1556886.8,14011981.2
5672,2024-04-30,Alexis Gonzalez,Luxury,BMW X5,Kolkata,Red,Petrol,Automatic,Online,3,10506051.0,5.0,31518153.0,1575907.65,29942245.35
5673,2024-05-27,Michelle Velasquez,Individual,BMW X1,Kochi,Red,Hybrid,Automatic,Online,2,6182436.0,5.0,12364872.0,618243.6,11746628.4
5674,2023-10-27,Jessica Glenn,Corporate,BMW X5,Ahmedabad,Black,Hybrid,Automatic,Corporate,1,10374515.0,10.0,10374515.0,1037451.5,9337063.5
5675,2023-10-28,Heidi Torres,Corporate,BMW X7,Chennai,Black,Electric,Manual,Online,3,14424328.0,5.0,43272984.0,2163649.2,41109334.8
5676,2023-08-24,Matthew Horton,Corporate,BMW 3 Series,Bangalore,Blue,Hybrid,Manual,Online,2,5454163.0,0.0,10908326.0,0.0,10908326.0
5677,2025-10-18,Justin Smith,Corporate,BMW i5,Kochi,Silver,Petrol,Manual,Corporate,3,10605011.0,12.0,31815033.0,3817803.96,27997229.04
5678,2025-11-22,Veronica Rojas,Individual,BMW X7,Kochi,Silver,Diesel,Automatic,Dealer,3,14083885.0,12.0,42251655.0,5070198.6,37181456.4
5679,2026-05-11,Amber Reed,Individual,BMW X3,Hyderabad,Black,Petrol,Manual,Corporate,2,6588354.0,2.0,13176708.0,263534.16,12913173.84
5680,2025-05-08,Michael Myers MD,Luxury,BMW 5 Series,Kochi,Red,Hybrid,Automatic,Dealer,1,6720281.0,7.0,6720281.0,470419.67,6249861.33
5681,2024-11-28,Timothy Nelson,Luxury,BMW X7,Mumbai,Silver,Petrol,Manual,Dealer,3,13425565.0,0.0,40276695.0,0.0,40276695.0
5682,2026-05-15,Heather Ortega,Individual,BMW 3 Series,Hyderabad,White,Diesel,Automatic,Corporate,2,5648373.0,0.0,11296746.0,0.0,11296746.0
5683,2024-07-23,David Roman DDS,Corporate,BMW X7,Bangalore,White,Electric,Manual,Dealer,1,13130654.0,12.0,13130654.0,1575678.48,11554975.52
5684,2024-02-11,Amy Green,Individual,BMW 7 Series,Delhi,Blue,Diesel,Automatic,Dealer,1,18988037.0,2.0,18988037.0,379760.74,18608276.26
5685,2024-09-14,Raymond Carter,Luxury,BMW 7 Series,Chennai,White,Diesel,Manual,Corporate,1,14126465.0,0.0,14126465.0,0.0,14126465.0
5686,2023-08-18,Chris Wagner,Luxury,BMW 7 Series,Jaipur,White,Electric,Automatic,Corporate,2,15351536.0,12.0,30703072.0,3684368.64,27018703.36
5687,2024-06-13,Joshua Reed,Luxury,BMW i4,Kochi,Blue,Diesel,Automatic,Online,3,7201080.0,2.0,21603240.0,432064.8,21171175.2
5688,2025-11-26,Kenneth Bishop,Corporate,BMW X7,Bangalore,White,Electric,Manual,Corporate,2,14668491.0,7.0,29336982.0,2053588.74,27283393.26
5689,2026-01-14,Rebecca Rodriguez,Luxury,BMW i4,Kolkata,Red,Hybrid,Manual,Online,1,7599526.0,10.0,7599526.0,759952.6,6839573.4
5690,2023-08-11,Roger White,Luxury,BMW X1,Kolkata,Red,Diesel,Automatic,Online,2,5144944.0,0.0,10289888.0,0.0,10289888.0
5691,2025-01-29,Alex Robinson,Individual,BMW 3 Series,Kochi,White,Hybrid,Automatic,Online,2,4612729.0,2.0,9225458.0,184509.16,9040948.84
5692,2025-12-06,James Robinson,Individual,BMW X1,Bangalore,Silver,Diesel,Manual,Online,2,5701201.0,7.0,11402402.0,798168.14,10604233.86
5693,2024-01-31,Christian Davis DDS,Luxury,BMW X1,Kolkata,Blue,Electric,Manual,Online,3,5392207.0,2.0,16176621.0,323532.42,15853088.58
5694,2023-11-07,Michele Morrow,Luxury,BMW i4,Mumbai,White,Electric,Automatic,Dealer,3,8140622.0,12.0,24421866.0,2930623.92,21491242.08
5695,2026-08-03,Dennis Mitchell,Individual,BMW 5 Series,Delhi,White,Diesel,Automatic,Corporate,1,7406340.0,10.0,7406340.0,740634.0,6665706.0
5696,2024-12-16,Eric Garcia,Luxury,BMW X1,Mumbai,White,Electric,Automatic,Dealer,3,6094805.0,0.0,18284415.0,0.0,18284415.0
5697,2023-08-11,Bill Banks,Luxury,BMW X1,Pune,White,Hybrid,Automatic,Corporate,1,6261201.0,7.0,6261201.0,438284.07,5822916.93
5698,2024-01-11,Samantha Patton,Corporate,BMW X3,Chennai,Blue,Petrol,Automatic,Online,1,7941664.0,5.0,7941664.0,397083.2,7544580.8
5699,2024-08-04,Erika Russell,Luxury,BMW 7 Series,Hyderabad,Blue,Hybrid,Manual,Dealer,1,18951484.0,5.0,18951484.0,947574.2,18003909.8
5700,2025-11-20,Charles Garza,Corporate,BMW i5,Kochi,White,Electric,Automatic,Online,3,9462455.0,12.0,28387365.0,3406483.8,24980881.2
5701,2024-02-10,James Simmons,Corporate,BMW 7 Series,Kochi,Grey,Electric,Automatic,Dealer,1,15586886.0,12.0,15586886.0,1870426.32,13716459.68
5702,2025-08-20,Charles Williams,Luxury,BMW X5,Jaipur,Red,Hybrid,Manual,Dealer,1,10482682.0,12.0,10482682.0,1257921.84,9224760.16
5703,2023-08-14,Kayla Wyatt,Luxury,BMW i7,Chennai,Red,Electric,Manual,Online,1,15427512.0,0.0,15427512.0,0.0,15427512.0
5704,2024-12-02,Eric Dixon,Corporate,BMW X5,Kochi,Silver,Diesel,Manual,Dealer,1,10949408.0,10.0,10949408.0,1094940.8,9854467.2
5705,2024-05-14,Ariana Mathis,Individual,BMW X1,Hyderabad,Black,Petrol,Manual,Corporate,3,6464111.0,2.0,19392333.0,387846.66,19004486.34
5706,2026-06-15,Emily Barton,Luxury,BMW X7,Bangalore,Blue,Electric,Manual,Online,2,14338547.0,10.0,28677094.0,2867709.4,25809384.6
5707,2025-03-02,Donald Palmer,Luxury,BMW X3,Ahmedabad,Silver,Petrol,Manual,Dealer,2,7821428.0,2.0,15642856.0,312857.12,15329998.88
5708,2024-05-26,April Cobb,Luxury,BMW X5,Kolkata,Silver,Hybrid,Automatic,Dealer,1,11022774.0,10.0,11022774.0,1102277.4,9920496.6
5709,2025-01-02,Jason White,Luxury,BMW i4,Chennai,Silver,Electric,Manual,Dealer,2,7362204.0,2.0,14724408.0,294488.16,14429919.84
5710,2025-04-15,Kevin Castillo,Luxury,BMW 5 Series,Chennai,Silver,Hybrid,Automatic,Online,2,8370992.0,5.0,16741984.0,837099.2,15904884.8
5711,2026-01-23,Jerry Torres,Luxury,BMW 5 Series,Hyderabad,Grey,Hybrid,Automatic,Corporate,3,7386719.0,7.0,22160157.0,1551210.99,20608946.01
5712,2025-09-04,James Keller,Individual,BMW X3,Chennai,Blue,Hybrid,Automatic,Dealer,3,7156567.0,7.0,21469701.0,1502879.07,19966821.93
5713,2024-11-12,Samuel Wood,Corporate,BMW X7,Delhi,White,Diesel,Automatic,Online,2,12715235.0,5.0,25430470.0,1271523.5,24158946.5
5714,2024-08-07,Deborah Rice,Corporate,BMW X3,Mumbai,Black,Electric,Automatic,Dealer,2,6794088.0,12.0,13588176.0,1630581.12,11957594.88
5715,2025-10-07,Debra Page,Individual,BMW X1,Ahmedabad,Silver,Electric,Automatic,Dealer,2,5149308.0,2.0,10298616.0,205972.32,10092643.68
5716,2025-11-10,Gabriella Cummings,Luxury,BMW i7,Bangalore,Red,Diesel,Automatic,Corporate,3,15405717.0,7.0,46217151.0,3235200.57,42981950.43
5717,2025-10-26,Amy Johnson,Luxury,BMW X5,Mumbai,White,Electric,Automatic,Online,3,9827280.0,2.0,29481840.0,589636.8,28892203.2
5718,2025-11-04,Karen Johnson,Corporate,BMW X3,Kochi,Red,Hybrid,Automatic,Online,2,7431588.0,7.0,14863176.0,1040422.32,13822753.68
5719,2026-05-15,Wendy Davis,Corporate,BMW X7,Delhi,Grey,Diesel,Automatic,Corporate,1,13181997.0,10.0,13181997.0,1318199.7,11863797.3
5720,2025-01-01,Rhonda Marquez,Individual,BMW 3 Series,Ahmedabad,Black,Petrol,Automatic,Dealer,1,5599328.0,12.0,5599328.0,671919.36,4927408.64
5721,2025-03-08,Anthony Morgan,Individual,BMW X3,Delhi,Grey,Electric,Automatic,Dealer,1,7598302.0,5.0,7598302.0,379915.1,7218386.9
5722,2024-03-23,James Ortega,Corporate,BMW i5,Ahmedabad,Silver,Petrol,Automatic,Online,3,9644644.0,10.0,28933932.0,2893393.2,26040538.8
5723,2024-04-25,Pamela Cunningham,Individual,BMW i7,Bangalore,Silver,Petrol,Manual,Corporate,1,17467120.0,12.0,17467120.0,2096054.4,15371065.6
5724,2026-06-20,Michael Martin,Individual,BMW X1,Bangalore,Black,Electric,Automatic,Corporate,3,5615384.0,2.0,16846152.0,336923.04,16509228.96
5725,2026-07-10,Robert Reynolds,Corporate,BMW X7,Delhi,White,Petrol,Automatic,Dealer,2,12237390.0,0.0,24474780.0,0.0,24474780.0
5726,2025-09-03,Sherry Smith,Individual,BMW X3,Mumbai,Blue,Petrol,Automatic,Online,1,6657370.0,5.0,6657370.0,332868.5,6324501.5
5727,2024-11-13,Gerald Cooper DDS,Individual,BMW i5,Jaipur,Black,Hybrid,Manual,Online,3,9955691.0,5.0,29867073.0,1493353.65,28373719.35
5728,2023-11-19,Cheryl Alvarez,Corporate,BMW i4,Pune,Black,Electric,Automatic,Dealer,1,8357868.0,5.0,8357868.0,417893.4,7939974.6
5729,2024-09-19,Mrs. Kristin Campbell MD,Corporate,BMW X5,Kolkata,Black,Electric,Automatic,Online,3,9588162.0,5.0,28764486.0,1438224.3,27326261.7
5730,2024-09-21,Sherry Bass,Individual,BMW 3 Series,Hyderabad,Red,Hybrid,Automatic,Online,2,4636399.0,2.0,9272798.0,185455.96,9087342.04
5731,2025-09-20,Jason Morgan,Corporate,BMW 5 Series,Bangalore,White,Hybrid,Automatic,Dealer,3,6666246.0,7.0,19998738.0,1399911.66,18598826.34
5732,2026-01-14,Sarah Booth,Luxury,BMW X5,Kochi,Black,Hybrid,Automatic,Online,2,10308695.0,0.0,20617390.0,0.0,20617390.0
5733,2026-03-28,Katelyn Gonzales,Individual,BMW X5,Chennai,White,Electric,Manual,Dealer,3,10568520.0,7.0,31705560.0,2219389.2,29486170.8
5734,2023-12-09,Thomas West,Corporate,BMW 3 Series,Ahmedabad,White,Diesel,Automatic,Dealer,2,4919573.0,0.0,9839146.0,0.0,9839146.0
5735,2023-11-19,Cody Garcia,Individual,BMW X5,Chennai,Blue,Diesel,Manual,Corporate,3,11789000.0,5.0,35367000.0,1768350.0,33598650.0
5736,2026-05-19,Betty Bennett,Corporate,BMW i5,Kolkata,Red,Hybrid,Automatic,Dealer,1,10508293.0,12.0,10508293.0,1260995.16,9247297.84
5737,2025-05-09,Sharon Mason,Luxury,BMW X1,Kolkata,Black,Diesel,Automatic,Dealer,1,5081738.0,12.0,5081738.0,609808.56,4471929.44
5738,2023-09-16,Angela Walls,Luxury,BMW X3,Chennai,Silver,Petrol,Automatic,Corporate,3,6553981.0,10.0,19661943.0,1966194.3,17695748.7
5739,2026-02-11,Darren Reynolds,Corporate,BMW i4,Bangalore,Silver,Diesel,Manual,Corporate,1,8231513.0,12.0,8231513.0,987781.56,7243731.44
5740,2023-10-08,Jamie Hall,Corporate,BMW 5 Series,Pune,Red,Diesel,Manual,Corporate,3,7988932.0,5.0,23966796.0,1198339.8,22768456.2
5741,2023-11-26,Jamie Dudley,Corporate,BMW X1,Delhi,White,Hybrid,Manual,Corporate,2,6484140.0,0.0,12968280.0,0.0,12968280.0
5742,2026-03-08,Caleb Lee,Corporate,BMW 7 Series,Ahmedabad,Grey,Hybrid,Manual,Corporate,3,16037164.0,12.0,48111492.0,5773379.04,42338112.96
5743,2026-03-06,Jennifer Rhodes,Individual,BMW 5 Series,Bangalore,White,Diesel,Manual,Online,2,6578696.0,0.0,13157392.0,0.0,13157392.0
5744,2025-03-16,Donna Thompson,Corporate,BMW X1,Chennai,Grey,Diesel,Manual,Online,2,5893527.0,7.0,11787054.0,825093.78,10961960.22
5745,2024-10-26,Annette Torres,Individual,BMW i5,Bangalore,Red,Diesel,Manual,Corporate,2,9024269.0,0.0,18048538.0,0.0,18048538.0
5746,2026-01-09,Lisa Summers,Luxury,BMW i7,Mumbai,Silver,Diesel,Automatic,Dealer,2,16655219.0,0.0,33310438.0,0.0,33310438.0
5747,2025-02-06,Robert Snyder,Corporate,BMW X5,Ahmedabad,Red,Diesel,Automatic,Online,1,11917317.0,0.0,11917317.0,0.0,11917317.0
5748,2025-03-23,Darrell Perez,Luxury,BMW 5 Series,Kolkata,Black,Hybrid,Automatic,Online,1,7848326.0,0.0,7848326.0,0.0,7848326.0
5749,2025-08-18,Hannah Hicks,Individual,BMW 5 Series,Hyderabad,Black,Hybrid,Manual,Dealer,3,7299761.0,7.0,21899283.0,1532949.81,20366333.19
5750,2023-10-23,Bryan Hughes,Luxury,BMW 3 Series,Jaipur,White,Petrol,Automatic,Corporate,1,5068052.0,12.0,5068052.0,608166.24,4459885.76
5751,2024-09-19,Stephen Tucker,Individual,BMW i4,Kolkata,Black,Hybrid,Automatic,Dealer,1,8013778.0,7.0,8013778.0,560964.46,7452813.54
5752,2025-07-25,Erik Mckinney,Luxury,BMW i7,Kochi,Grey,Hybrid,Manual,Online,2,16718626.0,0.0,33437252.0,0.0,33437252.0
5753,2026-03-23,Duane Mccoy,Luxury,BMW X7,Chennai,Blue,Petrol,Automatic,Dealer,3,15322076.0,5.0,45966228.0,2298311.4,43667916.6
5754,2023-09-09,Tony Rodriguez,Corporate,BMW X5,Chennai,Black,Hybrid,Automatic,Dealer,3,9723720.0,2.0,29171160.0,583423.2,28587736.8
5755,2025-06-19,Kevin Cummings,Corporate,BMW i7,Jaipur,Blue,Hybrid,Manual,Dealer,1,17478970.0,5.0,17478970.0,873948.5,16605021.5
5756,2026-05-06,Maria Jones,Corporate,BMW i7,Kochi,White,Electric,Automatic,Dealer,2,17140730.0,0.0,34281460.0,0.0,34281460.0
5757,2024-03-12,Susan Gonzalez,Corporate,BMW X7,Chennai,White,Petrol,Manual,Dealer,1,13559450.0,12.0,13559450.0,1627134.0,11932316.0
5758,2026-02-14,Dawn Gilbert,Corporate,BMW i7,Bangalore,Black,Electric,Automatic,Online,3,17197410.0,10.0,51592230.0,5159223.0,46433007.0
5759,2023-10-20,Christopher Jackson,Corporate,BMW i5,Delhi,White,Petrol,Manual,Online,1,10279082.0,2.0,10279082.0,205581.64,10073500.36
5760,2024-05-21,George Mcintosh,Individual,BMW i7,Bangalore,Grey,Electric,Manual,Corporate,2,14498702.0,7.0,28997404.0,2029818.28,26967585.72
5761,2025-11-05,Erika Velasquez,Corporate,BMW 3 Series,Delhi,Silver,Diesel,Automatic,Online,2,4894841.0,5.0,9789682.0,489484.1,9300197.9
5762,2025-01-15,James Rivera,Individual,BMW X5,Hyderabad,Black,Diesel,Manual,Dealer,3,10243914.0,5.0,30731742.0,1536587.1,29195154.9
5763,2024-01-27,Terry Dillon,Corporate,BMW i7,Chennai,Blue,Hybrid,Manual,Online,2,14893003.0,7.0,29786006.0,2085020.42,27700985.58
5764,2025-10-01,Samantha Becker,Luxury,BMW i4,Pune,Blue,Diesel,Manual,Corporate,2,7426515.0,0.0,14853030.0,0.0,14853030.0
5765,2024-11-12,Lisa Allen,Individual,BMW i4,Delhi,Grey,Petrol,Automatic,Dealer,3,7423497.0,2.0,22270491.0,445409.82,21825081.18
5766,2026-06-11,Christopher Murphy,Individual,BMW i4,Jaipur,White,Hybrid,Automatic,Dealer,3,7093878.0,0.0,21281634.0,0.0,21281634.0
5767,2024-08-20,Stephanie Brooks,Corporate,BMW 3 Series,Mumbai,Red,Diesel,Automatic,Dealer,1,5829620.0,0.0,5829620.0,0.0,5829620.0
5768,2024-01-30,Keith Carter,Corporate,BMW X7,Chennai,Black,Hybrid,Manual,Corporate,3,14505170.0,10.0,43515510.0,4351551.0,39163959.0
5769,2024-05-31,Summer Lopez,Luxury,BMW i5,Jaipur,Grey,Hybrid,Automatic,Dealer,2,10691645.0,0.0,21383290.0,0.0,21383290.0
5770,2026-06-15,Lori Hopkins,Individual,BMW i4,Kolkata,Red,Petrol,Manual,Corporate,2,7546792.0,5.0,15093584.0,754679.2,14338904.8
5771,2026-04-27,Jessica Butler,Corporate,BMW X3,Kolkata,White,Diesel,Automatic,Corporate,2,6657060.0,12.0,13314120.0,1597694.4,11716425.6
5772,2024-04-09,Elizabeth Mcmahon,Individual,BMW i4,Hyderabad,Blue,Electric,Automatic,Corporate,1,7904978.0,0.0,7904978.0,0.0,7904978.0
5773,2025-11-11,Andre Morgan,Corporate,BMW X7,Chennai,Silver,Electric,Manual,Corporate,1,15127550.0,10.0,15127550.0,1512755.0,13614795.0
5774,2024-07-07,William Jenkins,Luxury,BMW X5,Kochi,Red,Electric,Manual,Corporate,1,10096072.0,12.0,10096072.0,1211528.64,8884543.36
5775,2025-07-17,Peter Williams,Corporate,BMW X7,Delhi,White,Diesel,Manual,Online,3,15663914.0,10.0,46991742.0,4699174.2,42292567.8
5776,2026-07-09,Vickie Newton,Luxury,BMW X1,Kochi,White,Diesel,Manual,Online,3,5132940.0,0.0,15398820.0,0.0,15398820.0
5777,2026-06-11,Heather Watkins,Luxury,BMW X7,Bangalore,Blue,Electric,Automatic,Corporate,3,15292090.0,5.0,45876270.0,2293813.5,43582456.5
5778,2025-08-27,Cody White,Luxury,BMW X1,Ahmedabad,Silver,Petrol,Automatic,Online,2,5486218.0,12.0,10972436.0,1316692.32,9655743.68
5779,2023-12-12,Mrs. Cynthia Vargas,Corporate,BMW i4,Pune,Red,Electric,Manual,Dealer,3,7467086.0,7.0,22401258.0,1568088.06,20833169.94
5780,2024-02-17,Maria Chaney,Individual,BMW 5 Series,Jaipur,Blue,Diesel,Automatic,Dealer,1,8000148.0,12.0,8000148.0,960017.76,7040130.24
5781,2024-06-01,William Garcia,Individual,BMW X3,Kochi,Red,Electric,Automatic,Online,3,6848001.0,7.0,20544003.0,1438080.21,19105922.79
5782,2026-04-08,Charles Jones,Corporate,BMW X7,Bangalore,Black,Hybrid,Manual,Corporate,1,13331040.0,2.0,13331040.0,266620.8,13064419.2
5783,2025-08-03,Joe Medina,Corporate,BMW 3 Series,Jaipur,Black,Petrol,Automatic,Online,3,6453244.0,7.0,19359732.0,1355181.24,18004550.76
5784,2023-11-29,William Taylor,Luxury,BMW X5,Jaipur,White,Electric,Automatic,Online,3,11369733.0,12.0,34109199.0,4093103.88,30016095.12
5785,2025-10-15,Jessica Herrera,Luxury,BMW X7,Pune,White,Electric,Manual,Corporate,1,14316784.0,10.0,14316784.0,1431678.4,12885105.6
5786,2024-11-11,Tiffany Roth,Luxury,BMW 3 Series,Delhi,Blue,Petrol,Automatic,Corporate,2,6013931.0,12.0,12027862.0,1443343.44,10584518.56
5787,2024-11-04,Trevor Jackson,Luxury,BMW X7,Mumbai,Blue,Hybrid,Manual,Dealer,1,14210421.0,12.0,14210421.0,1705250.52,12505170.48
5788,2026-06-11,Cathy Walsh,Individual,BMW i5,Bangalore,Red,Hybrid,Automatic,Corporate,2,9539995.0,10.0,19079990.0,1907999.0,17171991.0
5789,2026-07-03,April Clark MD,Corporate,BMW X7,Pune,Red,Diesel,Automatic,Corporate,1,12944258.0,12.0,12944258.0,1553310.96,11390947.04
5790,2024-02-19,Monica Hughes,Corporate,BMW X1,Chennai,Red,Petrol,Automatic,Corporate,1,6005315.0,7.0,6005315.0,420372.05,5584942.95
5791,2025-04-29,Melvin Adams,Luxury,BMW i5,Ahmedabad,Black,Electric,Automatic,Corporate,2,10082939.0,0.0,20165878.0,0.0,20165878.0
5792,2025-06-27,Ryan Williams,Corporate,BMW X1,Mumbai,White,Diesel,Manual,Online,2,5581229.0,0.0,11162458.0,0.0,11162458.0
5793,2026-06-16,John Gentry,Luxury,BMW 5 Series,Jaipur,Red,Petrol,Manual,Online,1,6937749.0,7.0,6937749.0,485642.43,6452106.57
5794,2025-06-22,Steven Quinn,Individual,BMW X3,Hyderabad,Blue,Diesel,Automatic,Dealer,1,7234125.0,7.0,7234125.0,506388.75,6727736.25
5795,2024-06-21,Brendan Richardson,Luxury,BMW i7,Pune,Silver,Petrol,Manual,Online,3,17464792.0,0.0,52394376.0,0.0,52394376.0
5796,2025-07-01,Michael Wright,Luxury,BMW i4,Ahmedabad,Black,Electric,Automatic,Online,2,7698231.0,0.0,15396462.0,0.0,15396462.0
5797,2023-12-05,Daniel Allen,Individual,BMW i4,Kolkata,White,Hybrid,Manual,Dealer,1,8495226.0,12.0,8495226.0,1019427.12,7475798.88
5798,2026-05-28,Brittany Ward,Corporate,BMW X7,Bangalore,Grey,Electric,Automatic,Dealer,1,13128785.0,5.0,13128785.0,656439.25,12472345.75
5799,2026-08-07,Kelly Watson,Luxury,BMW X7,Mumbai,Grey,Hybrid,Automatic,Online,3,12628437.0,5.0,37885311.0,1894265.55,35991045.45
5800,2026-07-25,Steven Greer,Luxury,BMW i5,Hyderabad,White,Hybrid,Manual,Online,2,10466856.0,12.0,20933712.0,2512045.44,18421666.56
5801,2024-10-02,Thomas Martin,Corporate,BMW 5 Series,Ahmedabad,Grey,Electric,Manual,Dealer,1,7606235.0,12.0,7606235.0,912748.2,6693486.8
5802,2024-05-20,Autumn Wilson,Luxury,BMW 3 Series,Kolkata,Black,Petrol,Manual,Online,2,4643267.0,7.0,9286534.0,650057.38,8636476.62
5803,2024-02-01,Sarah Lee,Luxury,BMW 5 Series,Kochi,Silver,Petrol,Automatic,Corporate,2,7292415.0,0.0,14584830.0,0.0,14584830.0
5804,2024-02-16,Ryan Barker,Individual,BMW 7 Series,Pune,White,Electric,Manual,Online,3,17458782.0,10.0,52376346.0,5237634.6,47138711.4
5805,2024-03-07,Jennifer White DDS,Corporate,BMW i5,Mumbai,Grey,Hybrid,Manual,Online,3,10312547.0,7.0,30937641.0,2165634.87,28772006.13
5806,2024-01-17,Alexis Medina,Individual,BMW 3 Series,Hyderabad,Black,Electric,Manual,Dealer,2,4970624.0,7.0,9941248.0,695887.36,9245360.64
5807,2024-06-08,Jennifer Long,Corporate,BMW i4,Delhi,Red,Diesel,Manual,Corporate,1,8381376.0,2.0,8381376.0,167627.52,8213748.48
5808,2024-07-05,Tracy Morales,Corporate,BMW X7,Pune,Silver,Hybrid,Manual,Online,3,12758495.0,2.0,38275485.0,765509.7,37509975.3
5809,2024-09-29,Tina Smith,Individual,BMW 7 Series,Ahmedabad,Silver,Electric,Automatic,Online,2,17102398.0,5.0,34204796.0,1710239.8,32494556.2
5810,2024-12-27,Marco White,Luxury,BMW i7,Jaipur,Red,Hybrid,Manual,Online,3,17170834.0,2.0,51512502.0,1030250.04,50482251.96
5811,2026-04-27,Christopher Stewart,Luxury,BMW X5,Mumbai,Silver,Diesel,Automatic,Dealer,3,11174828.0,5.0,33524484.0,1676224.2,31848259.8
5812,2025-03-14,Christopher Blackwell,Corporate,BMW i7,Delhi,Blue,Electric,Manual,Online,1,15837248.0,5.0,15837248.0,791862.4,15045385.6
5813,2026-07-11,Joyce Petersen,Corporate,BMW i5,Mumbai,Black,Petrol,Manual,Corporate,3,10279963.0,12.0,30839889.0,3700786.68,27139102.32
5814,2024-08-24,Brendan Burns,Luxury,BMW i7,Hyderabad,Blue,Diesel,Manual,Dealer,2,17501493.0,0.0,35002986.0,0.0,35002986.0
5815,2025-05-19,Lisa Frye,Luxury,BMW i5,Ahmedabad,Red,Diesel,Manual,Corporate,2,9131654.0,12.0,18263308.0,2191596.96,16071711.04
5816,2026-03-04,Laura Smith,Luxury,BMW X3,Mumbai,Red,Hybrid,Automatic,Online,1,6551700.0,10.0,6551700.0,655170.0,5896530.0
5817,2024-10-20,Kimberly Gonzales,Corporate,BMW X3,Delhi,White,Electric,Automatic,Corporate,2,6870649.0,0.0,13741298.0,0.0,13741298.0
5818,2024-05-22,Mary Taylor,Corporate,BMW X7,Jaipur,Silver,Petrol,Manual,Dealer,2,14202671.0,12.0,28405342.0,3408641.04,24996700.96
5819,2026-02-22,Kristen Patterson,Individual,BMW X3,Hyderabad,Grey,Hybrid,Automatic,Online,1,7522654.0,5.0,7522654.0,376132.7,7146521.3
5820,2026-06-16,Lori Kramer,Corporate,BMW i4,Jaipur,Red,Petrol,Manual,Dealer,1,7956519.0,7.0,7956519.0,556956.33,7399562.67
5821,2024-11-28,Kyle Matthews Jr.,Individual,BMW X7,Hyderabad,White,Hybrid,Manual,Dealer,3,12272536.0,7.0,36817608.0,2577232.56,34240375.44
5822,2024-08-17,Bailey Hampton,Luxury,BMW i5,Ahmedabad,Black,Diesel,Automatic,Corporate,1,9414163.0,5.0,9414163.0,470708.15,8943454.85
5823,2026-01-09,Sarah Jones,Corporate,BMW 5 Series,Kolkata,Black,Hybrid,Automatic,Corporate,2,7391629.0,12.0,14783258.0,1773990.96,13009267.04
5824,2024-08-16,Michael Aguilar,Corporate,BMW X7,Kochi,Silver,Hybrid,Manual,Dealer,3,15038271.0,10.0,45114813.0,4511481.3,40603331.7
5825,2025-10-13,Kyle Vargas,Corporate,BMW 5 Series,Jaipur,Grey,Diesel,Automatic,Online,1,6790699.0,5.0,6790699.0,339534.95,6451164.05
5826,2024-12-12,Cristian Brown,Corporate,BMW X7,Jaipur,Silver,Hybrid,Automatic,Online,2,13776739.0,0.0,27553478.0,0.0,27553478.0
5827,2024-06-23,Patricia Stephens,Corporate,BMW 5 Series,Delhi,Blue,Hybrid,Automatic,Online,3,7588029.0,10.0,22764087.0,2276408.7,20487678.3
5828,2026-07-10,Vanessa Howard,Individual,BMW i5,Pune,Blue,Diesel,Automatic,Corporate,1,10450927.0,2.0,10450927.0,209018.54,10241908.46
5829,2026-06-22,Tabitha Lawrence,Corporate,BMW X1,Delhi,White,Electric,Manual,Dealer,1,5147182.0,7.0,5147182.0,360302.74,4786879.26
5830,2026-05-17,Daniel Carr,Individual,BMW X3,Ahmedabad,Blue,Diesel,Automatic,Corporate,1,6701085.0,5.0,6701085.0,335054.25,6366030.75
5831,2025-08-07,Keith Adams,Individual,BMW 5 Series,Kochi,Black,Petrol,Manual,Online,1,7198870.0,7.0,7198870.0,503920.9,6694949.1
5832,2024-07-10,Thomas Nelson,Individual,BMW i4,Ahmedabad,Red,Diesel,Automatic,Dealer,2,8369773.0,12.0,16739546.0,2008745.52,14730800.48
5833,2024-10-06,Shawn Navarro,Corporate,BMW X7,Delhi,White,Diesel,Manual,Dealer,1,13311617.0,10.0,13311617.0,1331161.7,11980455.3
5834,2026-06-22,Sara Kelly,Luxury,BMW X5,Pune,White,Diesel,Automatic,Dealer,1,9534045.0,5.0,9534045.0,476702.25,9057342.75
5835,2024-08-26,Anthony Roberts,Corporate,BMW 3 Series,Bangalore,Silver,Hybrid,Manual,Corporate,2,4836585.0,5.0,9673170.0,483658.5,9189511.5
5836,2024-06-24,Bruce Mckay,Corporate,BMW 5 Series,Delhi,Red,Electric,Manual,Dealer,3,7714930.0,12.0,23144790.0,2777374.8,20367415.2
5837,2025-09-02,Samuel Smith,Corporate,BMW X1,Bangalore,Blue,Hybrid,Automatic,Corporate,2,6474050.0,0.0,12948100.0,0.0,12948100.0
5838,2026-04-18,Corey Washington DVM,Corporate,BMW X1,Hyderabad,White,Electric,Manual,Online,1,5086219.0,5.0,5086219.0,254310.95,4831908.05
5839,2024-12-20,Gabriella Price,Luxury,BMW X1,Kolkata,Red,Diesel,Manual,Online,3,5987399.0,10.0,17962197.0,1796219.7,16165977.3
5840,2024-11-08,Kathy Mcpherson,Individual,BMW X1,Kolkata,Blue,Electric,Automatic,Corporate,2,6326881.0,12.0,12653762.0,1518451.44,11135310.56
5841,2023-12-18,Lisa Kim,Luxury,BMW X7,Mumbai,Grey,Diesel,Automatic,Dealer,1,15152401.0,7.0,15152401.0,1060668.07,14091732.93
5842,2024-11-21,Samuel Brown,Individual,BMW X7,Chennai,Blue,Diesel,Automatic,Dealer,1,13152401.0,10.0,13152401.0,1315240.1,11837160.9
5843,2025-11-18,Jessica Smith,Corporate,BMW i7,Hyderabad,White,Electric,Automatic,Corporate,2,15117179.0,5.0,30234358.0,1511717.9,28722640.1
5844,2023-10-05,Victoria Salazar,Individual,BMW i4,Jaipur,Red,Diesel,Manual,Dealer,1,7355434.0,10.0,7355434.0,735543.4,6619890.6
5845,2026-03-28,Andrea Gutierrez,Luxury,BMW 5 Series,Hyderabad,Red,Diesel,Automatic,Corporate,1,8452557.0,2.0,8452557.0,169051.14,8283505.86
5846,2024-03-08,Kevin Hood,Corporate,BMW 3 Series,Bangalore,Silver,Electric,Manual,Online,1,5274018.0,12.0,5274018.0,632882.16,4641135.84
5847,2024-10-03,Jon Nolan,Individual,BMW X7,Bangalore,Silver,Hybrid,Automatic,Dealer,3,13822746.0,0.0,41468238.0,0.0,41468238.0
5848,2026-02-13,Sarah Cummings,Luxury,BMW X3,Chennai,Silver,Electric,Manual,Dealer,2,6512859.0,12.0,13025718.0,1563086.16,11462631.84
5849,2026-08-09,John Charles,Corporate,BMW 5 Series,Mumbai,White,Hybrid,Automatic,Online,2,6748523.0,2.0,13497046.0,269940.92,13227105.08
5850,2026-07-17,Michelle Kim DDS,Corporate,BMW X3,Mumbai,Black,Petrol,Manual,Corporate,1,6889577.0,12.0,6889577.0,826749.24,6062827.76
5851,2025-10-29,Brenda Sanford,Luxury,BMW X5,Kochi,Silver,Hybrid,Automatic,Online,3,10045480.0,0.0,30136440.0,0.0,30136440.0
5852,2025-01-18,David Summers,Corporate,BMW i7,Chennai,Grey,Electric,Automatic,Corporate,1,16526093.0,2.0,16526093.0,330521.86,16195571.14
5853,2025-10-31,Colleen Vega,Luxury,BMW X7,Pune,Black,Electric,Manual,Corporate,3,14933327.0,2.0,44799981.0,895999.62,43903981.38
5854,2026-03-29,William Smith,Individual,BMW X1,Kolkata,Black,Hybrid,Automatic,Dealer,3,5052551.0,0.0,15157653.0,0.0,15157653.0
5855,2024-06-01,Rodney Pacheco,Luxury,BMW X5,Mumbai,Grey,Electric,Automatic,Online,1,11246311.0,10.0,11246311.0,1124631.1,10121679.9
5856,2024-05-21,William Lewis,Individual,BMW X5,Mumbai,White,Diesel,Automatic,Corporate,3,10618840.0,7.0,31856520.0,2229956.4,29626563.6
5857,2025-12-02,David Brown,Luxury,BMW X7,Chennai,White,Electric,Automatic,Dealer,1,15967479.0,5.0,15967479.0,798373.95,15169105.05
5858,2024-02-23,Amanda Fisher,Luxury,BMW X5,Mumbai,Silver,Diesel,Manual,Corporate,2,10251061.0,7.0,20502122.0,1435148.54,19066973.46
5859,2025-05-31,Christopher Fischer,Individual,BMW i5,Jaipur,Black,Electric,Manual,Online,3,10356570.0,10.0,31069710.0,3106971.0,27962739.0
5860,2024-12-17,Kimberly Davis,Luxury,BMW X7,Delhi,Blue,Electric,Automatic,Online,3,14312604.0,5.0,42937812.0,2146890.6,40790921.4
5861,2025-11-30,Charles Smith,Luxury,BMW i7,Mumbai,Black,Electric,Manual,Online,3,14683602.0,5.0,44050806.0,2202540.3,41848265.7
5862,2025-04-17,Crystal Johnson,Luxury,BMW 5 Series,Bangalore,White,Electric,Automatic,Dealer,3,8411889.0,10.0,25235667.0,2523566.7,22712100.3
5863,2025-09-23,Audrey Palmer,Corporate,BMW 3 Series,Mumbai,Black,Hybrid,Manual,Online,3,5576033.0,10.0,16728099.0,1672809.9,15055289.1
5864,2026-05-26,Jennifer Warren,Luxury,BMW 3 Series,Kochi,White,Petrol,Manual,Corporate,3,6319021.0,5.0,18957063.0,947853.15,18009209.85
5865,2025-08-11,Patty Rivera,Individual,BMW X7,Jaipur,Blue,Diesel,Manual,Corporate,3,15671363.0,0.0,47014089.0,0.0,47014089.0
5866,2025-11-05,Katie Anderson,Luxury,BMW 3 Series,Chennai,Silver,Diesel,Manual,Corporate,3,6162834.0,12.0,18488502.0,2218620.24,16269881.76
5867,2023-08-23,Linda Villanueva,Corporate,BMW X5,Ahmedabad,Silver,Petrol,Automatic,Dealer,1,11655544.0,10.0,11655544.0,1165554.4,10489989.6
5868,2025-11-19,Dr. Randy Oneill,Luxury,BMW X1,Ahmedabad,White,Petrol,Manual,Corporate,1,5988791.0,0.0,5988791.0,0.0,5988791.0
5869,2025-05-08,Mrs. Lydia Bullock,Luxury,BMW X7,Kochi,Red,Electric,Automatic,Dealer,3,14694667.0,5.0,44084001.0,2204200.05,41879800.95
5870,2024-07-18,Daniel Jenkins,Individual,BMW i4,Delhi,Black,Diesel,Manual,Corporate,2,8091571.0,10.0,16183142.0,1618314.2,14564827.8
5871,2024-12-27,Alejandro Shelton,Individual,BMW i7,Pune,Blue,Petrol,Manual,Corporate,3,16899779.0,0.0,50699337.0,0.0,50699337.0
5872,2026-01-16,Ashley Marquez,Corporate,BMW 5 Series,Jaipur,Silver,Hybrid,Automatic,Dealer,1,6711764.0,12.0,6711764.0,805411.68,5906352.32
5873,2025-06-09,Kenneth Phillips,Luxury,BMW 3 Series,Chennai,Blue,Petrol,Automatic,Dealer,3,5079128.0,5.0,15237384.0,761869.2,14475514.8
5874,2026-02-17,Jeremy Brown,Individual,BMW X3,Jaipur,Red,Electric,Manual,Online,1,6717120.0,12.0,6717120.0,806054.4,5911065.6
5875,2025-05-28,Willie Santos,Individual,BMW X5,Mumbai,Blue,Electric,Manual,Online,2,11899918.0,2.0,23799836.0,475996.72,23323839.28
5876,2024-12-25,Anita Marshall,Individual,BMW X3,Bangalore,Silver,Hybrid,Automatic,Dealer,3,6825826.0,12.0,20477478.0,2457297.36,18020180.64
5877,2026-06-12,Phyllis Cruz,Individual,BMW i7,Mumbai,Blue,Diesel,Manual,Online,1,16773859.0,0.0,16773859.0,0.0,16773859.0
5878,2026-07-21,Loretta Strickland,Corporate,BMW X7,Bangalore,Red,Diesel,Automatic,Corporate,1,12464237.0,5.0,12464237.0,623211.85,11841025.15
5879,2025-01-17,Shelby Kramer,Individual,BMW 3 Series,Kochi,White,Hybrid,Automatic,Dealer,3,5351911.0,5.0,16055733.0,802786.65,15252946.35
5880,2025-07-13,Heather Burnett,Individual,BMW X7,Kolkata,Red,Petrol,Automatic,Dealer,3,14996215.0,5.0,44988645.0,2249432.25,42739212.75
5881,2024-11-28,Stephanie Hensley,Corporate,BMW 5 Series,Hyderabad,Silver,Petrol,Automatic,Online,1,7988155.0,2.0,7988155.0,159763.1,7828391.9
5882,2026-05-27,Joseph Mitchell,Individual,BMW i7,Kolkata,Grey,Hybrid,Automatic,Dealer,2,15414569.0,12.0,30829138.0,3699496.56,27129641.44
5883,2024-10-24,Miss Robin Ross,Corporate,BMW i5,Mumbai,Black,Electric,Automatic,Online,3,9814178.0,5.0,29442534.0,1472126.7,27970407.3
5884,2026-07-29,Frederick Graham,Luxury,BMW X7,Hyderabad,Silver,Hybrid,Manual,Corporate,3,12734908.0,0.0,38204724.0,0.0,38204724.0
5885,2025-01-19,Nicole Lara,Luxury,BMW 3 Series,Pune,Silver,Petrol,Manual,Corporate,3,4918830.0,12.0,14756490.0,1770778.8,12985711.2
5886,2025-04-07,Timothy Nunez,Luxury,BMW X5,Chennai,Silver,Petrol,Manual,Dealer,1,10633833.0,10.0,10633833.0,1063383.3,9570449.7
5887,2026-07-28,John Werner,Luxury,BMW X7,Hyderabad,White,Petrol,Automatic,Corporate,2,13389819.0,7.0,26779638.0,1874574.66,24905063.34
5888,2025-12-08,Tanya Harris,Corporate,BMW i4,Hyderabad,Black,Electric,Automatic,Corporate,2,7979085.0,0.0,15958170.0,0.0,15958170.0
5889,2026-06-29,Gregory Elliott,Corporate,BMW i4,Kochi,Black,Electric,Manual,Dealer,3,8067313.0,12.0,24201939.0,2904232.68,21297706.32
5890,2023-08-21,Candice Stout,Corporate,BMW i5,Delhi,Blue,Diesel,Manual,Dealer,2,10243518.0,12.0,20487036.0,2458444.32,18028591.68
5891,2024-06-12,Richard Alexander,Individual,BMW X5,Hyderabad,White,Diesel,Manual,Online,1,10077672.0,7.0,10077672.0,705437.04,9372234.96
5892,2023-10-29,Peter Schmidt,Individual,BMW i5,Ahmedabad,White,Petrol,Automatic,Dealer,3,10942347.0,12.0,32827041.0,3939244.92,28887796.08
5893,2025-12-20,Benjamin Pruitt,Luxury,BMW i7,Bangalore,Grey,Electric,Automatic,Corporate,2,16699251.0,2.0,33398502.0,667970.04,32730531.96
5894,2026-04-25,Robert Tran,Luxury,BMW X1,Delhi,Silver,Electric,Manual,Dealer,1,5305365.0,5.0,5305365.0,265268.25,5040096.75
5895,2025-09-28,Jason Cuevas,Individual,BMW X1,Bangalore,White,Electric,Automatic,Dealer,2,5610291.0,7.0,11220582.0,785440.74,10435141.26
5896,2025-12-06,Gregory Lopez,Individual,BMW 3 Series,Hyderabad,Black,Petrol,Automatic,Dealer,1,5088518.0,2.0,5088518.0,101770.36,4986747.64
5897,2025-10-30,Kyle Johnson,Individual,BMW 5 Series,Delhi,White,Petrol,Manual,Online,2,7389807.0,5.0,14779614.0,738980.7,14040633.3
5898,2024-06-23,Zachary Barnes,Luxury,BMW i4,Jaipur,Blue,Electric,Automatic,Dealer,3,8421635.0,0.0,25264905.0,0.0,25264905.0
5899,2026-07-21,Charles Martinez,Luxury,BMW i4,Ahmedabad,Grey,Petrol,Manual,Online,3,7049361.0,2.0,21148083.0,422961.66,20725121.34
5900,2026-07-13,Angela Long,Corporate,BMW X7,Kochi,Red,Hybrid,Automatic,Online,3,15921807.0,7.0,47765421.0,3343579.47,44421841.53
5901,2026-04-06,Ashley Schneider,Individual,BMW i7,Kolkata,Black,Diesel,Manual,Online,2,16717765.0,0.0,33435530.0,0.0,33435530.0
5902,2025-10-19,Monique Adams,Luxury,BMW X7,Delhi,Grey,Diesel,Manual,Online,3,14592614.0,7.0,43777842.0,3064448.94,40713393.06
5903,2026-02-04,Angel Johnson,Individual,BMW X1,Mumbai,Black,Petrol,Manual,Dealer,2,6184339.0,10.0,12368678.0,1236867.8,11131810.2
5904,2023-10-13,Barbara Perez,Individual,BMW i7,Delhi,Silver,Electric,Automatic,Dealer,2,16093388.0,0.0,32186776.0,0.0,32186776.0
5905,2025-01-16,Lindsay Martinez,Individual,BMW 5 Series,Bangalore,Silver,Electric,Automatic,Corporate,2,6802060.0,0.0,13604120.0,0.0,13604120.0
5906,2025-12-15,Matthew Hodges,Luxury,BMW X5,Kochi,Silver,Diesel,Automatic,Dealer,1,10437006.0,12.0,10437006.0,1252440.72,9184565.28
5907,2025-12-04,William Nelson,Luxury,BMW X3,Mumbai,Black,Hybrid,Manual,Corporate,1,6945006.0,7.0,6945006.0,486150.42,6458855.58
5908,2024-02-08,David Owen,Corporate,BMW i4,Delhi,Red,Hybrid,Automatic,Dealer,2,8422306.0,7.0,16844612.0,1179122.84,15665489.16
5909,2026-04-06,Gina Delacruz,Individual,BMW 5 Series,Kochi,Blue,Petrol,Automatic,Online,3,7605309.0,10.0,22815927.0,2281592.7,20534334.3
5910,2023-09-04,Kendra Nelson,Corporate,BMW i4,Jaipur,Red,Petrol,Automatic,Dealer,1,7951379.0,2.0,7951379.0,159027.58,7792351.42
5911,2024-04-14,Tara Lewis,Individual,BMW X5,Pune,White,Hybrid,Manual,Dealer,2,11663339.0,0.0,23326678.0,0.0,23326678.0
5912,2025-12-28,Christopher Tucker,Luxury,BMW X7,Hyderabad,Red,Electric,Manual,Corporate,2,15036266.0,5.0,30072532.0,1503626.6,28568905.4
5913,2026-07-02,Tanya Smith,Individual,BMW X1,Ahmedabad,Silver,Hybrid,Manual,Corporate,2,5145100.0,7.0,10290200.0,720314.0,9569886.0
5914,2025-04-30,Cameron Schroeder,Corporate,BMW 3 Series,Pune,Silver,Petrol,Automatic,Corporate,3,5855044.0,7.0,17565132.0,1229559.24,16335572.76
5915,2026-07-27,Ana Ryan,Luxury,BMW X3,Delhi,White,Hybrid,Manual,Corporate,1,7085301.0,0.0,7085301.0,0.0,7085301.0
5916,2025-01-19,Randy Marsh,Corporate,BMW X3,Hyderabad,Grey,Diesel,Manual,Online,2,7079195.0,2.0,14158390.0,283167.8,13875222.2
5917,2024-10-15,Jonathan Cain,Individual,BMW 3 Series,Delhi,Silver,Hybrid,Automatic,Corporate,3,5149190.0,7.0,15447570.0,1081329.9,14366240.1
5918,2024-04-18,Carlos Marshall,Luxury,BMW i5,Bangalore,White,Hybrid,Manual,Dealer,1,9853787.0,10.0,9853787.0,985378.7,8868408.3
5919,2024-07-12,Kelly Farmer,Corporate,BMW X3,Ahmedabad,Grey,Hybrid,Manual,Corporate,2,7472345.0,10.0,14944690.0,1494469.0,13450221.0
5920,2026-07-27,Brian Morris,Corporate,BMW 7 Series,Ahmedabad,Silver,Petrol,Automatic,Online,3,15971799.0,2.0,47915397.0,958307.94,46957089.06
5921,2025-04-10,Barbara Richardson,Corporate,BMW i4,Pune,Blue,Electric,Manual,Corporate,1,7597478.0,2.0,7597478.0,151949.56,7445528.44
5922,2025-09-23,Michael Fowler,Corporate,BMW i4,Kochi,Silver,Hybrid,Automatic,Online,3,7957920.0,0.0,23873760.0,0.0,23873760.0
5923,2025-12-06,Ryan Kelley,Individual,BMW 3 Series,Delhi,Blue,Diesel,Automatic,Dealer,3,5823119.0,5.0,17469357.0,873467.85,16595889.15
5924,2025-02-03,Brian Love,Corporate,BMW i4,Mumbai,White,Hybrid,Automatic,Corporate,2,7217852.0,0.0,14435704.0,0.0,14435704.0
5925,2024-10-13,Christina Cross,Corporate,BMW 7 Series,Bangalore,Red,Electric,Manual,Corporate,3,15538791.0,12.0,46616373.0,5593964.76,41022408.24
5926,2025-10-05,Joseph Baker,Individual,BMW 7 Series,Delhi,Blue,Diesel,Manual,Online,2,14438440.0,5.0,28876880.0,1443844.0,27433036.0
5927,2024-10-24,William Bowman,Luxury,BMW i4,Delhi,Grey,Electric,Automatic,Online,3,8330966.0,5.0,24992898.0,1249644.9,23743253.1
5928,2025-08-08,Michael Cook,Individual,BMW X3,Hyderabad,Blue,Diesel,Automatic,Dealer,1,7065520.0,7.0,7065520.0,494586.4,6570933.6
5929,2024-03-05,Zachary Hansen,Luxury,BMW 7 Series,Hyderabad,Black,Hybrid,Manual,Online,2,14430236.0,0.0,28860472.0,0.0,28860472.0
5930,2026-02-10,Sue Moore,Luxury,BMW 3 Series,Ahmedabad,White,Petrol,Automatic,Online,2,4839596.0,5.0,9679192.0,483959.6,9195232.4
5931,2025-06-22,Katherine Russell,Corporate,BMW i5,Ahmedabad,Grey,Hybrid,Automatic,Dealer,1,9879489.0,10.0,9879489.0,987948.9,8891540.1
5932,2026-01-08,Danielle Lawrence,Corporate,BMW X5,Chennai,White,Petrol,Manual,Corporate,3,9730458.0,2.0,29191374.0,583827.48,28607546.52
5933,2024-02-15,Tracy Alexander,Luxury,BMW i7,Mumbai,Blue,Petrol,Manual,Online,1,17310226.0,0.0,17310226.0,0.0,17310226.0
5934,2025-07-30,Erik Johnson,Luxury,BMW 3 Series,Kolkata,Silver,Petrol,Manual,Corporate,3,6373985.0,7.0,19121955.0,1338536.85,17783418.15
5935,2025-12-10,Melissa Foster,Luxury,BMW X3,Delhi,White,Hybrid,Manual,Online,2,7903921.0,2.0,15807842.0,316156.84,15491685.16
5936,2026-08-05,Gina Carroll,Luxury,BMW 5 Series,Bangalore,Black,Diesel,Automatic,Corporate,3,8398916.0,0.0,25196748.0,0.0,25196748.0
5937,2023-11-20,Amanda Daniels,Individual,BMW X7,Ahmedabad,Blue,Petrol,Manual,Dealer,3,13694126.0,0.0,41082378.0,0.0,41082378.0
5938,2026-06-18,Cody Smith,Luxury,BMW 7 Series,Bangalore,Grey,Electric,Automatic,Online,1,17041517.0,12.0,17041517.0,2044982.04,14996534.96
5939,2023-10-04,Nicole Keller,Corporate,BMW i4,Kochi,Black,Electric,Manual,Dealer,3,7375039.0,7.0,22125117.0,1548758.19,20576358.81
5940,2026-03-18,David Pena,Corporate,BMW 5 Series,Delhi,White,Diesel,Automatic,Dealer,1,7923430.0,5.0,7923430.0,396171.5,7527258.5
5941,2024-04-19,Ernest Washington,Individual,BMW X3,Mumbai,Grey,Hybrid,Automatic,Dealer,3,6664982.0,0.0,19994946.0,0.0,19994946.0
5942,2025-10-19,Melanie Walter,Corporate,BMW i5,Ahmedabad,Blue,Diesel,Manual,Online,3,9532252.0,10.0,28596756.0,2859675.6,25737080.4
5943,2026-01-15,Ashley Hanson,Luxury,BMW 7 Series,Jaipur,Grey,Hybrid,Manual,Corporate,1,17334521.0,0.0,17334521.0,0.0,17334521.0
5944,2025-07-14,Jessica Larson,Individual,BMW i4,Mumbai,Black,Petrol,Automatic,Dealer,3,8054159.0,0.0,24162477.0,0.0,24162477.0
5945,2024-11-27,Kelly Curtis,Individual,BMW X5,Hyderabad,Red,Diesel,Manual,Dealer,1,11934939.0,2.0,11934939.0,238698.78,11696240.22
5946,2026-04-25,Taylor Esparza,Corporate,BMW X1,Ahmedabad,Blue,Electric,Automatic,Corporate,2,6035566.0,0.0,12071132.0,0.0,12071132.0
5947,2024-10-26,Rodney Mcgrath,Corporate,BMW X1,Hyderabad,Silver,Hybrid,Manual,Dealer,2,5553535.0,10.0,11107070.0,1110707.0,9996363.0
5948,2024-02-27,Tonya Pennington,Corporate,BMW X3,Bangalore,Black,Hybrid,Manual,Corporate,1,7995077.0,7.0,7995077.0,559655.39,7435421.61
5949,2026-06-07,Sharon Manning,Individual,BMW X3,Hyderabad,White,Hybrid,Automatic,Dealer,3,7479544.0,2.0,22438632.0,448772.64,21989859.36
5950,2026-07-25,Cindy Hernandez,Corporate,BMW X3,Kolkata,Red,Petrol,Manual,Corporate,3,6662318.0,7.0,19986954.0,1399086.78,18587867.22
5951,2024-07-14,Brian Anderson,Corporate,BMW X7,Bangalore,Grey,Electric,Manual,Dealer,1,12211630.0,10.0,12211630.0,1221163.0,10990467.0
5952,2026-06-29,Victoria Torres,Individual,BMW i7,Chennai,Grey,Hybrid,Automatic,Corporate,2,17177530.0,2.0,34355060.0,687101.2,33667958.8
5953,2024-03-05,William Gray,Corporate,BMW X7,Ahmedabad,Black,Diesel,Manual,Dealer,1,15878183.0,5.0,15878183.0,793909.15,15084273.85
5954,2023-10-26,James Collins,Corporate,BMW X1,Ahmedabad,Silver,Electric,Manual,Dealer,2,5391840.0,7.0,10783680.0,754857.6,10028822.4
5955,2026-02-28,Meagan Choi,Corporate,BMW X3,Jaipur,Red,Petrol,Manual,Online,1,7249268.0,0.0,7249268.0,0.0,7249268.0
5956,2025-08-27,Ashley Hughes,Individual,BMW X1,Hyderabad,Grey,Petrol,Automatic,Online,3,5390354.0,7.0,16171062.0,1131974.34,15039087.66
5957,2025-10-05,Jonathan Rosales,Individual,BMW i5,Pune,Red,Diesel,Manual,Corporate,1,9239187.0,5.0,9239187.0,461959.35,8777227.65
5958,2026-02-19,Ian Hamilton Jr.,Corporate,BMW 5 Series,Kolkata,White,Diesel,Automatic,Dealer,2,7751694.0,2.0,15503388.0,310067.76,15193320.24
5959,2026-02-20,Alexander Johnson,Individual,BMW i5,Delhi,Blue,Hybrid,Manual,Online,3,9148245.0,7.0,27444735.0,1921131.45,25523603.55
5960,2025-03-14,George Carter,Luxury,BMW X7,Pune,White,Electric,Manual,Corporate,2,14850600.0,2.0,29701200.0,594024.0,29107176.0
5961,2025-11-07,Lucas Chavez,Luxury,BMW X1,Kolkata,Red,Diesel,Automatic,Online,1,5907834.0,7.0,5907834.0,413548.38,5494285.62
5962,2024-01-02,Barbara Webb,Luxury,BMW 3 Series,Jaipur,Grey,Diesel,Manual,Dealer,3,4921574.0,2.0,14764722.0,295294.44,14469427.56
5963,2024-06-14,Maria Castaneda,Luxury,BMW X5,Kochi,Red,Hybrid,Manual,Corporate,2,10265490.0,7.0,20530980.0,1437168.6,19093811.4
5964,2024-09-15,Michael Jones,Corporate,BMW 3 Series,Jaipur,Red,Electric,Manual,Dealer,1,6480886.0,7.0,6480886.0,453662.02,6027223.98
5965,2025-10-16,Derek Walker,Luxury,BMW 3 Series,Chennai,Grey,Electric,Automatic,Dealer,1,4603728.0,2.0,4603728.0,92074.56,4511653.44
5966,2023-11-22,Ellen Mitchell,Individual,BMW X7,Chennai,Red,Diesel,Automatic,Dealer,2,13178236.0,0.0,26356472.0,0.0,26356472.0
5967,2026-07-04,Margaret Lawrence,Corporate,BMW i4,Bangalore,Black,Diesel,Manual,Online,1,7555461.0,12.0,7555461.0,906655.32,6648805.68
5968,2025-12-17,Gabriella Hicks,Luxury,BMW 7 Series,Ahmedabad,White,Diesel,Manual,Corporate,1,18770938.0,10.0,18770938.0,1877093.8,16893844.2
5969,2026-06-01,Jeff Knox,Corporate,BMW i5,Kochi,Blue,Diesel,Manual,Corporate,3,9583682.0,5.0,28751046.0,1437552.3,27313493.7
5970,2023-12-03,David Wilson,Individual,BMW 7 Series,Kochi,White,Hybrid,Automatic,Online,3,16066766.0,12.0,48200298.0,5784035.76,42416262.24
5971,2024-03-20,Melanie Maxwell,Luxury,BMW 3 Series,Ahmedabad,Red,Electric,Automatic,Corporate,3,4864613.0,0.0,14593839.0,0.0,14593839.0
5972,2026-08-05,Ralph Wang,Corporate,BMW X7,Bangalore,Red,Petrol,Automatic,Dealer,3,14788345.0,0.0,44365035.0,0.0,44365035.0
5973,2024-08-30,Alyssa Ramirez,Corporate,BMW i7,Mumbai,White,Hybrid,Automatic,Online,2,14969406.0,12.0,29938812.0,3592657.44,26346154.56
5974,2023-10-15,Tyrone Hines,Corporate,BMW X5,Hyderabad,Red,Electric,Automatic,Online,2,10278791.0,5.0,20557582.0,1027879.1,19529702.9
5975,2025-10-16,Veronica Foster,Individual,BMW X1,Hyderabad,Silver,Hybrid,Automatic,Dealer,3,6445996.0,12.0,19337988.0,2320558.56,17017429.44
5976,2023-10-12,Emily Mays,Corporate,BMW 5 Series,Pune,Blue,Petrol,Automatic,Corporate,1,7230452.0,2.0,7230452.0,144609.04,7085842.96
5977,2026-04-12,Tyrone Carpenter,Individual,BMW i7,Mumbai,Grey,Electric,Manual,Dealer,1,17260297.0,10.0,17260297.0,1726029.7,15534267.3
5978,2025-08-01,Jeffrey Friedman,Individual,BMW X7,Pune,Grey,Petrol,Manual,Online,3,15417573.0,0.0,46252719.0,0.0,46252719.0
5979,2025-04-08,Peter Spencer MD,Luxury,BMW i7,Pune,White,Hybrid,Manual,Dealer,1,17685728.0,2.0,17685728.0,353714.56,17332013.44
5980,2024-05-07,Paul Fischer,Luxury,BMW X5,Ahmedabad,Red,Hybrid,Manual,Online,1,10857726.0,12.0,10857726.0,1302927.12,9554798.88
5981,2025-07-31,Anna Baker,Luxury,BMW i4,Bangalore,Black,Diesel,Automatic,Dealer,1,8426477.0,10.0,8426477.0,842647.7,7583829.3
5982,2026-05-09,Brandy Carpenter,Corporate,BMW i4,Hyderabad,Black,Petrol,Manual,Online,3,7405397.0,10.0,22216191.0,2221619.1,19994571.9
5983,2025-05-16,Jonathan Smith,Corporate,BMW X5,Chennai,Red,Electric,Automatic,Online,1,11222977.0,7.0,11222977.0,785608.39,10437368.61
5984,2025-10-21,Brandy Schwartz,Corporate,BMW X7,Pune,Red,Petrol,Manual,Corporate,3,13489793.0,10.0,40469379.0,4046937.9,36422441.1
5985,2026-03-04,Dawn Brown,Corporate,BMW i4,Kolkata,White,Diesel,Manual,Online,3,7128853.0,2.0,21386559.0,427731.18,20958827.82
5986,2024-03-24,Susan Woods,Corporate,BMW i7,Kochi,Black,Electric,Automatic,Corporate,2,17325962.0,12.0,34651924.0,4158230.88,30493693.12
5987,2025-12-26,Rebecca Callahan,Corporate,BMW 3 Series,Delhi,White,Electric,Automatic,Dealer,3,4913353.0,5.0,14740059.0,737002.95,14003056.05
5988,2026-05-19,Stacy Hood,Individual,BMW X7,Mumbai,Grey,Electric,Manual,Dealer,2,12501810.0,7.0,25003620.0,1750253.4,23253366.6
5989,2024-01-25,Jeffery Reyes,Individual,BMW 7 Series,Bangalore,White,Petrol,Manual,Corporate,3,15559692.0,5.0,46679076.0,2333953.8,44345122.2
5990,2026-04-02,Gavin Lowe,Corporate,BMW 5 Series,Kochi,Grey,Diesel,Automatic,Online,1,6559256.0,5.0,6559256.0,327962.8,6231293.2
5991,2024-05-25,Michelle Smith,Individual,BMW 5 Series,Chennai,Blue,Diesel,Manual,Corporate,1,7887550.0,10.0,7887550.0,788755.0,7098795.0
5992,2024-04-19,Hayden Barker,Individual,BMW X1,Mumbai,Black,Electric,Manual,Corporate,2,5352933.0,0.0,10705866.0,0.0,10705866.0
5993,2026-05-11,April Freeman,Individual,BMW X5,Bangalore,Grey,Diesel,Manual,Dealer,2,10412628.0,12.0,20825256.0,2499030.72,18326225.28
5994,2024-08-12,Anthony Robinson,Individual,BMW i4,Bangalore,Black,Hybrid,Automatic,Online,3,8269711.0,12.0,24809133.0,2977095.96,21832037.04
5995,2026-07-12,Heather Gonzalez,Individual,BMW X3,Ahmedabad,Blue,Electric,Automatic,Corporate,1,7817469.0,12.0,7817469.0,938096.28,6879372.72
5996,2024-03-20,Nicholas Lee,Luxury,BMW i5,Hyderabad,Grey,Hybrid,Automatic,Corporate,2,9678736.0,0.0,19357472.0,0.0,19357472.0
5997,2025-08-16,Dr. Bruce Russell MD,Luxury,BMW 7 Series,Chennai,Red,Electric,Manual,Corporate,3,17339167.0,2.0,52017501.0,1040350.02,50977150.98
5998,2024-08-21,Nicole Marquez,Luxury,BMW 3 Series,Hyderabad,Blue,Hybrid,Automatic,Corporate,3,6448776.0,5.0,19346328.0,967316.4,18379011.6
5999,2025-07-02,Matthew Murray,Luxury,BMW X7,Kochi,Silver,Petrol,Manual,Dealer,1,14880191.0,10.0,14880191.0,1488019.1,13392171.9
6000,2025-01-13,Jacob Baker,Corporate,BMW X5,Delhi,Blue,Diesel,Manual,Dealer,1,10319877.0,5.0,10319877.0,515993.85,9803883.15
